                      :-) GROMACS - gmx mdrun, 2026.0 (-:

Copyright 1991-2026 The GROMACS Authors.
GROMACS is free software; you can redistribute it and/or modify it
under the terms of the GNU Lesser General Public License
as published by the Free Software Foundation; either version 2.1
of the License, or (at your option) any later version.

                         Current GROMACS contributors:
       Mark Abraham           Andrey Alekseenko           Brian Andrews       
        Paul Bauer              Cathrine Bergh              Hugh Bird         
      Eliane Briand               Ania Brown                Yiqi Chen         
      Mahesh Doijade            Giacomo Fiorin          Stefan Fleischmann    
      Sergey Gorelov         Gilles Gouaillardet            Alan Gray         
   Farzaneh Jalalypour         Petter Johansson          Carsten Kutzner      
    Grzegorz Łazarski         Justin A. Lemkul          Magnus Lundborg      
        Julio Maia               Pascal Merz             Vedran Miletić      
      Dmitry Morozov           Lukas Müllender           Szilárd Páll      
 Andrea Pasquadibisceglie     Michele Pellegrino         Nicola Piasentin     
     Daniele Rapetti         Muhammad Umair Sadiq         Hubert Santuz       
      Michael Shirts           Tatiana Shugaeva          Alexey Shvetsov      
     Bálint Soproni            Philip Turner            Alessandra Villa     
        Yang Zhang        

                         Previous GROMACS contributors:
        Emile Apol             Rossen Apostolov           James Barnett       
      Vladimir Basov        Herman J.C. Berendsen          Par Bjelkmar       
      Christian Blau          Viacheslav Bolnykh            Kevin Boyd        
    Aldert van Buuren          Carlo Camilloni           Rudi van Drunen      
      Anton Feenstra           Oliver Fleetwood            Vytas Gapsys       
       Gaurav Garg             Gerrit Groenhof            Bert de Groot       
      Anca Hamuraru           Vincent Hindriksen          Victor Holanda      
     M. Eric Irrgang           Aleksei Iupinov              Joe Jordan        
    Christoph Junghans        Prashanth Kanduri        Dimitrios Karkoulis    
       Peter Kasson             Sebastian Kehl           Sebastian Keller     
        Jiri Kraus               Per Larsson              Viveca Lindahl      
      Erik Marklund           Pieter Meulenhoff           Teemu Murtola       
       Julien Nabet              Sander Pronk             Roland Schulz       
      Alfons Sijbers         David van der Spoel          Peter Tieleman      
      Carsten Uphoff             Jon Vincent             Teemu Virolainen     
    Christian Wennberg     Sebastian Wingbermühle         Maarten Wolf       
      Artem Zhmurov       

                  Coordinated by the GROMACS project leaders:
                           Berk Hess and Erik Lindahl

GROMACS:      gmx mdrun, version 2026.0
Executable:   /mnt/zeta/dcondon/gromacs-2026.0/build/bin/gmx
Data prefix:  /mnt/zeta/dcondon/gromacs-2026.0 (source tree)
Working dir:  /mnt/zeta/dcondon/ui/pipelinePepPriML/0/3iqq
Process ID:   468468
Command line:
  gmx mdrun -nt 16 -notunepme -v -stepout 50000 -s 3md.tpr -deffnm 3md_out03

GROMACS version:     2026.0
Precision:           mixed
Memory model:        64 bit
MPI library:         thread_mpi
MPI version:         built in
OpenMP support:      enabled (GMX_OPENMP_MAX_THREADS = 128)
GPU support:         CUDA
NBNxM GPU setup:     super-cluster 2x2x2 / cluster 8 (cluster-pair splitting on)
SIMD instructions:   AVX2_256
CPU FFT library:     fftw-3.3.10-sse2-avx-avx2-avx2_128
GPU FFT library:     cuFFT
Multi-GPU FFT:       none
RDTSCP:              enabled
TNG support:         enabled
Hwloc support:       disabled
Tracing support:     disabled
Colvars support:     enabled (version 2025-10-13)
CP2K support:        disabled
Torch support:       disabled
Plumed support:      enabled
C compiler:          /opt/modules/devel/gcc/12.1.0/bin/gcc GNU 12.1.0
C compiler flags:    -fexcess-precision=fast -funroll-all-loops -mavx2 -mfma -Wno-missing-field-initializers -O3 -DNDEBUG
C++ compiler:        /opt/modules/devel/gcc/12.1.0/bin/g++ GNU 12.1.0
C++ compiler flags:  -fexcess-precision=fast -funroll-all-loops -mavx2 -mfma -Wno-missing-field-initializers -Wno-stringop-truncation -Wno-cast-function-type-strict SHELL:-fopenmp -O3 -DNDEBUG
BLAS library:        External - detected on the system
LAPACK library:      External - detected on the system
CUDA compiler:       /usr/local/cuda-12.2/bin/nvcc (NVIDIA 12.2.140)
CUDA compiler flags:  -D_FORCE_INLINES -O3 -DNDEBUG -use_fast_math -Xptxas=-warn-double-usage -Xptxas=-Werror -diag-suppress=177 -O3 -DNDEBUG
CUDA targets:        50;52-real;60-real;61-real;70-real;75-real;80-real;86-real;89-real;90
CUDA driver:         12.70
CUDA runtime:        12.20
NVSHMEM:             disabled


Running on 1 node with total 64 cores, 128 processing units, 1 compatible GPU
Hardware detected on host n123.fortytwo.ibest.uidaho.edu:
  CPU info:
    Vendor: AMD
    Brand:  AMD EPYC 7542 32-Core Processor                
    Family: 23   Model: 49   Stepping: 0
    Features: aes amd apic avx avx2 clfsh cmov cx8 cx16 f16c fma htt lahf misalignsse mmx msr nonstop_tsc pclmuldq pdpe1gb popcnt pse rdrnd rdtscp sha sse2 sse3 sse4a sse4.1 sse4.2 ssse3
  Hardware topology: Basic
    Packages, cores, and logical processors:
    [indices refer to OS logical processors]
      Package  0: [   0  64] [   1  65] [   2  66] [   3  67] [   4  68] [   5  69] [   6  70] [   7  71] [   8  72] [   9  73] [  10  74] [  11  75] [  12  76] [  13  77] [  14  78] [  15  79] [  16  80] [  17  81] [  18  82] [  19  83] [  20  84] [  21  85] [  22  86] [  23  87] [  24  88] [  25  89] [  26  90] [  27  91] [  28  92] [  29  93] [  30  94] [  31  95] [  32  96] [  33  97] [  34  98] [  35  99] [  36 100] [  37 101] [  38 102] [  39 103] [  40 104] [  41 105] [  42 106] [  43 107] [  44 108] [  45 109] [  46 110] [  47 111] [  48 112] [  49 113] [  50 114] [  51 115] [  52 116] [  53 117] [  54 118] [  55 119] [  56 120] [  57 121] [  58 122] [  59 123] [  60 124] [  61 125] [  62 126] [  63 127]
    CPU limit set by OS: -1   Recommended max number of threads: 128
  GPU info:
    Number of GPUs detected: 1
    #0: NVIDIA NVIDIA A100-SXM4-40GB, compute cap.: 8.0, ECC: yes, stat: compatible


++++ PLEASE READ AND CITE THE FOLLOWING REFERENCE ++++
M. J. Abraham, T. Murtola, R. Schulz, S. Páll, J. C. Smith, B. Hess, E.
Lindahl
GROMACS: High performance molecular simulations through multi-level
parallelism from laptops to supercomputers
SoftwareX (2015)
https://doi.org/10.1016/j.softx.2015.06.001
-------- -------- --- Thank You --- -------- --------


++++ PLEASE READ AND CITE THE FOLLOWING REFERENCE ++++
S. Páll, M. J. Abraham, C. Kutzner, B. Hess, E. Lindahl
Tackling Exascale Software Challenges in Molecular Dynamics Simulations with
GROMACS
In S. Markidis & E. Laure (Eds.), Solving Software Challenges for Exascale (2015)
https://doi.org/10.1007/978-3-319-15976-8_1
-------- -------- --- Thank You --- -------- --------


++++ PLEASE READ AND CITE THE FOLLOWING REFERENCE ++++
S. Pronk, S. Páll, R. Schulz, P. Larsson, P. Bjelkmar, R. Apostolov, M. R.
Shirts, J. C. Smith, P. M. Kasson, D. van der Spoel, B. Hess, E. Lindahl
GROMACS 4.5: a high-throughput and highly parallel open source molecular
simulation toolkit
Bioinformatics (2013)
https://doi.org/10.1093/bioinformatics/btt055
-------- -------- --- Thank You --- -------- --------


++++ PLEASE READ AND CITE THE FOLLOWING REFERENCE ++++
B. Hess, C. Kutzner, D. van der Spoel, E. Lindahl
GROMACS 4: Algorithms for highly efficient, load-balanced, and scalable
molecular simulation
J. Chem. Theory Comput. (2008)
https://doi.org/10.1021/ct700301q
-------- -------- --- Thank You --- -------- --------


++++ PLEASE READ AND CITE THE FOLLOWING REFERENCE ++++
D. van der Spoel, E. Lindahl, B. Hess, G. Groenhof, A. E. Mark, H. J. C.
Berendsen
GROMACS: Fast, Flexible and Free
J. Comp. Chem. (2005)
https://doi.org/10.1002/jcc.20291
-------- -------- --- Thank You --- -------- --------


++++ PLEASE READ AND CITE THE FOLLOWING REFERENCE ++++
E. Lindahl, B. Hess, D. van der Spoel
GROMACS 3.0: A package for molecular simulation and trajectory analysis
J. Mol. Mod. (2001)
https://doi.org/10.1007/s008940100045
-------- -------- --- Thank You --- -------- --------


++++ PLEASE READ AND CITE THE FOLLOWING REFERENCE ++++
H. J. C. Berendsen, D. van der Spoel and R. van Drunen
GROMACS: A message-passing parallel molecular dynamics implementation
Comp. Phys. Comm. (1995)
https://doi.org/10.1016/0010-4655(95)00042-E
-------- -------- --- Thank You --- -------- --------


++++ PLEASE CITE THE DOI FOR THIS VERSION OF GROMACS ++++
https://doi.org/10.5281/zenodo.18299929
-------- -------- --- Thank You --- -------- --------

Input Parameters:
   integrator                     = md
   tinit                          = 0
   dt                             = 0.002
   nsteps                         = 500000000
   init-step                      = 0
   simulation-part                = 1
   mts                            = false
   mass-repartition-factor        = 1
   comm-mode                      = Linear
   nstcomm                        = 100
   bd-fric                        = 0
   ld-seed                        = -1511134482
   emtol                          = 10
   emstep                         = 0.01
   niter                          = 20
   fcstep                         = 0
   nstcgsteep                     = 1000
   nbfgscorr                      = 10
   rtpi                           = 0.05
   nstxout                        = 0
   nstvout                        = 0
   nstfout                        = 0
   nstlog                         = 500
   nstcalcenergy                  = 100
   nstenergy                      = 500
   nstxout-compressed             = 500
   compressed-x-precision         = 1000
   cutoff-scheme                  = Verlet
   nstlist                        = 40
   pbc                            = xyz
   periodic-molecules             = false
   verlet-buffer-tolerance        = 0.005
   verlet-buffer-pressure-tolerance = 0.5
   rlist                          = 1.281
   coulombtype                    = PME
   coulomb-modifier               = Potential-shift
   rcoulomb-switch                = 0
   rcoulomb                       = 1.2
   epsilon-r                      = 1
   epsilon-rf                     = inf
   vdw-type                       = Cut-off
   vdw-modifier                   = Potential-shift
   rvdw-switch                    = 0
   rvdw                           = 1.2
   DispCorr                       = EnerPres
   table-extension                = 1
   fourierspacing                 = 0.12
   fourier-nx                     = 80
   fourier-ny                     = 80
   fourier-nz                     = 80
   pme-order                      = 4
   ewald-rtol                     = 1e-05
   ewald-rtol-lj                  = 0.001
   lj-pme-comb-rule               = Geometric
   ewald-geometry                 = 3d
   epsilon-surface                = 0
   ensemble-temperature-setting   = constant
   ensemble-temperature           = 300
   tcoupl                         = V-rescale
   nsttcouple                     = 100
   nh-chain-length                = 0
   print-nose-hoover-chain-variables = false
   pcoupl                         = C-rescale
   pcoupltype                     = Isotropic
   nstpcouple                     = 100
   tau-p                          = 5
   compressibility (3x3):
      compressibility[    0]={ 4.50000e-05,  0.00000e+00,  0.00000e+00}
      compressibility[    1]={ 0.00000e+00,  4.50000e-05,  0.00000e+00}
      compressibility[    2]={ 0.00000e+00,  0.00000e+00,  4.50000e-05}
   ref-p (3x3):
      ref-p[    0]={ 1.01325e+00,  0.00000e+00,  0.00000e+00}
      ref-p[    1]={ 0.00000e+00,  1.01325e+00,  0.00000e+00}
      ref-p[    2]={ 0.00000e+00,  0.00000e+00,  1.01325e+00}
   refcoord-scaling               = No
   posres-com: not available
   posres-comB: not available
   QMMM                           = false
qm-opts:
   ngQM                           = 0
   constraint-algorithm           = Lincs
   continuation                   = false
   Shake-SOR                      = false
   shake-tol                      = 0.0001
   lincs-order                    = 4
   lincs-iter                     = 1
   lincs-warnangle                = 30
   nwall                          = 0
   wall-type                      = 9-3
   wall-r-linpot                  = -1
   wall-atomtype[0]               = -1
   wall-atomtype[1]               = -1
   wall-density[0]                = 0
   wall-density[1]                = 0
   wall-ewald-zfac                = 3
   pull                           = false
   awh                            = false
   rotation                       = false
   interactiveMD                  = false
   disre                          = No
   disre-weighting                = Conservative
   disre-mixed                    = false
   dr-fc                          = 1000
   dr-tau                         = 0
   nstdisreout                    = 100
   orire-fc                       = 0
   orire-tau                      = 0
   nstorireout                    = 100
   free-energy                    = no
   cos-acceleration               = 0
   deform (3x3):
      deform[    0]={ 0.00000e+00,  0.00000e+00,  0.00000e+00}
      deform[    1]={ 0.00000e+00,  0.00000e+00,  0.00000e+00}
      deform[    2]={ 0.00000e+00,  0.00000e+00,  0.00000e+00}
   simulated-tempering            = false
   swapcoords                     = no
   userint1                       = 0
   userint2                       = 0
   userint3                       = 0
   userint4                       = 0
   userreal1                      = 0
   userreal2                      = 0
   userreal3                      = 0
   userreal4                      = 0
   applied-forces:
     electric-field:
       x:
         E0                       = 0
         omega                    = 0
         t0                       = 0
         sigma                    = 0
       y:
         E0                       = 0
         omega                    = 0
         t0                       = 0
         sigma                    = 0
       z:
         E0                       = 0
         omega                    = 0
         t0                       = 0
         sigma                    = 0
     density-guided-simulation:
       active                     = false
       group                      = protein
       similarity-measure         = inner-product
       atom-spreading-weight      = unity
       force-constant             = 1e+09
       gaussian-transform-spreading-width = 0.2
       gaussian-transform-spreading-range-in-multiples-of-width = 4
       reference-density-filename = reference.mrc
       nst                        = 1
       normalize-densities        = true
       adaptive-force-scaling     = false
       adaptive-force-scaling-time-constant = 4
       shift-vector               = 
       transformation-matrix      = 
     qmmm-cp2k:
       active                     = false
       qmgroup                    = System
       qmmethod                   = PBE
       qmfilenames                = 
       qmcharge                   = 0
       qmmultiplicity             = 1
     colvars:
       active                     = true
       configfile                 = config.colvars_metad
       seed                       = -1
     nnpot:
       active                     = false
       modelfile                  = model.pt
       input-group                = System
       link-type                  = H
       link-distance              = 0.1
       pair-cutoff                = 0
       embedding                  = mechanical
       nnp-charge                 = 0
       model-input1               = 
       model-input2               = 
       model-input3               = 
       model-input4               = 
       model-input5               = 
       model-input6               = 
       model-input7               = 
       model-input8               = 
       model-input9               = 
   fast-multipole-method:
     fmm:
       backend                    = inactive
       exafmm-order               = 6
       exafmm-direct-range        = 2
       exafmm-direct-provider     = GROMACS
       exafmm-tree-type           = uniform
       exafmm-tree-depth          = 0
       exafmm-max-particles-per-cell = 0
       fmsolvr-order              = 8
       fmsolvr-direct-range       = 1
       fmsolvr-direct-provider    = FMM
       fmsolvr-dipole-compensation = true
       fmsolvr-tree-depth         = 3
       fmsolvr-sparse             = false
grpopts:
   nrdf:     4076.89      107625
   ref-t:         300         300
   tau-t:           1           1
annealing:          No          No
annealing-npoints:           0           0
   acc:	           0           0           0
   nfreeze:           N           N           N
   energygrp-flags[  0]: 0

Changing nstlist from 40 to 100, rlist from 1.281 to 1.347

When checking whether update groups are usable:
  Domain decomposition is not active, so there is no need for update groups

Local state does not use filler particles

1 GPU selected for this run.
Mapping of GPU IDs to the 2 GPU tasks in the 1 rank on this node:
  PP:0,PME:0
PP tasks will do non-perturbed short-ranged interactions on the GPU
PP task will update and constrain coordinates on the GPU
PME tasks will do all aspects on the GPU
Using 1 MPI thread
Using 16 OpenMP threads 

colvars: ----------------------------------------------------------------------
colvars: Initializing the collective variables module, version 2025-10-13.
colvars: Please cite Fiorin et al, Mol Phys 2013:
colvars:   https://doi.org/10.1080/00268976.2013.813594
colvars: as well as all other papers listed below for individual features used.
colvars: Summary of compile-time features available in this build:
colvars:   - C++ language version: 201703
colvars:   - Multiple replicas: not available
colvars:   - Lepton custom functions: not available
colvars:   - Tcl interpreter: not available
colvars: ----------------------------------------------------------------------
colvars: Start colvars Initialization.
colvars: ----------------------------------------------------------------------
colvars: Reading new configuration:
colvars: # units = "" [default]
colvars: # indexFile = "cpx.ndx"
colvars: The following index groups are currently defined:
colvars:   System (55386 atoms)
colvars:   Protein (1627 atoms)
colvars:   Receptor (1410 atoms)
colvars:   Ligand (217 atoms)
colvars:   Ligand_CA (12 atoms)
colvars:   BindingSite (284 atoms)
colvars:   BindingSite_CA (18 atoms)
colvars:   Receptor-BindingSite (969 atoms)
colvars:   BindingAxisAnchor (24 atoms)
colvars:   Receptor_CA (89 atoms)
colvars: # smp = "cvcs" [default]
colvars: SMP parallelism will be applied to Colvars components.
colvars:   - SMP parallelism: enabled (num. threads = 16)
colvars: # colvarsTrajFrequency = 100
colvars: # colvarsRestartFrequency = 0 [default]
colvars: # scriptedColvarForces = off [default]
colvars: # scriptingAfterBiases = off [default]
colvars: # defaultInputStateFile = "" [default]
colvars: ----------------------------------------------------------------------
colvars:   Initializing a new collective variable.
colvars:   # name = "coordNum"
colvars:     Initializing a new "coordNum" component.
colvars:     # name = "" [default]
colvars:     # componentCoeff = 1 [default]
colvars:     # componentExp = 1 [default]
colvars:     # period = 0 [default]
colvars:     # wrapAround = 0 [default]
colvars:     # forceNoPBC = off [default]
colvars:     # scalable = on [default]
colvars:       Initializing atom group "group1".
colvars:       # name = "" [default]
colvars:       # centerToOrigin = off [default]
colvars:       # centerToReference = off [default]
colvars:       # rotateToReference = off [default]
colvars:       # atomsOfGroup = "" [default]
colvars:       # indexGroup = "Ligand"
colvars:       # psfSegID =  [default]
colvars:       # atomsFile = "" [default]
colvars:       # dummyAtom = ( 0 , 0 , 0 ) [default]
colvars:       # enableFitGradients = on [default]
colvars:       # printAtomIDs = off [default]
colvars:       Atom group "group1" defined with 217 atoms requested: total mass = 1476.75, total charge = 2.
colvars:       Initializing atom group "group2".
colvars:       # name = "" [default]
colvars:       # centerToOrigin = off [default]
colvars:       # centerToReference = off [default]
colvars:       # rotateToReference = off [default]
colvars:       # atomsOfGroup = "" [default]
colvars:       # indexGroup = "Receptor_CA"
colvars:       # psfSegID =  [default]
colvars:       # atomsFile = "" [default]
colvars:       # dummyAtom = ( 0 , 0 , 0 ) [default]
colvars:       # enableFitGradients = on [default]
colvars:       # printAtomIDs = off [default]
colvars:       Atom group "group2" defined with 89 atoms requested: total mass = 1068.89, total charge = -3.2182.
colvars:     # cutoff = 0.45
colvars:     # cutoff3 = ( 0.4 , 0.4 , 0.4 ) [default]
colvars:     # expNumer = 6 [default]
colvars:     # expDenom = 12 [default]
colvars:     # group2CenterOnly = off [default]
colvars:     # tolerance = 0 [default]
colvars:   All components initialized.
colvars:   # timeStepFactor = 1 [default]
colvars:   # width = 8.8456
colvars:   # lowerBoundary = 0
colvars:   # upperBoundary = 209.773
colvars:   # hardLowerBoundary = on [default]
colvars:   # hardUpperBoundary = off [default]
colvars:   # expandBoundaries = off [default]
colvars:   # extendedLagrangian = off [default]
colvars:   # outputValue = on [default]
colvars:   # outputVelocity = off [default]
colvars:   # outputTotalForce = off [default]
colvars:   # outputAppliedForce = off [default]
colvars:   # subtractAppliedForce = off [default]
colvars:   # runAve = off [default]
colvars:   # corrFunc = off [default]
colvars: ----------------------------------------------------------------------
colvars:   Initializing a new collective variable.
colvars:   # name = "CoM_r"
colvars:     Initializing a new "distance" component.
colvars:     # name = "" [default]
colvars:     # componentCoeff = 1 [default]
colvars:     # componentExp = 1 [default]
colvars:     # period = 0 [default]
colvars:     # wrapAround = 0 [default]
colvars:     # forceNoPBC = off [default]
colvars:     # scalable = on [default]
colvars:       Initializing atom group "group1".
colvars:       # name = "" [default]
colvars:       # centerToOrigin = off [default]
colvars:       # centerToReference = off [default]
colvars:       # rotateToReference = off [default]
colvars:       # atomsOfGroup = "" [default]
colvars:       # indexGroup = "Ligand"
colvars:       # psfSegID =  [default]
colvars:       # atomsFile = "" [default]
colvars:       # dummyAtom = ( 0 , 0 , 0 ) [default]
colvars:       # enableFitGradients = on [default]
colvars:       # printAtomIDs = off [default]
colvars:       Atom group "group1" defined with 217 atoms requested: total mass = 1476.75, total charge = 2.
colvars:       Initializing atom group "group2".
colvars:       # name = "" [default]
colvars:       # centerToOrigin = off [default]
colvars:       # centerToReference = off [default]
colvars:       # rotateToReference = off [default]
colvars:       # atomsOfGroup = "" [default]
colvars:       # indexGroup = "BindingSite"
colvars:       # psfSegID =  [default]
colvars:       # atomsFile = "" [default]
colvars:       # dummyAtom = ( 0 , 0 , 0 ) [default]
colvars:       # enableFitGradients = on [default]
colvars:       # printAtomIDs = off [default]
colvars:       Atom group "group2" defined with 284 atoms requested: total mass = 2070.42, total charge = -1.6467.
colvars:     # oneSiteSystemForce = off [default]
colvars:     # oneSiteTotalForce = off [default]
colvars:   All components initialized.
colvars:   # timeStepFactor = 1 [default]
colvars:   # width = 1 [default]
colvars:   # lowerBoundary = 0 [default]
colvars:   # upperBoundary = 1 [default]
colvars:   # hardLowerBoundary = on [default]
colvars:   # hardUpperBoundary = off [default]
colvars:   # expandBoundaries = off [default]
colvars:   # extendedLagrangian = off [default]
colvars:   # outputValue = on [default]
colvars:   # outputVelocity = off [default]
colvars:   # outputTotalForce = off [default]
colvars:   # outputAppliedForce = off [default]
colvars:   # subtractAppliedForce = off [default]
colvars:   # runAve = off [default]
colvars:   # corrFunc = off [default]
colvars: ----------------------------------------------------------------------
colvars: Collective variables initialized, 2 in total.
colvars: ----------------------------------------------------------------------
colvars:   # targetLowerWalls =  [default]
colvars:   # targetUpperWalls =  [default]
colvars:   Initializing a new "harmonicwalls" instance.
colvars:   # name = "wall_r"
colvars:   # colvars = { coordNum }
colvars:   # stepZeroData = off [default]
colvars:   # timeStepFactor = 1 [default]
colvars:   # outputEnergy = on
colvars:   # outputFreq = 0 [default]
colvars:   # writeTISamples = off [default]
colvars:   # writeTIPMF = off [default]
colvars:   # forceConstant = 100
colvars:   # decoupling = off [default]
colvars:   # targetForceConstant = -1 [default]
colvars:   # lowerWalls = { 0.44228 }
colvars:   # upperWalls = { 167.818 }
colvars:   # lowerWallConstant = 100 [default]
colvars:   # upperWallConstant = 100 [default]
colvars:   # targetLowerWalls = { 0 } [default]
colvars:   Target lower walls were not provided.
colvars:   # targetUpperWalls = { 0 } [default]
colvars:   Target upper walls were not provided.
colvars:   The lower wall force constant for colvar "coordNum" will be rescaled to 1.27804 according to the specified width (8.8456).
colvars:   The upper wall force constant for colvar "coordNum" will be rescaled to 1.27804 according to the specified width (8.8456).
colvars: ----------------------------------------------------------------------
colvars:   Initializing a new "metadynamics" instance.
colvars:   # name = "metad_r"
colvars:   # colvars = { coordNum }
colvars:   # stepZeroData = off [default]
colvars:   # timeStepFactor = 1 [default]
colvars:   # outputEnergy = on
colvars:   # outputFreq = 0 [default]
colvars:   # writeTISamples = off
colvars:   # writeTIPMF = off
colvars:   # hillWeight = 0.05
colvars:   # newHillFrequency = 100
colvars:   # gaussianSigmas =  [default]
colvars:   # hillWidth = 2
colvars:   Half-widths of the Gaussian hills (sigma's):
colvars:   coordNum: 8.8456
colvars:   # multipleReplicas = off [default]
colvars:   # useGrids = on [default]
colvars:   # gridsUpdateFrequency = 100 [default]
colvars:   # rebinGrids = off [default]
colvars:   # writeFreeEnergyFile = on
colvars:   # keepHills = off [default]
colvars:   # keepFreeEnergyFiles = off [default]
colvars:   Warning: grid interval( 0.00000000000000e+00 -  2.09773113247084e+02) is not commensurate to its bin width( 8.84560027570619e+00).
colvars:   # writeHillsTrajectory = on
colvars:   # wellTempered = off [default]
colvars:   # biasTemperature = -1 [default]
colvars:   # ebMeta = off [default]
colvars: ----------------------------------------------------------------------
colvars: Collective variables biases initialized, 2 in total.
colvars: ----------------------------------------------------------------------
colvars: Collective variables module (re)initialized.
colvars: ----------------------------------------------------------------------
colvars: Current simulation parameters: initial step = 0, integration timestep = 1
colvars: Updating atomic parameters (masses, charges, etc).
colvars: Re-initialized atom group for variable "coordNum":0/0. 217 atoms: total mass = 1476.75, total charge = 2.
colvars: Re-initialized atom group for variable "coordNum":0/1. 89 atoms: total mass = 1068.89, total charge = -3.2182.
colvars: Re-initialized atom group for variable "CoM_r":0/0. 217 atoms: total mass = 1476.75, total charge = 2.
colvars: Re-initialized atom group for variable "CoM_r":0/1. 284 atoms: total mass = 2070.42, total charge = -1.6467.
colvars: 
colvars: SUMMARY OF COLVARS FEATURES USED SO FAR AND THEIR CITATIONS:
colvars: 
colvars: - GROMACS engine:
colvars:   Abraham2015 https://doi.org/10.1016/j.softx.2015.06.001
colvars: 
colvars: - Colvars module:
colvars: - Metadynamics colvar bias implementation:
colvars: - Optimal rotation via flexible fitting:
colvars: - coordNum colvar component:
colvars: - distance colvar component:
colvars: - harmonicWalls colvar bias implementation:
colvars:   Fiorin2013 https://doi.org/10.1080/00268976.2013.813594
colvars: 
colvars: - Colvars-GROMACS interface:
colvars:   Fiorin2024 https://doi.org/10.1021/acs.jpcb.4c05604
colvars: 
colvars: The final output state file will be "3md_out03.colvars.state".
colvars: ----------------------------------------------------------------------
colvars: End colvars Initialization.
colvars: 
System total charge: 0.000
Will do PME sum in reciprocal space for electrostatic interactions.

++++ PLEASE READ AND CITE THE FOLLOWING REFERENCE ++++
U. Essmann, L. Perera, M. L. Berkowitz, T. Darden, H. Lee, L. G. Pedersen 
A smooth particle mesh Ewald method
J. Chem. Phys. (1995)
https://doi.org/10.1063/1.470117
-------- -------- --- Thank You --- -------- --------

Using a Gaussian width (1/beta) of 0.384195 nm for Ewald
Potential shift: LJ r^-12: -1.122e-01 r^-6: -3.349e-01, Ewald -8.333e-06
Initialized non-bonded Coulomb Ewald tables, spacing: 1.02e-03 size: 1176

Generated table with 1173 data points for 1-4 COUL.
Tabscale = 500 points/nm
Generated table with 1173 data points for 1-4 LJ6.
Tabscale = 500 points/nm
Generated table with 1173 data points for 1-4 LJ12.
Tabscale = 500 points/nm
Long Range LJ corr.: <C6> 2.9288e-04


Using GPU 8x4 nonbonded short-range kernels

NBNxM GPU setup: super-cluster 2x2x2

Using a dual 8x4 pair-list setup updated with dynamic, rolling pruning:
  outer list: updated every 100 steps, buffer 0.147 nm, rlist 1.347 nm
  inner list: updated every  12 steps, buffer 0.004 nm, rlist 1.204 nm
At tolerance 0.005 kJ/mol/ps per atom, equivalent classical 1x1 list would be:
  outer list: updated every 100 steps, buffer 0.300 nm, rlist 1.500 nm
  inner list: updated every  12 steps, buffer 0.054 nm, rlist 1.254 nm

The average pressure is off by at most 0.27 bar due to missing LJ interactions

Using Lorentz-Berthelot Lennard-Jones combination rule
Removing pbc first time

NOTE: The number of threads is not equal to the number of (logical) cpus
      and the -pin option is set to auto: will not pin threads to cpus.
      This can lead to significant performance degradation.
      Consider using -pin on (and -pinoffset in case you run multiple jobs).

Initializing LINear Constraint Solver

++++ PLEASE READ AND CITE THE FOLLOWING REFERENCE ++++
B. Hess, H. Bekker, H. J. C. Berendsen, J. G. E. M. Fraaije
LINCS: A Linear Constraint Solver for molecular simulations
J. Comp. Chem. (1997)
https://doi.org/10.1002/(sici)1096-987x(199709)18:12<1463::aid-jcc4>3.0.co;2-h
-------- -------- --- Thank You --- -------- --------

The number of constraints is 804

++++ PLEASE READ AND CITE THE FOLLOWING REFERENCE ++++
S. Miyamoto, P. A. Kollman
SETTLE: An Analytical Version of the SHAKE and RATTLE Algorithms for Rigid
Water Models
J. Comp. Chem. (1992)
https://doi.org/10.1002/jcc.540130805
-------- -------- --- Thank You --- -------- --------


++++ PLEASE READ AND CITE THE FOLLOWING REFERENCE ++++
G. Bussi, D. Donadio, M. Parrinello
Canonical sampling through velocity rescaling
J. Chem. Phys. (2007)
https://doi.org/10.1063/1.2408420
-------- -------- --- Thank You --- -------- --------


++++ PLEASE READ AND CITE THE FOLLOWING REFERENCE ++++
M. Bernetti, G. Bussi
Pressure control using stochastic cell rescaling
J. Chem. Phys. (2020)
https://doi.org/10.1063/5.0020514
-------- -------- --- Thank You --- -------- --------

There are: 55386 Atoms

Updating coordinates and applying constraints on the GPU.

Constraining the starting coordinates (step 0)

Constraining the coordinates at t0-dt (step 0)
Center of mass motion removal mode is Linear
We have the following groups for center of mass motion removal:
  0:  rest
RMS relative constraint deviation after constraining: 3.99e-06
Initial temperature: 299.804 K

Started mdrun on rank 0 Wed Feb 18 13:23:23 2026

           Step           Time
              0        0.00000

   Energies (kJ/mol)
           Bond          Angle    Proper Dih. Per. Imp. Dih.          LJ-14
    1.08492e+03    3.60375e+03    4.00207e+03    1.92444e+02    1.56965e+03
     Coulomb-14        LJ (SR)  Disper. corr.   Coulomb (SR)   Coul. recip.
    2.23027e+04    1.09887e+05   -3.90023e+03   -9.15809e+05    2.73882e+03
      Potential    Kinetic En.   Total Energy  Conserved En.    Temperature
   -7.74328e+05    1.39239e+05   -6.35089e+05   -6.35040e+05    2.99844e+02
 Pres. DC (bar) Pressure (bar)   Constr. rmsd
   -1.16146e+02   -3.57180e+00    3.99350e-06

           Step           Time
            500        1.00000

   Energies (kJ/mol)
           Bond          Angle    Proper Dih. Per. Imp. Dih.          LJ-14
    1.24481e+03    3.52902e+03    3.99500e+03    1.93685e+02    1.55230e+03
     Coulomb-14        LJ (SR)  Disper. corr.   Coulomb (SR)   Coul. recip.
    2.22756e+04    1.09174e+05   -3.89923e+03   -9.15108e+05    2.76264e+03
      Potential    Kinetic En.   Total Energy  Conserved En.    Temperature
   -7.74280e+05    1.37747e+05   -6.36534e+05   -6.35098e+05    2.96630e+02
 Pres. DC (bar) Pressure (bar)   Constr. rmsd
   -1.16087e+02   -7.31138e+01    3.99350e-06

           Step           Time
           1000        2.00000

   Energies (kJ/mol)
           Bond          Angle    Proper Dih. Per. Imp. Dih.          LJ-14
    1.14924e+03    3.62733e+03    3.99115e+03    1.94690e+02    1.60782e+03
     Coulomb-14        LJ (SR)  Disper. corr.   Coulomb (SR)   Coul. recip.
    2.20826e+04    1.10582e+05   -3.89577e+03   -9.16304e+05    2.77347e+03
      Potential    Kinetic En.   Total Energy  Conserved En.    Temperature
   -7.74191e+05    1.38336e+05   -6.35855e+05   -6.35153e+05    2.97900e+02
 Pres. DC (bar) Pressure (bar)   Constr. rmsd
   -1.15881e+02    5.32925e+01    3.99350e-06

           Step           Time
           1500        3.00000

   Energies (kJ/mol)
           Bond          Angle    Proper Dih. Per. Imp. Dih.          LJ-14
    1.25845e+03    3.50529e+03    3.92928e+03    1.91075e+02    1.54586e+03
     Coulomb-14        LJ (SR)  Disper. corr.   Coulomb (SR)   Coul. recip.
    2.22479e+04    1.09937e+05   -3.89435e+03   -9.16094e+05    2.76294e+03
      Potential    Kinetic En.   Total Energy  Conserved En.    Temperature
   -7.74610e+05    1.39185e+05   -6.35425e+05   -6.35188e+05    2.99727e+02
 Pres. DC (bar) Pressure (bar)   Constr. rmsd
   -1.15797e+02   -4.48482e+01    3.99350e-06

           Step           Time
           2000        4.00000

   Energies (kJ/mol)
           Bond          Angle    Proper Dih. Per. Imp. Dih.          LJ-14
    1.29778e+03    3.45145e+03    4.04308e+03    1.85233e+02    1.59414e+03
     Coulomb-14        LJ (SR)  Disper. corr.   Coulomb (SR)   Coul. recip.
    2.20980e+04    1.11362e+05   -3.89722e+03   -9.16723e+05    2.68566e+03
      Potential    Kinetic En.   Total Energy  Conserved En.    Temperature
   -7.73902e+05    1.38697e+05   -6.35206e+05   -6.35118e+05    2.98676e+02
 Pres. DC (bar) Pressure (bar)   Constr. rmsd
   -1.15967e+02    1.27890e+02    3.99350e-06

           Step           Time
           2500        5.00000

   Energies (kJ/mol)
           Bond          Angle    Proper Dih. Per. Imp. Dih.          LJ-14
    1.25743e+03    3.63344e+03    3.93126e+03    2.10451e+02    1.53483e+03
     Coulomb-14        LJ (SR)  Disper. corr.   Coulomb (SR)   Coul. recip.
    2.21058e+04    1.10571e+05   -3.89624e+03   -9.16819e+05    2.65014e+03
      Potential    Kinetic En.   Total Energy  Conserved En.    Temperature
   -7.74820e+05    1.39843e+05   -6.34977e+05   -6.35117e+05    3.01146e+02
 Pres. DC (bar) Pressure (bar)   Constr. rmsd
   -1.15909e+02    1.07970e+01    3.99350e-06

           Step           Time
           3000        6.00000

   Energies (kJ/mol)
           Bond          Angle    Proper Dih. Per. Imp. Dih.          LJ-14
    1.23621e+03    3.50530e+03    4.01351e+03    2.00423e+02    1.58751e+03
     Coulomb-14        LJ (SR)  Disper. corr.   Coulomb (SR)   Coul. recip.
    2.22584e+04    1.09292e+05   -3.90200e+03   -9.15342e+05    2.72411e+03
      Potential    Kinetic En.   Total Energy  Conserved En.    Temperature
   -7.74426e+05    1.38933e+05   -6.35492e+05   -6.35063e+05    2.99186e+02
 Pres. DC (bar) Pressure (bar)   Constr. rmsd
   -1.16251e+02   -9.39410e+01    3.99350e-06

           Step           Time
           3500        7.00000

   Energies (kJ/mol)
           Bond          Angle    Proper Dih. Per. Imp. Dih.          LJ-14
    1.27051e+03    3.55735e+03    3.96843e+03    2.04664e+02    1.52420e+03
     Coulomb-14        LJ (SR)  Disper. corr.   Coulomb (SR)   Coul. recip.
    2.19735e+04    1.09726e+05   -3.90102e+03   -9.14373e+05    2.77851e+03
      Potential    Kinetic En.   Total Energy  Conserved En.    Temperature
   -7.73269e+05    1.39118e+05   -6.34152e+05   -6.35031e+05    2.99583e+02
 Pres. DC (bar) Pressure (bar)   Constr. rmsd
   -1.16193e+02   -3.46011e+01    3.99350e-06

           Step           Time
           4000        8.00000

   Energies (kJ/mol)
           Bond          Angle    Proper Dih. Per. Imp. Dih.          LJ-14
    1.32112e+03    3.56458e+03    3.95851e+03    1.79320e+02    1.55653e+03
     Coulomb-14        LJ (SR)  Disper. corr.   Coulomb (SR)   Coul. recip.
    2.20193e+04    1.09633e+05   -3.90399e+03   -9.13644e+05    2.81192e+03
      Potential    Kinetic En.   Total Energy  Conserved En.    Temperature
   -7.72502e+05    1.39555e+05   -6.32948e+05   -6.34940e+05    3.00525e+02
 Pres. DC (bar) Pressure (bar)   Constr. rmsd
   -1.16370e+02    8.10367e+01    3.99350e-06

           Step           Time
           4500        9.00000

   Energies (kJ/mol)
           Bond          Angle    Proper Dih. Per. Imp. Dih.          LJ-14
    1.28592e+03    3.50721e+03    4.00979e+03    2.33936e+02    1.51737e+03
     Coulomb-14        LJ (SR)  Disper. corr.   Coulomb (SR)   Coul. recip.
    2.20719e+04    1.10944e+05   -3.90740e+03   -9.16302e+05    2.70051e+03
      Potential    Kinetic En.   Total Energy  Conserved En.    Temperature
   -7.73937e+05    1.39840e+05   -6.34097e+05   -6.34986e+05    3.01139e+02
 Pres. DC (bar) Pressure (bar)   Constr. rmsd
   -1.16574e+02    5.20736e+01    3.99350e-06

           Step           Time
           5000       10.00000

   Energies (kJ/mol)
           Bond          Angle    Proper Dih. Per. Imp. Dih.          LJ-14
    1.21081e+03    3.86031e+03    3.88819e+03    2.00377e+02    1.55442e+03
     Coulomb-14        LJ (SR)  Disper. corr.   Coulomb (SR)   Coul. recip.
    2.21140e+04    1.10490e+05   -3.90638e+03   -9.16803e+05    2.74327e+03
      Potential    Kinetic En.   Total Energy  Conserved En.    Temperature
   -7.74646e+05    1.39016e+05   -6.35630e+05   -6.34810e+05    2.99364e+02
 Pres. DC (bar) Pressure (bar)   Constr. rmsd
   -1.16512e+02    4.28451e+01    3.99350e-06

           Step           Time
           5500       11.00000

   Energies (kJ/mol)
           Bond          Angle    Proper Dih. Per. Imp. Dih.          LJ-14
    1.24021e+03    3.58839e+03    3.96157e+03    2.17634e+02    1.57331e+03
     Coulomb-14        LJ (SR)  Disper. corr.   Coulomb (SR)   Coul. recip.
    2.20748e+04    1.10168e+05   -3.89571e+03   -9.16043e+05    2.80641e+03
      Potential    Kinetic En.   Total Energy  Conserved En.    Temperature
   -7.74306e+05    1.39267e+05   -6.35039e+05   -6.35160e+05    2.99905e+02
 Pres. DC (bar) Pressure (bar)   Constr. rmsd
   -1.15877e+02    2.07567e+01    3.99350e-06

           Step           Time
           6000       12.00000

   Energies (kJ/mol)
           Bond          Angle    Proper Dih. Per. Imp. Dih.          LJ-14
    1.17577e+03    3.57792e+03    3.93984e+03    2.02754e+02    1.55119e+03
     Coulomb-14        LJ (SR)  Disper. corr.   Coulomb (SR)   Coul. recip.
    2.20229e+04    1.10294e+05   -3.89138e+03   -9.16018e+05    2.65102e+03
      Potential    Kinetic En.   Total Energy  Conserved En.    Temperature
   -7.74492e+05    1.39548e+05   -6.34944e+05   -6.35283e+05    3.00509e+02
 Pres. DC (bar) Pressure (bar)   Constr. rmsd
   -1.15620e+02    4.46549e+01    3.99350e-06

           Step           Time
           6500       13.00000

   Energies (kJ/mol)
           Bond          Angle    Proper Dih. Per. Imp. Dih.          LJ-14
    1.28504e+03    3.68157e+03    3.93676e+03    2.08567e+02    1.54425e+03
     Coulomb-14        LJ (SR)  Disper. corr.   Coulomb (SR)   Coul. recip.
    2.20226e+04    1.09605e+05   -3.88834e+03   -9.15264e+05    2.71537e+03
      Potential    Kinetic En.   Total Energy  Conserved En.    Temperature
   -7.74151e+05    1.38962e+05   -6.35189e+05   -6.35267e+05    2.99247e+02
 Pres. DC (bar) Pressure (bar)   Constr. rmsd
   -1.15440e+02   -1.52842e+02    3.99350e-06

           Step           Time
           7000       14.00000

   Energies (kJ/mol)
           Bond          Angle    Proper Dih. Per. Imp. Dih.          LJ-14
    1.25746e+03    3.50011e+03    3.98633e+03    1.98874e+02    1.50340e+03
     Coulomb-14        LJ (SR)  Disper. corr.   Coulomb (SR)   Coul. recip.
    2.21234e+04    1.10476e+05   -3.88997e+03   -9.17062e+05    2.75523e+03
      Potential    Kinetic En.   Total Energy  Conserved En.    Temperature
   -7.75149e+05    1.39280e+05   -6.35869e+05   -6.35272e+05    2.99932e+02
 Pres. DC (bar) Pressure (bar)   Constr. rmsd
   -1.15536e+02   -9.02175e+01    3.99350e-06

           Step           Time
           7500       15.00000

   Energies (kJ/mol)
           Bond          Angle    Proper Dih. Per. Imp. Dih.          LJ-14
    1.16341e+03    3.57630e+03    4.01045e+03    2.05566e+02    1.52293e+03
     Coulomb-14        LJ (SR)  Disper. corr.   Coulomb (SR)   Coul. recip.
    2.22408e+04    1.10342e+05   -3.88920e+03   -9.15380e+05    2.74774e+03
      Potential    Kinetic En.   Total Energy  Conserved En.    Temperature
   -7.73457e+05    1.38081e+05   -6.35376e+05   -6.35297e+05    2.97350e+02
 Pres. DC (bar) Pressure (bar)   Constr. rmsd
   -1.15490e+02   -4.31281e+01    3.99350e-06

           Step           Time
           8000       16.00000

   Energies (kJ/mol)
           Bond          Angle    Proper Dih. Per. Imp. Dih.          LJ-14
    1.26698e+03    3.47862e+03    3.95504e+03    2.14131e+02    1.56564e+03
     Coulomb-14        LJ (SR)  Disper. corr.   Coulomb (SR)   Coul. recip.
    2.21645e+04    1.11309e+05   -3.88744e+03   -9.16711e+05    2.79190e+03
      Potential    Kinetic En.   Total Energy  Conserved En.    Temperature
   -7.73850e+05    1.38774e+05   -6.35077e+05   -6.35394e+05    2.98842e+02
 Pres. DC (bar) Pressure (bar)   Constr. rmsd
   -1.15386e+02    1.23885e+02    3.99350e-06

           Step           Time
           8500       17.00000

   Energies (kJ/mol)
           Bond          Angle    Proper Dih. Per. Imp. Dih.          LJ-14
    1.32687e+03    3.57439e+03    3.91622e+03    2.13840e+02    1.50814e+03
     Coulomb-14        LJ (SR)  Disper. corr.   Coulomb (SR)   Coul. recip.
    2.19657e+04    1.10046e+05   -3.88672e+03   -9.14282e+05    2.69689e+03
      Potential    Kinetic En.   Total Energy  Conserved En.    Temperature
   -7.72918e+05    1.38805e+05   -6.34114e+05   -6.35409e+05    2.98910e+02
 Pres. DC (bar) Pressure (bar)   Constr. rmsd
   -1.15344e+02   -7.23332e+01    3.99350e-06

           Step           Time
           9000       18.00000

   Energies (kJ/mol)
           Bond          Angle    Proper Dih. Per. Imp. Dih.          LJ-14
    1.22910e+03    3.67280e+03    3.96889e+03    2.00245e+02    1.53298e+03
     Coulomb-14        LJ (SR)  Disper. corr.   Coulomb (SR)   Coul. recip.
    2.21620e+04    1.10724e+05   -3.88545e+03   -9.17082e+05    2.72578e+03
      Potential    Kinetic En.   Total Energy  Conserved En.    Temperature
   -7.74749e+05    1.39986e+05   -6.34763e+05   -6.35396e+05    3.01453e+02
 Pres. DC (bar) Pressure (bar)   Constr. rmsd
   -1.15268e+02   -6.11595e+01    3.99350e-06

           Step           Time
           9500       19.00000

   Energies (kJ/mol)
           Bond          Angle    Proper Dih. Per. Imp. Dih.          LJ-14
    1.20528e+03    3.58011e+03    3.89489e+03    1.82846e+02    1.62635e+03
     Coulomb-14        LJ (SR)  Disper. corr.   Coulomb (SR)   Coul. recip.
    2.21639e+04    1.09781e+05   -3.88879e+03   -9.15632e+05    2.78703e+03
      Potential    Kinetic En.   Total Energy  Conserved En.    Temperature
   -7.74296e+05    1.39031e+05   -6.35265e+05   -6.35154e+05    2.99397e+02
 Pres. DC (bar) Pressure (bar)   Constr. rmsd
   -1.15466e+02   -3.41533e+01    3.99350e-06

           Step           Time
          10000       20.00000

   Energies (kJ/mol)
           Bond          Angle    Proper Dih. Per. Imp. Dih.          LJ-14
    1.26552e+03    3.63570e+03    3.91039e+03    1.93606e+02    1.56671e+03
     Coulomb-14        LJ (SR)  Disper. corr.   Coulomb (SR)   Coul. recip.
    2.20945e+04    1.09389e+05   -3.89034e+03   -9.14635e+05    2.67639e+03
      Potential    Kinetic En.   Total Energy  Conserved En.    Temperature
   -7.73791e+05    1.38614e+05   -6.35177e+05   -6.35203e+05    2.98498e+02
 Pres. DC (bar) Pressure (bar)   Constr. rmsd
   -1.15558e+02   -1.20619e+02    3.99350e-06

           Step           Time
          10500       21.00000

   Energies (kJ/mol)
           Bond          Angle    Proper Dih. Per. Imp. Dih.          LJ-14
    1.20726e+03    3.49684e+03    3.91100e+03    2.43669e+02    1.56632e+03
     Coulomb-14        LJ (SR)  Disper. corr.   Coulomb (SR)   Coul. recip.
    2.20344e+04    1.10741e+05   -3.89298e+03   -9.16262e+05    2.67924e+03
      Potential    Kinetic En.   Total Energy  Conserved En.    Temperature
   -7.74271e+05    1.38295e+05   -6.35976e+05   -6.35127e+05    2.97811e+02
 Pres. DC (bar) Pressure (bar)   Constr. rmsd
   -1.15715e+02    3.48774e+00    3.99350e-06

           Step           Time
          11000       22.00000

   Energies (kJ/mol)
           Bond          Angle    Proper Dih. Per. Imp. Dih.          LJ-14
    1.26303e+03    3.69709e+03    3.87519e+03    1.97466e+02    1.50624e+03
     Coulomb-14        LJ (SR)  Disper. corr.   Coulomb (SR)   Coul. recip.
    2.20400e+04    1.10695e+05   -3.89565e+03   -9.17423e+05    2.70305e+03
      Potential    Kinetic En.   Total Energy  Conserved En.    Temperature
   -7.75337e+05    1.39895e+05   -6.35442e+05   -6.35028e+05    3.01257e+02
 Pres. DC (bar) Pressure (bar)   Constr. rmsd
   -1.15873e+02   -7.44773e+01    3.99350e-06

           Step           Time
          11500       23.00000

   Energies (kJ/mol)
           Bond          Angle    Proper Dih. Per. Imp. Dih.          LJ-14
    1.24366e+03    3.66124e+03    3.86609e+03    1.99476e+02    1.54902e+03
     Coulomb-14        LJ (SR)  Disper. corr.   Coulomb (SR)   Coul. recip.
    2.20029e+04    1.10403e+05   -3.89643e+03   -9.15349e+05    2.77517e+03
      Potential    Kinetic En.   Total Energy  Conserved En.    Temperature
   -7.73541e+05    1.38583e+05   -6.34957e+05   -6.35086e+05    2.98432e+02
 Pres. DC (bar) Pressure (bar)   Constr. rmsd
   -1.15920e+02    2.81759e+01    3.99350e-06

           Step           Time
          12000       24.00000

   Energies (kJ/mol)
           Bond          Angle    Proper Dih. Per. Imp. Dih.          LJ-14
    1.31802e+03    3.53995e+03    3.87335e+03    1.79570e+02    1.55123e+03
     Coulomb-14        LJ (SR)  Disper. corr.   Coulomb (SR)   Coul. recip.
    2.21082e+04    1.10078e+05   -3.88583e+03   -9.15199e+05    2.71577e+03
      Potential    Kinetic En.   Total Energy  Conserved En.    Temperature
   -7.73717e+05    1.38598e+05   -6.35119e+05   -6.35194e+05    2.98464e+02
 Pres. DC (bar) Pressure (bar)   Constr. rmsd
   -1.15291e+02   -3.18743e+01    3.99350e-06

           Step           Time
          12500       25.00000

   Energies (kJ/mol)
           Bond          Angle    Proper Dih. Per. Imp. Dih.          LJ-14
    1.24117e+03    3.78763e+03    3.91837e+03    2.03724e+02    1.50745e+03
     Coulomb-14        LJ (SR)  Disper. corr.   Coulomb (SR)   Coul. recip.
    2.20588e+04    1.10790e+05   -3.88335e+03   -9.16185e+05    2.74956e+03
      Potential    Kinetic En.   Total Energy  Conserved En.    Temperature
   -7.73808e+05    1.38793e+05   -6.35015e+05   -6.35244e+05    2.98885e+02
 Pres. DC (bar) Pressure (bar)   Constr. rmsd
   -1.15144e+02    1.57758e+01    3.99350e-06

           Step           Time
          13000       26.00000

   Energies (kJ/mol)
           Bond          Angle    Proper Dih. Per. Imp. Dih.          LJ-14
    1.28563e+03    3.68026e+03    3.90460e+03    2.14866e+02    1.55484e+03
     Coulomb-14        LJ (SR)  Disper. corr.   Coulomb (SR)   Coul. recip.
    2.20624e+04    1.09900e+05   -3.88409e+03   -9.15037e+05    2.71939e+03
      Potential    Kinetic En.   Total Energy  Conserved En.    Temperature
   -7.73593e+05    1.39831e+05   -6.33762e+05   -6.35337e+05    3.01120e+02
 Pres. DC (bar) Pressure (bar)   Constr. rmsd
   -1.15187e+02   -6.72435e+01    3.99350e-06

           Step           Time
          13500       27.00000

   Energies (kJ/mol)
           Bond          Angle    Proper Dih. Per. Imp. Dih.          LJ-14
    1.31463e+03    3.45515e+03    3.85617e+03    1.97795e+02    1.59180e+03
     Coulomb-14        LJ (SR)  Disper. corr.   Coulomb (SR)   Coul. recip.
    2.21615e+04    1.09432e+05   -3.88655e+03   -9.14783e+05    2.73765e+03
      Potential    Kinetic En.   Total Energy  Conserved En.    Temperature
   -7.73917e+05    1.39923e+05   -6.33995e+05   -6.35236e+05    3.01317e+02
 Pres. DC (bar) Pressure (bar)   Constr. rmsd
   -1.15334e+02   -7.03252e+01    3.99350e-06

           Step           Time
          14000       28.00000

   Energies (kJ/mol)
           Bond          Angle    Proper Dih. Per. Imp. Dih.          LJ-14
    1.28954e+03    3.67146e+03    3.87405e+03    1.62951e+02    1.51623e+03
     Coulomb-14        LJ (SR)  Disper. corr.   Coulomb (SR)   Coul. recip.
    2.20903e+04    1.09122e+05   -3.88494e+03   -9.13629e+05    2.79269e+03
      Potential    Kinetic En.   Total Energy  Conserved En.    Temperature
   -7.72991e+05    1.38766e+05   -6.34225e+05   -6.35319e+05    2.98825e+02
 Pres. DC (bar) Pressure (bar)   Constr. rmsd
   -1.15238e+02   -1.17772e+02    3.99350e-06

           Step           Time
          14500       29.00000

   Energies (kJ/mol)
           Bond          Angle    Proper Dih. Per. Imp. Dih.          LJ-14
    1.20637e+03    3.74806e+03    3.89321e+03    2.22062e+02    1.58652e+03
     Coulomb-14        LJ (SR)  Disper. corr.   Coulomb (SR)   Coul. recip.
    2.21191e+04    1.11836e+05   -3.88830e+03   -9.16205e+05    2.72606e+03
      Potential    Kinetic En.   Total Energy  Conserved En.    Temperature
   -7.72754e+05    1.40283e+05   -6.32471e+05   -6.35256e+05    3.02093e+02
 Pres. DC (bar) Pressure (bar)   Constr. rmsd
   -1.15437e+02    2.55816e+02    3.99350e-06

           Step           Time
          15000       30.00000

   Energies (kJ/mol)
           Bond          Angle    Proper Dih. Per. Imp. Dih.          LJ-14
    1.24297e+03    3.74649e+03    3.87280e+03    2.37303e+02    1.54723e+03
     Coulomb-14        LJ (SR)  Disper. corr.   Coulomb (SR)   Coul. recip.
    2.19997e+04    1.09122e+05   -3.88612e+03   -9.14139e+05    2.73143e+03
      Potential    Kinetic En.   Total Energy  Conserved En.    Temperature
   -7.73521e+05    1.39664e+05   -6.33856e+05   -6.35103e+05    3.00760e+02
 Pres. DC (bar) Pressure (bar)   Constr. rmsd
   -1.15308e+02   -1.62747e+02    3.99350e-06

           Step           Time
          15500       31.00000

   Energies (kJ/mol)
           Bond          Angle    Proper Dih. Per. Imp. Dih.          LJ-14
    1.22739e+03    3.50213e+03    3.91826e+03    2.20062e+02    1.60662e+03
     Coulomb-14        LJ (SR)  Disper. corr.   Coulomb (SR)   Coul. recip.
    2.21878e+04    1.09646e+05   -3.88925e+03   -9.14022e+05    2.71285e+03
      Potential    Kinetic En.   Total Energy  Conserved En.    Temperature
   -7.72887e+05    1.38568e+05   -6.34319e+05   -6.35124e+05    2.98399e+02
 Pres. DC (bar) Pressure (bar)   Constr. rmsd
   -1.15494e+02   -1.66740e+01    3.99350e-06

           Step           Time
          16000       32.00000

   Energies (kJ/mol)
           Bond          Angle    Proper Dih. Per. Imp. Dih.          LJ-14
    1.20394e+03    3.70901e+03    3.88284e+03    1.84552e+02    1.58712e+03
     Coulomb-14        LJ (SR)  Disper. corr.   Coulomb (SR)   Coul. recip.
    2.20590e+04    1.11476e+05   -3.89678e+03   -9.17264e+05    2.70838e+03
      Potential    Kinetic En.   Total Energy  Conserved En.    Temperature
   -7.74346e+05    1.39136e+05   -6.35210e+05   -6.34935e+05    2.99623e+02
 Pres. DC (bar) Pressure (bar)   Constr. rmsd
   -1.15941e+02    1.55492e+02    3.99350e-06

           Step           Time
          16500       33.00000

   Energies (kJ/mol)
           Bond          Angle    Proper Dih. Per. Imp. Dih.          LJ-14
    1.25283e+03    3.64146e+03    3.92047e+03    2.24737e+02    1.54531e+03
     Coulomb-14        LJ (SR)  Disper. corr.   Coulomb (SR)   Coul. recip.
    2.20565e+04    1.11210e+05   -3.90084e+03   -9.17627e+05    2.61049e+03
      Potential    Kinetic En.   Total Energy  Conserved En.    Temperature
   -7.75062e+05    1.40499e+05   -6.34563e+05   -6.34896e+05    3.02557e+02
 Pres. DC (bar) Pressure (bar)   Constr. rmsd
   -1.16183e+02    3.44039e+01    3.99350e-06

           Step           Time
          17000       34.00000

   Energies (kJ/mol)
           Bond          Angle    Proper Dih. Per. Imp. Dih.          LJ-14
    1.24432e+03    3.74694e+03    3.95875e+03    2.10000e+02    1.55861e+03
     Coulomb-14        LJ (SR)  Disper. corr.   Coulomb (SR)   Coul. recip.
    2.21149e+04    1.10298e+05   -3.90275e+03   -9.16963e+05    2.61929e+03
      Potential    Kinetic En.   Total Energy  Conserved En.    Temperature
   -7.75113e+05    1.39838e+05   -6.35275e+05   -6.34838e+05    3.01135e+02
 Pres. DC (bar) Pressure (bar)   Constr. rmsd
   -1.16296e+02    2.14628e+01    3.99350e-06

           Step           Time
          17500       35.00000

   Energies (kJ/mol)
           Bond          Angle    Proper Dih. Per. Imp. Dih.          LJ-14
    1.18055e+03    3.42011e+03    3.95618e+03    1.86909e+02    1.58361e+03
     Coulomb-14        LJ (SR)  Disper. corr.   Coulomb (SR)   Coul. recip.
    2.21448e+04    1.10676e+05   -3.90675e+03   -9.17017e+05    2.79755e+03
      Potential    Kinetic En.   Total Energy  Conserved En.    Temperature
   -7.74974e+05    1.39238e+05   -6.35736e+05   -6.34737e+05    2.99842e+02
 Pres. DC (bar) Pressure (bar)   Constr. rmsd
   -1.16534e+02    4.09022e+01    3.99350e-06

           Step           Time
          18000       36.00000

   Energies (kJ/mol)
           Bond          Angle    Proper Dih. Per. Imp. Dih.          LJ-14
    1.14986e+03    3.58415e+03    3.88161e+03    2.17435e+02    1.57853e+03
     Coulomb-14        LJ (SR)  Disper. corr.   Coulomb (SR)   Coul. recip.
    2.20836e+04    1.09989e+05   -3.89960e+03   -9.16716e+05    2.66010e+03
      Potential    Kinetic En.   Total Energy  Conserved En.    Temperature
   -7.75469e+05    1.38874e+05   -6.36595e+05   -6.34941e+05    2.99058e+02
 Pres. DC (bar) Pressure (bar)   Constr. rmsd
   -1.16109e+02   -8.99059e+01    3.99350e-06

           Step           Time
          18500       37.00000

   Energies (kJ/mol)
           Bond          Angle    Proper Dih. Per. Imp. Dih.          LJ-14
    1.18832e+03    3.49601e+03    3.85251e+03    1.69358e+02    1.61223e+03
     Coulomb-14        LJ (SR)  Disper. corr.   Coulomb (SR)   Coul. recip.
    2.21448e+04    1.10160e+05   -3.90265e+03   -9.17748e+05    2.63432e+03
      Potential    Kinetic En.   Total Energy  Conserved En.    Temperature
   -7.76390e+05    1.38578e+05   -6.37812e+05   -6.34783e+05    2.98420e+02
 Pres. DC (bar) Pressure (bar)   Constr. rmsd
   -1.16290e+02   -4.57901e+01    3.99350e-06

           Step           Time
          19000       38.00000

   Energies (kJ/mol)
           Bond          Angle    Proper Dih. Per. Imp. Dih.          LJ-14
    1.27584e+03    3.60560e+03    3.88117e+03    2.45233e+02    1.60091e+03
     Coulomb-14        LJ (SR)  Disper. corr.   Coulomb (SR)   Coul. recip.
    2.22124e+04    1.12424e+05   -3.90265e+03   -9.19010e+05    2.69736e+03
      Potential    Kinetic En.   Total Energy  Conserved En.    Temperature
   -7.74963e+05    1.39185e+05   -6.35778e+05   -6.34810e+05    2.99728e+02
 Pres. DC (bar) Pressure (bar)   Constr. rmsd
   -1.16290e+02    1.94212e+02    3.99350e-06

           Step           Time
          19500       39.00000

   Energies (kJ/mol)
           Bond          Angle    Proper Dih. Per. Imp. Dih.          LJ-14
    1.36801e+03    3.59323e+03    3.78163e+03    2.27729e+02    1.56231e+03
     Coulomb-14        LJ (SR)  Disper. corr.   Coulomb (SR)   Coul. recip.
    2.20159e+04    1.10627e+05   -3.90628e+03   -9.17578e+05    2.75884e+03
      Potential    Kinetic En.   Total Energy  Conserved En.    Temperature
   -7.75543e+05    1.39549e+05   -6.35994e+05   -6.34777e+05    3.00512e+02
 Pres. DC (bar) Pressure (bar)   Constr. rmsd
   -1.16507e+02   -1.10603e-01    3.99350e-06

           Step           Time
          20000       40.00000

   Energies (kJ/mol)
           Bond          Angle    Proper Dih. Per. Imp. Dih.          LJ-14
    1.30710e+03    3.52813e+03    3.92822e+03    2.04977e+02    1.55006e+03
     Coulomb-14        LJ (SR)  Disper. corr.   Coulomb (SR)   Coul. recip.
    2.22578e+04    1.10679e+05   -3.90439e+03   -9.17526e+05    2.67964e+03
      Potential    Kinetic En.   Total Energy  Conserved En.    Temperature
   -7.75288e+05    1.39346e+05   -6.35942e+05   -6.34805e+05    3.00075e+02
 Pres. DC (bar) Pressure (bar)   Constr. rmsd
   -1.16394e+02    5.25303e+01    3.99350e-06

           Step           Time
          20500       41.00000

   Energies (kJ/mol)
           Bond          Angle    Proper Dih. Per. Imp. Dih.          LJ-14
    1.27169e+03    3.56761e+03    3.93485e+03    2.11093e+02    1.56670e+03
     Coulomb-14        LJ (SR)  Disper. corr.   Coulomb (SR)   Coul. recip.
    2.19309e+04    1.10723e+05   -3.90094e+03   -9.16907e+05    2.65750e+03
      Potential    Kinetic En.   Total Energy  Conserved En.    Temperature
   -7.74937e+05    1.38860e+05   -6.36077e+05   -6.34926e+05    2.99029e+02
 Pres. DC (bar) Pressure (bar)   Constr. rmsd
   -1.16189e+02    6.98966e+00    3.99350e-06

           Step           Time
          21000       42.00000

   Energies (kJ/mol)
           Bond          Angle    Proper Dih. Per. Imp. Dih.          LJ-14
    1.23250e+03    3.77934e+03    3.83766e+03    1.99525e+02    1.59762e+03
     Coulomb-14        LJ (SR)  Disper. corr.   Coulomb (SR)   Coul. recip.
    2.21017e+04    1.09089e+05   -3.89746e+03   -9.14797e+05    2.69281e+03
      Potential    Kinetic En.   Total Energy  Conserved En.    Temperature
   -7.74158e+05    1.38690e+05   -6.35469e+05   -6.34958e+05    2.98662e+02
 Pres. DC (bar) Pressure (bar)   Constr. rmsd
   -1.15981e+02   -1.73152e+02    3.99350e-06

           Step           Time
          21500       43.00000

   Energies (kJ/mol)
           Bond          Angle    Proper Dih. Per. Imp. Dih.          LJ-14
    1.18352e+03    3.67512e+03    3.88043e+03    2.30657e+02    1.56011e+03
     Coulomb-14        LJ (SR)  Disper. corr.   Coulomb (SR)   Coul. recip.
    2.21545e+04    1.10146e+05   -3.89601e+03   -9.15240e+05    2.66529e+03
      Potential    Kinetic En.   Total Energy  Conserved En.    Temperature
   -7.73635e+05    1.39106e+05   -6.34529e+05   -6.34959e+05    2.99558e+02
 Pres. DC (bar) Pressure (bar)   Constr. rmsd
   -1.15895e+02    1.37788e+02    3.99350e-06

           Step           Time
          22000       44.00000

   Energies (kJ/mol)
           Bond          Angle    Proper Dih. Per. Imp. Dih.          LJ-14
    1.27894e+03    3.42843e+03    3.89385e+03    2.04475e+02    1.58104e+03
     Coulomb-14        LJ (SR)  Disper. corr.   Coulomb (SR)   Coul. recip.
    2.21730e+04    1.09121e+05   -3.89892e+03   -9.14810e+05    2.80949e+03
      Potential    Kinetic En.   Total Energy  Conserved En.    Temperature
   -7.74211e+05    1.39039e+05   -6.35172e+05   -6.34846e+05    2.99413e+02
 Pres. DC (bar) Pressure (bar)   Constr. rmsd
   -1.16068e+02   -1.06649e+02    3.99350e-06

           Step           Time
          22500       45.00000

   Energies (kJ/mol)
           Bond          Angle    Proper Dih. Per. Imp. Dih.          LJ-14
    1.16950e+03    3.51857e+03    3.84667e+03    1.87133e+02    1.56672e+03
     Coulomb-14        LJ (SR)  Disper. corr.   Coulomb (SR)   Coul. recip.
    2.21348e+04    1.08842e+05   -3.89441e+03   -9.14816e+05    2.72755e+03
      Potential    Kinetic En.   Total Energy  Conserved En.    Temperature
   -7.74710e+05    1.39999e+05   -6.34711e+05   -6.34990e+05    3.01481e+02
 Pres. DC (bar) Pressure (bar)   Constr. rmsd
   -1.15800e+02   -1.75782e+02    3.99350e-06

           Step           Time
          23000       46.00000

   Energies (kJ/mol)
           Bond          Angle    Proper Dih. Per. Imp. Dih.          LJ-14
    1.24819e+03    3.50783e+03    3.94543e+03    1.84928e+02    1.54546e+03
     Coulomb-14        LJ (SR)  Disper. corr.   Coulomb (SR)   Coul. recip.
    2.22110e+04    1.10280e+05   -3.89450e+03   -9.16533e+05    2.72448e+03
      Potential    Kinetic En.   Total Energy  Conserved En.    Temperature
   -7.74777e+05    1.39415e+05   -6.35362e+05   -6.35001e+05    3.00224e+02
 Pres. DC (bar) Pressure (bar)   Constr. rmsd
   -1.15805e+02   -3.81304e+01    3.99350e-06

           Step           Time
          23500       47.00000

   Energies (kJ/mol)
           Bond          Angle    Proper Dih. Per. Imp. Dih.          LJ-14
    1.37628e+03    3.48837e+03    3.88490e+03    2.07229e+02    1.52612e+03
     Coulomb-14        LJ (SR)  Disper. corr.   Coulomb (SR)   Coul. recip.
    2.20718e+04    1.08584e+05   -3.89557e+03   -9.14047e+05    2.73988e+03
      Potential    Kinetic En.   Total Energy  Conserved En.    Temperature
   -7.74057e+05    1.38729e+05   -6.35328e+05   -6.34847e+05    2.98747e+02
 Pres. DC (bar) Pressure (bar)   Constr. rmsd
   -1.15869e+02   -1.90871e+02    3.99350e-06

           Step           Time
          24000       48.00000

   Energies (kJ/mol)
           Bond          Angle    Proper Dih. Per. Imp. Dih.          LJ-14
    1.25318e+03    3.65732e+03    3.92270e+03    2.20466e+02    1.47893e+03
     Coulomb-14        LJ (SR)  Disper. corr.   Coulomb (SR)   Coul. recip.
    2.21496e+04    1.11299e+05   -3.89522e+03   -9.17267e+05    2.76426e+03
      Potential    Kinetic En.   Total Energy  Conserved En.    Temperature
   -7.74414e+05    1.39406e+05   -6.35007e+05   -6.34888e+05    3.00205e+02
 Pres. DC (bar) Pressure (bar)   Constr. rmsd
   -1.15848e+02    6.89676e+00    3.99350e-06

           Step           Time
          24500       49.00000

   Energies (kJ/mol)
           Bond          Angle    Proper Dih. Per. Imp. Dih.          LJ-14
    1.14895e+03    3.63058e+03    3.86711e+03    2.17092e+02    1.63024e+03
     Coulomb-14        LJ (SR)  Disper. corr.   Coulomb (SR)   Coul. recip.
    2.22416e+04    1.08892e+05   -3.89998e+03   -9.14828e+05    2.67605e+03
      Potential    Kinetic En.   Total Energy  Conserved En.    Temperature
   -7.74416e+05    1.39650e+05   -6.34766e+05   -6.34842e+05    3.00730e+02
 Pres. DC (bar) Pressure (bar)   Constr. rmsd
   -1.16131e+02   -6.05454e+01    3.99350e-06

           Step           Time
          25000       50.00000

   Energies (kJ/mol)
           Bond          Angle    Proper Dih. Per. Imp. Dih.          LJ-14
    1.28183e+03    3.43625e+03    3.92390e+03    2.06347e+02    1.52739e+03
     Coulomb-14        LJ (SR)  Disper. corr.   Coulomb (SR)   Coul. recip.
    2.21543e+04    1.10080e+05   -3.89603e+03   -9.16315e+05    2.78202e+03
      Potential    Kinetic En.   Total Energy  Conserved En.    Temperature
   -7.74815e+05    1.38945e+05   -6.35870e+05   -6.34906e+05    2.99210e+02
 Pres. DC (bar) Pressure (bar)   Constr. rmsd
   -1.15896e+02   -8.30261e+01    3.99350e-06

           Step           Time
          25500       51.00000

   Energies (kJ/mol)
           Bond          Angle    Proper Dih. Per. Imp. Dih.          LJ-14
    1.21015e+03    3.52231e+03    3.96581e+03    2.29138e+02    1.59469e+03
     Coulomb-14        LJ (SR)  Disper. corr.   Coulomb (SR)   Coul. recip.
    2.21703e+04    1.11157e+05   -3.90146e+03   -9.17259e+05    2.73609e+03
      Potential    Kinetic En.   Total Energy  Conserved En.    Temperature
   -7.74571e+05    1.39755e+05   -6.34816e+05   -6.34805e+05    3.00956e+02
 Pres. DC (bar) Pressure (bar)   Constr. rmsd
   -1.16219e+02    1.03108e+02    3.99350e-06

           Step           Time
          26000       52.00000

   Energies (kJ/mol)
           Bond          Angle    Proper Dih. Per. Imp. Dih.          LJ-14
    1.26252e+03    3.48135e+03    3.87013e+03    1.68866e+02    1.57834e+03
     Coulomb-14        LJ (SR)  Disper. corr.   Coulomb (SR)   Coul. recip.
    2.21974e+04    1.10447e+05   -3.89884e+03   -9.15417e+05    2.71107e+03
      Potential    Kinetic En.   Total Energy  Conserved En.    Temperature
   -7.73594e+05    1.38169e+05   -6.35425e+05   -6.34775e+05    2.97541e+02
 Pres. DC (bar) Pressure (bar)   Constr. rmsd
   -1.16064e+02    1.03153e+02    3.99350e-06

           Step           Time
          26500       53.00000

   Energies (kJ/mol)
           Bond          Angle    Proper Dih. Per. Imp. Dih.          LJ-14
    1.16974e+03    3.54418e+03    3.88954e+03    1.76487e+02    1.56895e+03
     Coulomb-14        LJ (SR)  Disper. corr.   Coulomb (SR)   Coul. recip.
    2.21484e+04    1.09050e+05   -3.90320e+03   -9.15864e+05    2.65082e+03
      Potential    Kinetic En.   Total Energy  Conserved En.    Temperature
   -7.75564e+05    1.38598e+05   -6.36965e+05   -6.34796e+05    2.98465e+02
 Pres. DC (bar) Pressure (bar)   Constr. rmsd
   -1.16323e+02   -1.65958e+02    3.99350e-06

           Step           Time
          27000       54.00000

   Energies (kJ/mol)
           Bond          Angle    Proper Dih. Per. Imp. Dih.          LJ-14
    1.30789e+03    3.60909e+03    3.92043e+03    1.96154e+02    1.52493e+03
     Coulomb-14        LJ (SR)  Disper. corr.   Coulomb (SR)   Coul. recip.
    2.20544e+04    1.09657e+05   -3.89950e+03   -9.15998e+05    2.71535e+03
      Potential    Kinetic En.   Total Energy  Conserved En.    Temperature
   -7.74907e+05    1.37987e+05   -6.36920e+05   -6.34655e+05    2.97149e+02
 Pres. DC (bar) Pressure (bar)   Constr. rmsd
   -1.16103e+02   -4.34715e+01    3.99350e-06

           Step           Time
          27500       55.00000

   Energies (kJ/mol)
           Bond          Angle    Proper Dih. Per. Imp. Dih.          LJ-14
    1.27218e+03    3.58333e+03    3.98359e+03    2.13112e+02    1.58272e+03
     Coulomb-14        LJ (SR)  Disper. corr.   Coulomb (SR)   Coul. recip.
    2.22447e+04    1.09929e+05   -3.90949e+03   -9.16144e+05    2.68484e+03
      Potential    Kinetic En.   Total Energy  Conserved En.    Temperature
   -7.74558e+05    1.38172e+05   -6.36385e+05   -6.34515e+05    2.97548e+02
 Pres. DC (bar) Pressure (bar)   Constr. rmsd
   -1.16698e+02   -6.92752e-01    3.99350e-06

           Step           Time
          28000       56.00000

   Energies (kJ/mol)
           Bond          Angle    Proper Dih. Per. Imp. Dih.          LJ-14
    1.29905e+03    3.49709e+03    4.00720e+03    2.11300e+02    1.50823e+03
     Coulomb-14        LJ (SR)  Disper. corr.   Coulomb (SR)   Coul. recip.
    2.20671e+04    1.11934e+05   -3.91647e+03   -9.18291e+05    2.75789e+03
      Potential    Kinetic En.   Total Energy  Conserved En.    Temperature
   -7.74920e+05    1.39077e+05   -6.35843e+05   -6.34462e+05    2.99496e+02
 Pres. DC (bar) Pressure (bar)   Constr. rmsd
   -1.17114e+02    2.19050e+02    3.99350e-06

           Step           Time
          28500       57.00000

   Energies (kJ/mol)
           Bond          Angle    Proper Dih. Per. Imp. Dih.          LJ-14
    1.21639e+03    3.33538e+03    3.91026e+03    2.09790e+02    1.57553e+03
     Coulomb-14        LJ (SR)  Disper. corr.   Coulomb (SR)   Coul. recip.
    2.22373e+04    1.11925e+05   -3.91694e+03   -9.19172e+05    2.79740e+03
      Potential    Kinetic En.   Total Energy  Conserved En.    Temperature
   -7.75876e+05    1.39364e+05   -6.36512e+05   -6.34394e+05    3.00113e+02
 Pres. DC (bar) Pressure (bar)   Constr. rmsd
   -1.17143e+02    2.12103e+02    3.99350e-06

           Step           Time
          29000       58.00000

   Energies (kJ/mol)
           Bond          Angle    Proper Dih. Per. Imp. Dih.          LJ-14
    1.21743e+03    3.41147e+03    3.86833e+03    2.04285e+02    1.57952e+03
     Coulomb-14        LJ (SR)  Disper. corr.   Coulomb (SR)   Coul. recip.
    2.21550e+04    1.11202e+05   -3.91438e+03   -9.18243e+05    2.75795e+03
      Potential    Kinetic En.   Total Energy  Conserved En.    Temperature
   -7.75760e+05    1.39044e+05   -6.36716e+05   -6.34414e+05    2.99424e+02
 Pres. DC (bar) Pressure (bar)   Constr. rmsd
   -1.16990e+02    9.07305e+01    3.99350e-06

           Step           Time
          29500       59.00000

   Energies (kJ/mol)
           Bond          Angle    Proper Dih. Per. Imp. Dih.          LJ-14
    1.13438e+03    3.51224e+03    3.92287e+03    1.91447e+02    1.58131e+03
     Coulomb-14        LJ (SR)  Disper. corr.   Coulomb (SR)   Coul. recip.
    2.21298e+04    1.12746e+05   -3.91824e+03   -9.19251e+05    2.68218e+03
      Potential    Kinetic En.   Total Energy  Conserved En.    Temperature
   -7.75262e+05    1.39126e+05   -6.36137e+05   -6.34387e+05    2.99600e+02
 Pres. DC (bar) Pressure (bar)   Constr. rmsd
   -1.17221e+02    3.19560e+02    3.99350e-06

           Step           Time
          30000       60.00000

   Energies (kJ/mol)
           Bond          Angle    Proper Dih. Per. Imp. Dih.          LJ-14
    1.30897e+03    3.53263e+03    3.99268e+03    1.88956e+02    1.58392e+03
     Coulomb-14        LJ (SR)  Disper. corr.   Coulomb (SR)   Coul. recip.
    2.21573e+04    1.10877e+05   -3.92077e+03   -9.17417e+05    2.67156e+03
      Potential    Kinetic En.   Total Energy  Conserved En.    Temperature
   -7.75022e+05    1.39266e+05   -6.35755e+05   -6.34273e+05    2.99903e+02
 Pres. DC (bar) Pressure (bar)   Constr. rmsd
   -1.17372e+02    1.35232e+02    3.99350e-06

           Step           Time
          30500       61.00000

   Energies (kJ/mol)
           Bond          Angle    Proper Dih. Per. Imp. Dih.          LJ-14
    1.20067e+03    3.52037e+03    3.92404e+03    2.18597e+02    1.61879e+03
     Coulomb-14        LJ (SR)  Disper. corr.   Coulomb (SR)   Coul. recip.
    2.21947e+04    1.11301e+05   -3.91462e+03   -9.17402e+05    2.76181e+03
      Potential    Kinetic En.   Total Energy  Conserved En.    Temperature
   -7.74574e+05    1.38414e+05   -6.36160e+05   -6.34489e+05    2.98067e+02
 Pres. DC (bar) Pressure (bar)   Constr. rmsd
   -1.17004e+02    1.72225e+02    3.99350e-06

           Step           Time
          31000       62.00000

   Energies (kJ/mol)
           Bond          Angle    Proper Dih. Per. Imp. Dih.          LJ-14
    1.21954e+03    3.49840e+03    3.98434e+03    1.87940e+02    1.55923e+03
     Coulomb-14        LJ (SR)  Disper. corr.   Coulomb (SR)   Coul. recip.
    2.22324e+04    1.11313e+05   -3.90133e+03   -9.17568e+05    2.70364e+03
      Potential    Kinetic En.   Total Energy  Conserved En.    Temperature
   -7.74768e+05    1.39523e+05   -6.35244e+05   -6.34687e+05    3.00457e+02
 Pres. DC (bar) Pressure (bar)   Constr. rmsd
   -1.16212e+02    8.18356e+01    3.99350e-06

           Step           Time
          31500       63.00000

   Energies (kJ/mol)
           Bond          Angle    Proper Dih. Per. Imp. Dih.          LJ-14
    1.28657e+03    3.50758e+03    3.88962e+03    2.20558e+02    1.52090e+03
     Coulomb-14        LJ (SR)  Disper. corr.   Coulomb (SR)   Coul. recip.
    2.19622e+04    1.09904e+05   -3.89685e+03   -9.15482e+05    2.75015e+03
      Potential    Kinetic En.   Total Energy  Conserved En.    Temperature
   -7.74333e+05    1.39278e+05   -6.35055e+05   -6.34902e+05    2.99929e+02
 Pres. DC (bar) Pressure (bar)   Constr. rmsd
   -1.15945e+02   -1.01490e+02    3.99350e-06

           Step           Time
          32000       64.00000

   Energies (kJ/mol)
           Bond          Angle    Proper Dih. Per. Imp. Dih.          LJ-14
    1.19845e+03    3.55279e+03    3.98261e+03    2.31023e+02    1.59426e+03
     Coulomb-14        LJ (SR)  Disper. corr.   Coulomb (SR)   Coul. recip.
    2.21641e+04    1.09679e+05   -3.88898e+03   -9.14842e+05    2.66274e+03
      Potential    Kinetic En.   Total Energy  Conserved En.    Temperature
   -7.73659e+05    1.38355e+05   -6.35304e+05   -6.35023e+05    2.97941e+02
 Pres. DC (bar) Pressure (bar)   Constr. rmsd
   -1.15477e+02   -2.11525e+01    3.99350e-06

           Step           Time
          32500       65.00000

   Energies (kJ/mol)
           Bond          Angle    Proper Dih. Per. Imp. Dih.          LJ-14
    1.18089e+03    3.53335e+03    3.90671e+03    2.07717e+02    1.59454e+03
     Coulomb-14        LJ (SR)  Disper. corr.   Coulomb (SR)   Coul. recip.
    2.20687e+04    1.09843e+05   -3.89136e+03   -9.16115e+05    2.75053e+03
      Potential    Kinetic En.   Total Energy  Conserved En.    Temperature
   -7.74915e+05    1.39210e+05   -6.35705e+05   -6.34947e+05    2.99781e+02
 Pres. DC (bar) Pressure (bar)   Constr. rmsd
   -1.15619e+02   -1.14345e+02    3.99350e-06

           Step           Time
          33000       66.00000

   Energies (kJ/mol)
           Bond          Angle    Proper Dih. Per. Imp. Dih.          LJ-14
    1.28188e+03    3.53241e+03    3.86308e+03    2.01244e+02    1.51092e+03
     Coulomb-14        LJ (SR)  Disper. corr.   Coulomb (SR)   Coul. recip.
    2.21409e+04    1.10090e+05   -3.89393e+03   -9.15451e+05    2.68613e+03
      Potential    Kinetic En.   Total Energy  Conserved En.    Temperature
   -7.74029e+05    1.39234e+05   -6.34795e+05   -6.34826e+05    2.99833e+02
 Pres. DC (bar) Pressure (bar)   Constr. rmsd
   -1.15771e+02   -4.27798e+01    3.99350e-06

           Step           Time
          33500       67.00000

   Energies (kJ/mol)
           Bond          Angle    Proper Dih. Per. Imp. Dih.          LJ-14
    1.16024e+03    3.66718e+03    3.89551e+03    2.19313e+02    1.57894e+03
     Coulomb-14        LJ (SR)  Disper. corr.   Coulomb (SR)   Coul. recip.
    2.19867e+04    1.10027e+05   -3.90069e+03   -9.14714e+05    2.70128e+03
      Potential    Kinetic En.   Total Energy  Conserved En.    Temperature
   -7.73371e+05    1.38933e+05   -6.34438e+05   -6.34797e+05    2.99186e+02
 Pres. DC (bar) Pressure (bar)   Constr. rmsd
   -1.16173e+02    1.95232e+01    3.99350e-06

           Step           Time
          34000       68.00000

   Energies (kJ/mol)
           Bond          Angle    Proper Dih. Per. Imp. Dih.          LJ-14
    1.19194e+03    3.52472e+03    3.91389e+03    2.25009e+02    1.57826e+03
     Coulomb-14        LJ (SR)  Disper. corr.   Coulomb (SR)   Coul. recip.
    2.20904e+04    1.11261e+05   -3.90055e+03   -9.17342e+05    2.67828e+03
      Potential    Kinetic En.   Total Energy  Conserved En.    Temperature
   -7.74770e+05    1.39338e+05   -6.35432e+05   -6.34714e+05    3.00057e+02
 Pres. DC (bar) Pressure (bar)   Constr. rmsd
   -1.16165e+02    1.74104e+02    3.99350e-06

           Step           Time
          34500       69.00000

   Energies (kJ/mol)
           Bond          Angle    Proper Dih. Per. Imp. Dih.          LJ-14
    1.22373e+03    3.47291e+03    3.79625e+03    2.16593e+02    1.57814e+03
     Coulomb-14        LJ (SR)  Disper. corr.   Coulomb (SR)   Coul. recip.
    2.22190e+04    1.11311e+05   -3.90722e+03   -9.16925e+05    2.78724e+03
      Potential    Kinetic En.   Total Energy  Conserved En.    Temperature
   -7.74219e+05    1.39141e+05   -6.35078e+05   -6.34627e+05    2.99633e+02
 Pres. DC (bar) Pressure (bar)   Constr. rmsd
   -1.16562e+02    1.38746e+02    3.99350e-06

           Step           Time
          35000       70.00000

   Energies (kJ/mol)
           Bond          Angle    Proper Dih. Per. Imp. Dih.          LJ-14
    1.32723e+03    3.54379e+03    3.86899e+03    2.09679e+02    1.62152e+03
     Coulomb-14        LJ (SR)  Disper. corr.   Coulomb (SR)   Coul. recip.
    2.23364e+04    1.09702e+05   -3.90115e+03   -9.15896e+05    2.73587e+03
      Potential    Kinetic En.   Total Energy  Conserved En.    Temperature
   -7.74441e+05    1.39200e+05   -6.35241e+05   -6.34616e+05    2.99761e+02
 Pres. DC (bar) Pressure (bar)   Constr. rmsd
   -1.16201e+02   -5.23700e+01    3.99350e-06

           Step           Time
          35500       71.00000

   Energies (kJ/mol)
           Bond          Angle    Proper Dih. Per. Imp. Dih.          LJ-14
    1.29094e+03    3.56233e+03    3.88148e+03    2.03733e+02    1.55956e+03
     Coulomb-14        LJ (SR)  Disper. corr.   Coulomb (SR)   Coul. recip.
    2.21476e+04    1.10872e+05   -3.90054e+03   -9.17235e+05    2.71858e+03
      Potential    Kinetic En.   Total Energy  Conserved En.    Temperature
   -7.74890e+05    1.38427e+05   -6.36463e+05   -6.34633e+05    2.98095e+02
 Pres. DC (bar) Pressure (bar)   Constr. rmsd
   -1.16164e+02   -1.08976e+00    3.99350e-06

           Step           Time
          36000       72.00000

   Energies (kJ/mol)
           Bond          Angle    Proper Dih. Per. Imp. Dih.          LJ-14
    1.29970e+03    3.62619e+03    3.91635e+03    2.05835e+02    1.53797e+03
     Coulomb-14        LJ (SR)  Disper. corr.   Coulomb (SR)   Coul. recip.
    2.22124e+04    1.10536e+05   -3.90829e+03   -9.16893e+05    2.71661e+03
      Potential    Kinetic En.   Total Energy  Conserved En.    Temperature
   -7.74739e+05    1.39522e+05   -6.35217e+05   -6.34468e+05    3.00453e+02
 Pres. DC (bar) Pressure (bar)   Constr. rmsd
   -1.16626e+02    2.53479e+01    3.99350e-06

           Step           Time
          36500       73.00000

   Energies (kJ/mol)
           Bond          Angle    Proper Dih. Per. Imp. Dih.          LJ-14
    1.23908e+03    3.50574e+03    3.89356e+03    2.43039e+02    1.56422e+03
     Coulomb-14        LJ (SR)  Disper. corr.   Coulomb (SR)   Coul. recip.
    2.20279e+04    1.10563e+05   -3.90542e+03   -9.17582e+05    2.76830e+03
      Potential    Kinetic En.   Total Energy  Conserved En.    Temperature
   -7.75672e+05    1.38116e+05   -6.37556e+05   -6.34529e+05    2.97426e+02
 Pres. DC (bar) Pressure (bar)   Constr. rmsd
   -1.16455e+02    1.76758e+01    3.99350e-06

           Step           Time
          37000       74.00000

   Energies (kJ/mol)
           Bond          Angle    Proper Dih. Per. Imp. Dih.          LJ-14
    1.28886e+03    3.39507e+03    3.93539e+03    1.88840e+02    1.53344e+03
     Coulomb-14        LJ (SR)  Disper. corr.   Coulomb (SR)   Coul. recip.
    2.22517e+04    1.10136e+05   -3.89807e+03   -9.16981e+05    2.73008e+03
      Potential    Kinetic En.   Total Energy  Conserved En.    Temperature
   -7.75409e+05    1.38505e+05   -6.36904e+05   -6.34720e+05    2.98264e+02
 Pres. DC (bar) Pressure (bar)   Constr. rmsd
   -1.16018e+02   -9.53584e+01    3.99350e-06

           Step           Time
          37500       75.00000

   Energies (kJ/mol)
           Bond          Angle    Proper Dih. Per. Imp. Dih.          LJ-14
    1.18130e+03    3.56899e+03    3.85532e+03    1.73648e+02    1.52587e+03
     Coulomb-14        LJ (SR)  Disper. corr.   Coulomb (SR)   Coul. recip.
    2.21378e+04    1.09319e+05   -3.90289e+03   -9.15893e+05    2.74805e+03
      Potential    Kinetic En.   Total Energy  Conserved En.    Temperature
   -7.75276e+05    1.38154e+05   -6.37122e+05   -6.34678e+05    2.97508e+02
 Pres. DC (bar) Pressure (bar)   Constr. rmsd
   -1.16304e+02   -1.20218e+02    3.99350e-06

           Step           Time
          38000       76.00000

   Energies (kJ/mol)
           Bond          Angle    Proper Dih. Per. Imp. Dih.          LJ-14
    1.20695e+03    3.44662e+03    3.89533e+03    1.88804e+02    1.57550e+03
     Coulomb-14        LJ (SR)  Disper. corr.   Coulomb (SR)   Coul. recip.
    2.21590e+04    1.10031e+05   -3.90408e+03   -9.16792e+05    2.76907e+03
      Potential    Kinetic En.   Total Energy  Conserved En.    Temperature
   -7.75412e+05    1.37794e+05   -6.37618e+05   -6.34546e+05    2.96732e+02
 Pres. DC (bar) Pressure (bar)   Constr. rmsd
   -1.16375e+02   -7.98096e+01    3.99350e-06

           Step           Time
          38500       77.00000

   Energies (kJ/mol)
           Bond          Angle    Proper Dih. Per. Imp. Dih.          LJ-14
    1.18309e+03    3.51549e+03    3.83316e+03    2.21126e+02    1.50888e+03
     Coulomb-14        LJ (SR)  Disper. corr.   Coulomb (SR)   Coul. recip.
    2.21436e+04    1.10310e+05   -3.90502e+03   -9.18705e+05    2.76707e+03
      Potential    Kinetic En.   Total Energy  Conserved En.    Temperature
   -7.77117e+05    1.39130e+05   -6.37987e+05   -6.34527e+05    2.99609e+02
 Pres. DC (bar) Pressure (bar)   Constr. rmsd
   -1.16432e+02   -1.11588e+02    3.99350e-06

           Step           Time
          39000       78.00000

   Energies (kJ/mol)
           Bond          Angle    Proper Dih. Per. Imp. Dih.          LJ-14
    1.16310e+03    3.59642e+03    3.82687e+03    1.93063e+02    1.57573e+03
     Coulomb-14        LJ (SR)  Disper. corr.   Coulomb (SR)   Coul. recip.
    2.21571e+04    1.08948e+05   -3.89890e+03   -9.15902e+05    2.72186e+03
      Potential    Kinetic En.   Total Energy  Conserved En.    Temperature
   -7.75607e+05    1.38815e+05   -6.36792e+05   -6.34599e+05    2.98932e+02
 Pres. DC (bar) Pressure (bar)   Constr. rmsd
   -1.16067e+02   -1.06843e+02    3.99350e-06

           Step           Time
          39500       79.00000

   Energies (kJ/mol)
           Bond          Angle    Proper Dih. Per. Imp. Dih.          LJ-14
    1.21798e+03    3.61152e+03    3.93902e+03    1.76372e+02    1.60485e+03
     Coulomb-14        LJ (SR)  Disper. corr.   Coulomb (SR)   Coul. recip.
    2.22112e+04    1.10681e+05   -3.90527e+03   -9.16597e+05    2.72242e+03
      Potential    Kinetic En.   Total Energy  Conserved En.    Temperature
   -7.74328e+05    1.39100e+05   -6.35228e+05   -6.34493e+05    2.99546e+02
 Pres. DC (bar) Pressure (bar)   Constr. rmsd
   -1.16446e+02    7.49553e+01    3.99350e-06

           Step           Time
          40000       80.00000

   Energies (kJ/mol)
           Bond          Angle    Proper Dih. Per. Imp. Dih.          LJ-14
    1.21503e+03    3.45917e+03    3.91502e+03    2.29999e+02    1.57394e+03
     Coulomb-14        LJ (SR)  Disper. corr.   Coulomb (SR)   Coul. recip.
    2.21995e+04    1.10777e+05   -3.91178e+03   -9.17085e+05    2.70747e+03
      Potential    Kinetic En.   Total Energy  Conserved En.    Temperature
   -7.74908e+05    1.39482e+05   -6.35425e+05   -6.34516e+05    3.00368e+02
 Pres. DC (bar) Pressure (bar)   Constr. rmsd
   -1.16835e+02    8.91693e+01    3.99350e-06

           Step           Time
          40500       81.00000

   Energies (kJ/mol)
           Bond          Angle    Proper Dih. Per. Imp. Dih.          LJ-14
    1.25430e+03    3.67325e+03    3.98473e+03    2.07841e+02    1.56004e+03
     Coulomb-14        LJ (SR)  Disper. corr.   Coulomb (SR)   Coul. recip.
    2.21211e+04    1.09797e+05   -3.90867e+03   -9.15999e+05    2.71050e+03
      Potential    Kinetic En.   Total Energy  Conserved En.    Temperature
   -7.74587e+05    1.40000e+05   -6.34586e+05   -6.34448e+05    3.01483e+02
 Pres. DC (bar) Pressure (bar)   Constr. rmsd
   -1.16649e+02   -1.98468e+01    3.99350e-06

           Step           Time
          41000       82.00000

   Energies (kJ/mol)
           Bond          Angle    Proper Dih. Per. Imp. Dih.          LJ-14
    1.27413e+03    3.64741e+03    3.95438e+03    2.29811e+02    1.54780e+03
     Coulomb-14        LJ (SR)  Disper. corr.   Coulomb (SR)   Coul. recip.
    2.21762e+04    1.10393e+05   -3.90621e+03   -9.15847e+05    2.75320e+03
      Potential    Kinetic En.   Total Energy  Conserved En.    Temperature
   -7.73766e+05    1.39215e+05   -6.34550e+05   -6.34499e+05    2.99793e+02
 Pres. DC (bar) Pressure (bar)   Constr. rmsd
   -1.16503e+02    6.81877e+01    3.99350e-06

           Step           Time
          41500       83.00000

   Energies (kJ/mol)
           Bond          Angle    Proper Dih. Per. Imp. Dih.          LJ-14
    1.31275e+03    3.66611e+03    4.01624e+03    2.06304e+02    1.55464e+03
     Coulomb-14        LJ (SR)  Disper. corr.   Coulomb (SR)   Coul. recip.
    2.22121e+04    1.11458e+05   -3.90785e+03   -9.17575e+05    2.71523e+03
      Potential    Kinetic En.   Total Energy  Conserved En.    Temperature
   -7.74329e+05    1.39586e+05   -6.34742e+05   -6.34377e+05    3.00592e+02
 Pres. DC (bar) Pressure (bar)   Constr. rmsd
   -1.16600e+02    7.09805e+01    3.99350e-06

           Step           Time
          42000       84.00000

   Energies (kJ/mol)
           Bond          Angle    Proper Dih. Per. Imp. Dih.          LJ-14
    1.27805e+03    3.60255e+03    3.93625e+03    2.26110e+02    1.50861e+03
     Coulomb-14        LJ (SR)  Disper. corr.   Coulomb (SR)   Coul. recip.
    2.20402e+04    1.08977e+05   -3.91149e+03   -9.15579e+05    2.71141e+03
      Potential    Kinetic En.   Total Energy  Conserved En.    Temperature
   -7.75197e+05    1.38379e+05   -6.36818e+05   -6.34378e+05    2.97992e+02
 Pres. DC (bar) Pressure (bar)   Constr. rmsd
   -1.16817e+02   -1.59122e+02    3.99350e-06

           Step           Time
          42500       85.00000

   Energies (kJ/mol)
           Bond          Angle    Proper Dih. Per. Imp. Dih.          LJ-14
    1.21393e+03    3.66974e+03    3.86689e+03    2.52523e+02    1.53983e+03
     Coulomb-14        LJ (SR)  Disper. corr.   Coulomb (SR)   Coul. recip.
    2.21770e+04    1.09012e+05   -3.91031e+03   -9.15304e+05    2.67117e+03
      Potential    Kinetic En.   Total Energy  Conserved En.    Temperature
   -7.74799e+05    1.39080e+05   -6.35720e+05   -6.34344e+05    2.99501e+02
 Pres. DC (bar) Pressure (bar)   Constr. rmsd
   -1.16747e+02   -1.29606e+02    3.99350e-06

           Step           Time
          43000       86.00000

   Energies (kJ/mol)
           Bond          Angle    Proper Dih. Per. Imp. Dih.          LJ-14
    1.17897e+03    3.56323e+03    3.87612e+03    2.27984e+02    1.62867e+03
     Coulomb-14        LJ (SR)  Disper. corr.   Coulomb (SR)   Coul. recip.
    2.22990e+04    1.09029e+05   -3.91264e+03   -9.15796e+05    2.68495e+03
      Potential    Kinetic En.   Total Energy  Conserved En.    Temperature
   -7.75209e+05    1.39696e+05   -6.35513e+05   -6.34293e+05    3.00828e+02
 Pres. DC (bar) Pressure (bar)   Constr. rmsd
   -1.16886e+02   -2.02328e+01    3.99350e-06

           Step           Time
          43500       87.00000

   Energies (kJ/mol)
           Bond          Angle    Proper Dih. Per. Imp. Dih.          LJ-14
    1.28187e+03    3.56460e+03    3.88935e+03    2.08667e+02    1.57436e+03
     Coulomb-14        LJ (SR)  Disper. corr.   Coulomb (SR)   Coul. recip.
    2.21690e+04    1.12419e+05   -3.90825e+03   -9.18831e+05    2.66765e+03
      Potential    Kinetic En.   Total Energy  Conserved En.    Temperature
   -7.74958e+05    1.39813e+05   -6.35145e+05   -6.34485e+05    3.01080e+02
 Pres. DC (bar) Pressure (bar)   Constr. rmsd
   -1.16624e+02    2.55737e+02    3.99350e-06

           Step           Time
          44000       88.00000

   Energies (kJ/mol)
           Bond          Angle    Proper Dih. Per. Imp. Dih.          LJ-14
    1.09852e+03    3.60812e+03    3.93581e+03    1.77239e+02    1.67130e+03
     Coulomb-14        LJ (SR)  Disper. corr.   Coulomb (SR)   Coul. recip.
    2.22542e+04    1.09683e+05   -3.89508e+03   -9.16247e+05    2.73175e+03
      Potential    Kinetic En.   Total Energy  Conserved En.    Temperature
   -7.74970e+05    1.39279e+05   -6.35691e+05   -6.34757e+05    2.99931e+02
 Pres. DC (bar) Pressure (bar)   Constr. rmsd
   -1.15840e+02    5.19107e+01    3.99350e-06

           Step           Time
          44500       89.00000

   Energies (kJ/mol)
           Bond          Angle    Proper Dih. Per. Imp. Dih.          LJ-14
    1.24283e+03    3.56956e+03    3.87733e+03    1.87174e+02    1.59325e+03
     Coulomb-14        LJ (SR)  Disper. corr.   Coulomb (SR)   Coul. recip.
    2.21878e+04    1.08733e+05   -3.89801e+03   -9.14813e+05    2.73785e+03
      Potential    Kinetic En.   Total Energy  Conserved En.    Temperature
   -7.74569e+05    1.39629e+05   -6.34941e+05   -6.34657e+05    3.00683e+02
 Pres. DC (bar) Pressure (bar)   Constr. rmsd
   -1.16014e+02   -1.41391e+02    3.99350e-06

           Step           Time
          45000       90.00000

   Energies (kJ/mol)
           Bond          Angle    Proper Dih. Per. Imp. Dih.          LJ-14
    1.16160e+03    3.47239e+03    3.84691e+03    2.12022e+02    1.57154e+03
     Coulomb-14        LJ (SR)  Disper. corr.   Coulomb (SR)   Coul. recip.
    2.21679e+04    1.09746e+05   -3.89268e+03   -9.14591e+05    2.69924e+03
      Potential    Kinetic En.   Total Energy  Conserved En.    Temperature
   -7.73593e+05    1.38499e+05   -6.35094e+05   -6.34769e+05    2.98251e+02
 Pres. DC (bar) Pressure (bar)   Constr. rmsd
   -1.15697e+02   -7.00323e+01    3.99350e-06

           Step           Time
          45500       91.00000

   Energies (kJ/mol)
           Bond          Angle    Proper Dih. Per. Imp. Dih.          LJ-14
    1.19756e+03    3.59939e+03    3.87952e+03    2.13599e+02    1.57830e+03
     Coulomb-14        LJ (SR)  Disper. corr.   Coulomb (SR)   Coul. recip.
    2.22472e+04    1.09824e+05   -3.89035e+03   -9.15401e+05    2.75815e+03
      Potential    Kinetic En.   Total Energy  Conserved En.    Temperature
   -7.73981e+05    1.38763e+05   -6.35218e+05   -6.34764e+05    2.98819e+02
 Pres. DC (bar) Pressure (bar)   Constr. rmsd
   -1.15559e+02   -4.85369e+01    3.99350e-06

           Step           Time
          46000       92.00000

   Energies (kJ/mol)
           Bond          Angle    Proper Dih. Per. Imp. Dih.          LJ-14
    1.12730e+03    3.54652e+03    3.84644e+03    2.29000e+02    1.53389e+03
     Coulomb-14        LJ (SR)  Disper. corr.   Coulomb (SR)   Coul. recip.
    2.21997e+04    1.12389e+05   -3.89083e+03   -9.18061e+05    2.68252e+03
      Potential    Kinetic En.   Total Energy  Conserved En.    Temperature
   -7.74383e+05    1.37865e+05   -6.36518e+05   -6.34882e+05    2.96885e+02
 Pres. DC (bar) Pressure (bar)   Constr. rmsd
   -1.15588e+02    1.84310e+02    3.99350e-06

           Step           Time
          46500       93.00000

   Energies (kJ/mol)
           Bond          Angle    Proper Dih. Per. Imp. Dih.          LJ-14
    1.16341e+03    3.57305e+03    3.91689e+03    2.18159e+02    1.55986e+03
     Coulomb-14        LJ (SR)  Disper. corr.   Coulomb (SR)   Coul. recip.
    2.21394e+04    1.09625e+05   -3.89136e+03   -9.15631e+05    2.76046e+03
      Potential    Kinetic En.   Total Energy  Conserved En.    Temperature
   -7.74563e+05    1.38968e+05   -6.35596e+05   -6.34795e+05    2.99260e+02
 Pres. DC (bar) Pressure (bar)   Constr. rmsd
   -1.15619e+02   -7.27525e+01    3.99350e-06

           Step           Time
          47000       94.00000

   Energies (kJ/mol)
           Bond          Angle    Proper Dih. Per. Imp. Dih.          LJ-14
    1.26300e+03    3.52032e+03    3.90220e+03    2.06487e+02    1.54676e+03
     Coulomb-14        LJ (SR)  Disper. corr.   Coulomb (SR)   Coul. recip.
    2.21550e+04    1.10512e+05   -3.89192e+03   -9.15310e+05    2.69789e+03
      Potential    Kinetic En.   Total Energy  Conserved En.    Temperature
   -7.73390e+05    1.38331e+05   -6.35059e+05   -6.34775e+05    2.97889e+02
 Pres. DC (bar) Pressure (bar)   Constr. rmsd
   -1.15652e+02    2.24445e+01    3.99350e-06

           Step           Time
          47500       95.00000

   Energies (kJ/mol)
           Bond          Angle    Proper Dih. Per. Imp. Dih.          LJ-14
    1.28788e+03    3.51011e+03    3.92230e+03    2.20953e+02    1.60782e+03
     Coulomb-14        LJ (SR)  Disper. corr.   Coulomb (SR)   Coul. recip.
    2.22938e+04    1.08720e+05   -3.88601e+03   -9.13537e+05    2.79466e+03
      Potential    Kinetic En.   Total Energy  Conserved En.    Temperature
   -7.73062e+05    1.38830e+05   -6.34232e+05   -6.34930e+05    2.98963e+02
 Pres. DC (bar) Pressure (bar)   Constr. rmsd
   -1.15302e+02   -1.04280e+02    3.99350e-06

           Step           Time
          48000       96.00000

   Energies (kJ/mol)
           Bond          Angle    Proper Dih. Per. Imp. Dih.          LJ-14
    1.14257e+03    3.54320e+03    3.86955e+03    1.85072e+02    1.54387e+03
     Coulomb-14        LJ (SR)  Disper. corr.   Coulomb (SR)   Coul. recip.
    2.22375e+04    1.10401e+05   -3.89143e+03   -9.15829e+05    2.69856e+03
      Potential    Kinetic En.   Total Energy  Conserved En.    Temperature
   -7.74086e+05    1.39044e+05   -6.35042e+05   -6.34790e+05    2.99424e+02
 Pres. DC (bar) Pressure (bar)   Constr. rmsd
   -1.15623e+02    2.70667e+01    3.99350e-06

           Step           Time
          48500       97.00000

   Energies (kJ/mol)
           Bond          Angle    Proper Dih. Per. Imp. Dih.          LJ-14
    1.27518e+03    3.56330e+03    3.89148e+03    1.94466e+02    1.52899e+03
     Coulomb-14        LJ (SR)  Disper. corr.   Coulomb (SR)   Coul. recip.
    2.21038e+04    1.11160e+05   -3.89684e+03   -9.15895e+05    2.61360e+03
      Potential    Kinetic En.   Total Energy  Conserved En.    Temperature
   -7.73452e+05    1.38379e+05   -6.35073e+05   -6.34709e+05    2.97991e+02
 Pres. DC (bar) Pressure (bar)   Constr. rmsd
   -1.15945e+02    1.52489e+02    3.99350e-06

           Step           Time
          49000       98.00000

   Energies (kJ/mol)
           Bond          Angle    Proper Dih. Per. Imp. Dih.          LJ-14
    1.24773e+03    3.37646e+03    3.86404e+03    2.34699e+02    1.57681e+03
     Coulomb-14        LJ (SR)  Disper. corr.   Coulomb (SR)   Coul. recip.
    2.21405e+04    1.09954e+05   -3.89986e+03   -9.16207e+05    2.70339e+03
      Potential    Kinetic En.   Total Energy  Conserved En.    Temperature
   -7.75000e+05    1.39125e+05   -6.35874e+05   -6.34558e+05    2.99600e+02
 Pres. DC (bar) Pressure (bar)   Constr. rmsd
   -1.16124e+02   -4.75835e+01    3.99350e-06

           Step           Time
          49500       99.00000

   Energies (kJ/mol)
           Bond          Angle    Proper Dih. Per. Imp. Dih.          LJ-14
    1.25072e+03    3.45982e+03    3.95109e+03    2.00906e+02    1.62641e+03
     Coulomb-14        LJ (SR)  Disper. corr.   Coulomb (SR)   Coul. recip.
    2.22619e+04    1.12424e+05   -3.90094e+03   -9.18315e+05    2.67923e+03
      Potential    Kinetic En.   Total Energy  Conserved En.    Temperature
   -7.74358e+05    1.38866e+05   -6.35492e+05   -6.34566e+05    2.99042e+02
 Pres. DC (bar) Pressure (bar)   Constr. rmsd
   -1.16188e+02    2.33355e+02    3.99350e-06

           Step           Time
          50000      100.00000

   Energies (kJ/mol)
           Bond          Angle    Proper Dih. Per. Imp. Dih.          LJ-14
    1.21886e+03    3.51123e+03    3.85673e+03    2.06542e+02    1.57923e+03
     Coulomb-14        LJ (SR)  Disper. corr.   Coulomb (SR)   Coul. recip.
    2.23920e+04    1.10457e+05   -3.89053e+03   -9.16962e+05    2.67058e+03
      Potential    Kinetic En.   Total Energy  Conserved En.    Temperature
   -7.74950e+05    1.39429e+05   -6.35521e+05   -6.34792e+05    3.00254e+02
 Pres. DC (bar) Pressure (bar)   Constr. rmsd
   -1.15570e+02   -1.98509e+01    3.99350e-06

           Step           Time
          50500      101.00000

   Energies (kJ/mol)
           Bond          Angle    Proper Dih. Per. Imp. Dih.          LJ-14
    1.31738e+03    3.48290e+03    3.87966e+03    1.84455e+02    1.55670e+03
     Coulomb-14        LJ (SR)  Disper. corr.   Coulomb (SR)   Coul. recip.
    2.21995e+04    1.10185e+05   -3.89340e+03   -9.15905e+05    2.74005e+03
      Potential    Kinetic En.   Total Energy  Conserved En.    Temperature
   -7.74242e+05    1.38862e+05   -6.35381e+05   -6.34706e+05    2.99032e+02
 Pres. DC (bar) Pressure (bar)   Constr. rmsd
   -1.15740e+02   -4.06200e+01    3.99350e-06

           Step           Time
          51000      102.00000

   Energies (kJ/mol)
           Bond          Angle    Proper Dih. Per. Imp. Dih.          LJ-14
    1.18638e+03    3.56274e+03    3.86011e+03    2.08388e+02    1.60503e+03
     Coulomb-14        LJ (SR)  Disper. corr.   Coulomb (SR)   Coul. recip.
    2.21818e+04    1.10692e+05   -3.89664e+03   -9.16652e+05    2.74789e+03
      Potential    Kinetic En.   Total Energy  Conserved En.    Temperature
   -7.74499e+05    1.39334e+05   -6.35166e+05   -6.34644e+05    3.00048e+02
 Pres. DC (bar) Pressure (bar)   Constr. rmsd
   -1.15933e+02    1.05717e+02    3.99350e-06

           Step           Time
          51500      103.00000

   Energies (kJ/mol)
           Bond          Angle    Proper Dih. Per. Imp. Dih.          LJ-14
    1.25971e+03    3.40645e+03    3.90657e+03    2.22910e+02    1.55079e+03
     Coulomb-14        LJ (SR)  Disper. corr.   Coulomb (SR)   Coul. recip.
    2.21826e+04    1.09860e+05   -3.88920e+03   -9.15426e+05    2.72853e+03
      Potential    Kinetic En.   Total Energy  Conserved En.    Temperature
   -7.74187e+05    1.38676e+05   -6.35511e+05   -6.34830e+05    2.98632e+02
 Pres. DC (bar) Pressure (bar)   Constr. rmsd
   -1.15491e+02   -9.44189e+01    3.99350e-06

           Step           Time
          52000      104.00000

   Energies (kJ/mol)
           Bond          Angle    Proper Dih. Per. Imp. Dih.          LJ-14
    1.24958e+03    3.41417e+03    4.02743e+03    2.03553e+02    1.51974e+03
     Coulomb-14        LJ (SR)  Disper. corr.   Coulomb (SR)   Coul. recip.
    2.21122e+04    1.11117e+05   -3.89758e+03   -9.16356e+05    2.76542e+03
      Potential    Kinetic En.   Total Energy  Conserved En.    Temperature
   -7.73839e+05    1.38622e+05   -6.35217e+05   -6.34677e+05    2.98516e+02
 Pres. DC (bar) Pressure (bar)   Constr. rmsd
   -1.15988e+02    7.28708e+01    3.99350e-06

           Step           Time
          52500      105.00000

   Energies (kJ/mol)
           Bond          Angle    Proper Dih. Per. Imp. Dih.          LJ-14
    1.13723e+03    3.45213e+03    3.95373e+03    1.88982e+02    1.63055e+03
     Coulomb-14        LJ (SR)  Disper. corr.   Coulomb (SR)   Coul. recip.
    2.23736e+04    1.10676e+05   -3.89307e+03   -9.16662e+05    2.77987e+03
      Potential    Kinetic En.   Total Energy  Conserved En.    Temperature
   -7.74352e+05    1.38786e+05   -6.35566e+05   -6.34736e+05    2.98869e+02
 Pres. DC (bar) Pressure (bar)   Constr. rmsd
   -1.15720e+02    4.34472e+01    3.99350e-06

           Step           Time
          53000      106.00000

   Energies (kJ/mol)
           Bond          Angle    Proper Dih. Per. Imp. Dih.          LJ-14
    1.31025e+03    3.51883e+03    3.98181e+03    2.45827e+02    1.54238e+03
     Coulomb-14        LJ (SR)  Disper. corr.   Coulomb (SR)   Coul. recip.
    2.21165e+04    1.11335e+05   -3.89163e+03   -9.16428e+05    2.85349e+03
      Potential    Kinetic En.   Total Energy  Conserved En.    Temperature
   -7.73413e+05    1.38525e+05   -6.34888e+05   -6.34750e+05    2.98308e+02
 Pres. DC (bar) Pressure (bar)   Constr. rmsd
   -1.15635e+02    1.21071e+02    3.99350e-06

           Step           Time
          53500      107.00000

   Energies (kJ/mol)
           Bond          Angle    Proper Dih. Per. Imp. Dih.          LJ-14
    1.26879e+03    3.65097e+03    3.94113e+03    2.18129e+02    1.58797e+03
     Coulomb-14        LJ (SR)  Disper. corr.   Coulomb (SR)   Coul. recip.
    2.21074e+04    1.10919e+05   -3.89585e+03   -9.15418e+05    2.66520e+03
      Potential    Kinetic En.   Total Energy  Conserved En.    Temperature
   -7.72953e+05    1.38358e+05   -6.34595e+05   -6.34682e+05    2.97948e+02
 Pres. DC (bar) Pressure (bar)   Constr. rmsd
   -1.15885e+02    1.50365e+02    3.99350e-06

           Step           Time
          54000      108.00000

   Energies (kJ/mol)
           Bond          Angle    Proper Dih. Per. Imp. Dih.          LJ-14
    1.31380e+03    3.56810e+03    3.88591e+03    2.28254e+02    1.57624e+03
     Coulomb-14        LJ (SR)  Disper. corr.   Coulomb (SR)   Coul. recip.
    2.20542e+04    1.09030e+05   -3.89442e+03   -9.13344e+05    2.74616e+03
      Potential    Kinetic En.   Total Energy  Conserved En.    Temperature
   -7.72829e+05    1.38654e+05   -6.34175e+05   -6.34652e+05    2.98585e+02
 Pres. DC (bar) Pressure (bar)   Constr. rmsd
   -1.15801e+02    6.89085e+00    3.99350e-06

           Step           Time
          54500      109.00000

   Energies (kJ/mol)
           Bond          Angle    Proper Dih. Per. Imp. Dih.          LJ-14
    1.21392e+03    3.61699e+03    3.93985e+03    2.00304e+02    1.55751e+03
     Coulomb-14        LJ (SR)  Disper. corr.   Coulomb (SR)   Coul. recip.
    2.21894e+04    1.10996e+05   -3.88885e+03   -9.16696e+05    2.77491e+03
      Potential    Kinetic En.   Total Energy  Conserved En.    Temperature
   -7.74090e+05    1.40051e+05   -6.34039e+05   -6.34781e+05    3.01592e+02
 Pres. DC (bar) Pressure (bar)   Constr. rmsd
   -1.15470e+02   -5.78901e+00    3.99350e-06

           Step           Time
          55000      110.00000

   Energies (kJ/mol)
           Bond          Angle    Proper Dih. Per. Imp. Dih.          LJ-14
    1.12938e+03    3.49791e+03    3.91674e+03    2.46522e+02    1.58224e+03
     Coulomb-14        LJ (SR)  Disper. corr.   Coulomb (SR)   Coul. recip.
    2.21158e+04    1.10357e+05   -3.88927e+03   -9.16778e+05    2.73900e+03
      Potential    Kinetic En.   Total Energy  Conserved En.    Temperature
   -7.75076e+05    1.39302e+05   -6.35774e+05   -6.34746e+05    2.99980e+02
 Pres. DC (bar) Pressure (bar)   Constr. rmsd
   -1.15495e+02   -4.39130e+01    3.99350e-06

           Step           Time
          55500      111.00000

   Energies (kJ/mol)
           Bond          Angle    Proper Dih. Per. Imp. Dih.          LJ-14
    1.20938e+03    3.50699e+03    3.92508e+03    2.17156e+02    1.61303e+03
     Coulomb-14        LJ (SR)  Disper. corr.   Coulomb (SR)   Coul. recip.
    2.22383e+04    1.09661e+05   -3.89115e+03   -9.15651e+05    2.69300e+03
      Potential    Kinetic En.   Total Energy  Conserved En.    Temperature
   -7.74471e+05    1.39025e+05   -6.35446e+05   -6.34632e+05    2.99383e+02
 Pres. DC (bar) Pressure (bar)   Constr. rmsd
   -1.15606e+02   -5.84997e+01    3.99350e-06

           Step           Time
          56000      112.00000

   Energies (kJ/mol)
           Bond          Angle    Proper Dih. Per. Imp. Dih.          LJ-14
    1.14760e+03    3.65583e+03    3.99664e+03    2.02135e+02    1.62752e+03
     Coulomb-14        LJ (SR)  Disper. corr.   Coulomb (SR)   Coul. recip.
    2.21923e+04    1.09492e+05   -3.89935e+03   -9.14817e+05    2.74039e+03
      Potential    Kinetic En.   Total Energy  Conserved En.    Temperature
   -7.73659e+05    1.39145e+05   -6.34514e+05   -6.34539e+05    2.99643e+02
 Pres. DC (bar) Pressure (bar)   Constr. rmsd
   -1.16094e+02   -4.04529e+01    3.99350e-06

           Step           Time
          56500      113.00000

   Energies (kJ/mol)
           Bond          Angle    Proper Dih. Per. Imp. Dih.          LJ-14
    1.13080e+03    3.71319e+03    3.87769e+03    2.47802e+02    1.63935e+03
     Coulomb-14        LJ (SR)  Disper. corr.   Coulomb (SR)   Coul. recip.
    2.22160e+04    1.10769e+05   -3.89492e+03   -9.16038e+05    2.68416e+03
      Potential    Kinetic En.   Total Energy  Conserved En.    Temperature
   -7.73651e+05    1.39204e+05   -6.34447e+05   -6.34667e+05    2.99770e+02
 Pres. DC (bar) Pressure (bar)   Constr. rmsd
   -1.15830e+02    1.34897e+02    3.99350e-06

           Step           Time
          57000      114.00000

   Energies (kJ/mol)
           Bond          Angle    Proper Dih. Per. Imp. Dih.          LJ-14
    1.24806e+03    3.56191e+03    3.89861e+03    2.31578e+02    1.55860e+03
     Coulomb-14        LJ (SR)  Disper. corr.   Coulomb (SR)   Coul. recip.
    2.20920e+04    1.09967e+05   -3.88915e+03   -9.16032e+05    2.70778e+03
      Potential    Kinetic En.   Total Energy  Conserved En.    Temperature
   -7.74654e+05    1.40244e+05   -6.34410e+05   -6.34780e+05    3.02008e+02
 Pres. DC (bar) Pressure (bar)   Constr. rmsd
   -1.15487e+02   -4.30121e+01    3.99350e-06

           Step           Time
          57500      115.00000

   Energies (kJ/mol)
           Bond          Angle    Proper Dih. Per. Imp. Dih.          LJ-14
    1.25077e+03    3.64925e+03    3.91934e+03    2.18465e+02    1.59430e+03
     Coulomb-14        LJ (SR)  Disper. corr.   Coulomb (SR)   Coul. recip.
    2.21468e+04    1.10298e+05   -3.88456e+03   -9.14741e+05    2.70175e+03
      Potential    Kinetic En.   Total Energy  Conserved En.    Temperature
   -7.72843e+05    1.39304e+05   -6.33539e+05   -6.34907e+05    2.99983e+02
 Pres. DC (bar) Pressure (bar)   Constr. rmsd
   -1.15216e+02   -8.83887e+00    3.99350e-06

           Step           Time
          58000      116.00000

   Energies (kJ/mol)
           Bond          Angle    Proper Dih. Per. Imp. Dih.          LJ-14
    1.17249e+03    3.62983e+03    4.00921e+03    1.97418e+02    1.54361e+03
     Coulomb-14        LJ (SR)  Disper. corr.   Coulomb (SR)   Coul. recip.
    2.21300e+04    1.10852e+05   -3.88632e+03   -9.15484e+05    2.79862e+03
      Potential    Kinetic En.   Total Energy  Conserved En.    Temperature
   -7.73032e+05    1.38988e+05   -6.34045e+05   -6.34804e+05    2.99303e+02
 Pres. DC (bar) Pressure (bar)   Constr. rmsd
   -1.15320e+02    8.81635e+01    3.99350e-06

           Step           Time
          58500      117.00000

   Energies (kJ/mol)
           Bond          Angle    Proper Dih. Per. Imp. Dih.          LJ-14
    1.23699e+03    3.38161e+03    3.98448e+03    1.82940e+02    1.59932e+03
     Coulomb-14        LJ (SR)  Disper. corr.   Coulomb (SR)   Coul. recip.
    2.22046e+04    1.10005e+05   -3.88475e+03   -9.14788e+05    2.68518e+03
      Potential    Kinetic En.   Total Energy  Conserved En.    Temperature
   -7.73391e+05    1.38606e+05   -6.34785e+05   -6.34899e+05    2.98481e+02
 Pres. DC (bar) Pressure (bar)   Constr. rmsd
   -1.15227e+02   -2.05056e+01    3.99350e-06

           Step           Time
          59000      118.00000

   Energies (kJ/mol)
           Bond          Angle    Proper Dih. Per. Imp. Dih.          LJ-14
    1.18136e+03    3.47976e+03    3.88960e+03    2.33388e+02    1.53374e+03
     Coulomb-14        LJ (SR)  Disper. corr.   Coulomb (SR)   Coul. recip.
    2.21303e+04    1.09564e+05   -3.88298e+03   -9.14790e+05    2.72028e+03
      Potential    Kinetic En.   Total Energy  Conserved En.    Temperature
   -7.73937e+05    1.39365e+05   -6.34572e+05   -6.34968e+05    3.00115e+02
 Pres. DC (bar) Pressure (bar)   Constr. rmsd
   -1.15121e+02   -5.71334e+01    3.99350e-06

           Step           Time
          59500      119.00000

   Energies (kJ/mol)
           Bond          Angle    Proper Dih. Per. Imp. Dih.          LJ-14
    1.17294e+03    3.54500e+03    3.89313e+03    2.45311e+02    1.59179e+03
     Coulomb-14        LJ (SR)  Disper. corr.   Coulomb (SR)   Coul. recip.
    2.21558e+04    1.10556e+05   -3.88160e+03   -9.16647e+05    2.83198e+03
      Potential    Kinetic En.   Total Energy  Conserved En.    Temperature
   -7.74528e+05    1.38952e+05   -6.35576e+05   -6.34830e+05    2.99226e+02
 Pres. DC (bar) Pressure (bar)   Constr. rmsd
   -1.15040e+02   -4.86774e+01    3.99350e-06

           Step           Time
          60000      120.00000

   Energies (kJ/mol)
           Bond          Angle    Proper Dih. Per. Imp. Dih.          LJ-14
    1.25678e+03    3.44909e+03    3.90082e+03    2.35102e+02    1.59338e+03
     Coulomb-14        LJ (SR)  Disper. corr.   Coulomb (SR)   Coul. recip.
    2.21788e+04    1.10368e+05   -3.88308e+03   -9.16773e+05    2.69887e+03
      Potential    Kinetic En.   Total Energy  Conserved En.    Temperature
   -7.74970e+05    1.39077e+05   -6.35893e+05   -6.34892e+05    2.99496e+02
 Pres. DC (bar) Pressure (bar)   Constr. rmsd
   -1.15128e+02   -1.11151e+01    3.99350e-06

           Step           Time
          60500      121.00000

   Energies (kJ/mol)
           Bond          Angle    Proper Dih. Per. Imp. Dih.          LJ-14
    1.22234e+03    3.57244e+03    3.87260e+03    1.90797e+02    1.55813e+03
     Coulomb-14        LJ (SR)  Disper. corr.   Coulomb (SR)   Coul. recip.
    2.21395e+04    1.10062e+05   -3.88260e+03   -9.16156e+05    2.85775e+03
      Potential    Kinetic En.   Total Energy  Conserved En.    Temperature
   -7.74558e+05    1.38524e+05   -6.36034e+05   -6.34882e+05    2.98305e+02
 Pres. DC (bar) Pressure (bar)   Constr. rmsd
   -1.15099e+02   -2.49877e+01    3.99350e-06

           Step           Time
          61000      122.00000

   Energies (kJ/mol)
           Bond          Angle    Proper Dih. Per. Imp. Dih.          LJ-14
    1.07249e+03    3.43269e+03    3.85506e+03    1.90408e+02    1.62154e+03
     Coulomb-14        LJ (SR)  Disper. corr.   Coulomb (SR)   Coul. recip.
    2.22918e+04    1.10868e+05   -3.88070e+03   -9.17189e+05    2.75280e+03
      Potential    Kinetic En.   Total Energy  Conserved En.    Temperature
   -7.74972e+05    1.39360e+05   -6.35612e+05   -6.34953e+05    3.00106e+02
 Pres. DC (bar) Pressure (bar)   Constr. rmsd
   -1.14987e+02    8.05568e+00    3.99350e-06

           Step           Time
          61500      123.00000

   Energies (kJ/mol)
           Bond          Angle    Proper Dih. Per. Imp. Dih.          LJ-14
    1.14118e+03    3.61316e+03    3.90243e+03    2.01131e+02    1.55767e+03
     Coulomb-14        LJ (SR)  Disper. corr.   Coulomb (SR)   Coul. recip.
    2.22521e+04    1.10333e+05   -3.88171e+03   -9.16093e+05    2.77733e+03
      Potential    Kinetic En.   Total Energy  Conserved En.    Temperature
   -7.74188e+05    1.39253e+05   -6.34935e+05   -6.34861e+05    2.99875e+02
 Pres. DC (bar) Pressure (bar)   Constr. rmsd
   -1.15047e+02   -9.80556e+01    3.99350e-06

           Step           Time
          62000      124.00000

   Energies (kJ/mol)
           Bond          Angle    Proper Dih. Per. Imp. Dih.          LJ-14
    1.27556e+03    3.51596e+03    3.93802e+03    1.86202e+02    1.57650e+03
     Coulomb-14        LJ (SR)  Disper. corr.   Coulomb (SR)   Coul. recip.
    2.21710e+04    1.10645e+05   -3.88537e+03   -9.17332e+05    2.82441e+03
      Potential    Kinetic En.   Total Energy  Conserved En.    Temperature
   -7.75076e+05    1.39081e+05   -6.35995e+05   -6.34671e+05    2.99503e+02
 Pres. DC (bar) Pressure (bar)   Constr. rmsd
   -1.15263e+02   -5.26601e+01    3.99350e-06

           Step           Time
          62500      125.00000

   Energies (kJ/mol)
           Bond          Angle    Proper Dih. Per. Imp. Dih.          LJ-14
    1.25799e+03    3.53371e+03    3.90358e+03    1.98798e+02    1.55450e+03
     Coulomb-14        LJ (SR)  Disper. corr.   Coulomb (SR)   Coul. recip.
    2.21605e+04    1.09809e+05   -3.89593e+03   -9.16459e+05    2.71364e+03
      Potential    Kinetic En.   Total Energy  Conserved En.    Temperature
   -7.75218e+05    1.39472e+05   -6.35746e+05   -6.34467e+05    3.00346e+02
 Pres. DC (bar) Pressure (bar)   Constr. rmsd
   -1.15890e+02   -1.23085e+02    3.99350e-06

           Step           Time
          63000      126.00000

   Energies (kJ/mol)
           Bond          Angle    Proper Dih. Per. Imp. Dih.          LJ-14
    1.22794e+03    3.40232e+03    3.93013e+03    2.20462e+02    1.55227e+03
     Coulomb-14        LJ (SR)  Disper. corr.   Coulomb (SR)   Coul. recip.
    2.21175e+04    1.09596e+05   -3.89234e+03   -9.15810e+05    2.68197e+03
      Potential    Kinetic En.   Total Energy  Conserved En.    Temperature
   -7.74964e+05    1.38893e+05   -6.36071e+05   -6.34504e+05    2.99100e+02
 Pres. DC (bar) Pressure (bar)   Constr. rmsd
   -1.15677e+02   -1.65344e+02    3.99350e-06

           Step           Time
          63500      127.00000

   Energies (kJ/mol)
           Bond          Angle    Proper Dih. Per. Imp. Dih.          LJ-14
    1.19476e+03    3.69135e+03    3.87028e+03    2.23369e+02    1.54806e+03
     Coulomb-14        LJ (SR)  Disper. corr.   Coulomb (SR)   Coul. recip.
    2.20248e+04    1.10720e+05   -3.89227e+03   -9.16629e+05    2.71925e+03
      Potential    Kinetic En.   Total Energy  Conserved En.    Temperature
   -7.74516e+05    1.39602e+05   -6.34915e+05   -6.34624e+05    3.00625e+02
 Pres. DC (bar) Pressure (bar)   Constr. rmsd
   -1.15673e+02   -2.33871e+00    3.99350e-06

           Step           Time
          64000      128.00000

   Energies (kJ/mol)
           Bond          Angle    Proper Dih. Per. Imp. Dih.          LJ-14
    1.30525e+03    3.70105e+03    3.88884e+03    1.97197e+02    1.59827e+03
     Coulomb-14        LJ (SR)  Disper. corr.   Coulomb (SR)   Coul. recip.
    2.21345e+04    1.09907e+05   -3.89078e+03   -9.14596e+05    2.75258e+03
      Potential    Kinetic En.   Total Energy  Conserved En.    Temperature
   -7.72993e+05    1.39209e+05   -6.33784e+05   -6.34626e+05    2.99779e+02
 Pres. DC (bar) Pressure (bar)   Constr. rmsd
   -1.15585e+02   -6.60441e+00    3.99350e-06

           Step           Time
          64500      129.00000

   Energies (kJ/mol)
           Bond          Angle    Proper Dih. Per. Imp. Dih.          LJ-14
    1.16742e+03    3.65153e+03    3.96331e+03    2.33569e+02    1.61808e+03
     Coulomb-14        LJ (SR)  Disper. corr.   Coulomb (SR)   Coul. recip.
    2.21422e+04    1.10070e+05   -3.89108e+03   -9.15698e+05    2.78622e+03
      Potential    Kinetic En.   Total Energy  Conserved En.    Temperature
   -7.73943e+05    1.39088e+05   -6.34855e+05   -6.34638e+05    2.99519e+02
 Pres. DC (bar) Pressure (bar)   Constr. rmsd
   -1.15602e+02   -2.34240e+00    3.99350e-06

           Step           Time
          65000      130.00000

   Energies (kJ/mol)
           Bond          Angle    Proper Dih. Per. Imp. Dih.          LJ-14
    1.14599e+03    3.43508e+03    3.89220e+03    1.76560e+02    1.56954e+03
     Coulomb-14        LJ (SR)  Disper. corr.   Coulomb (SR)   Coul. recip.
    2.21232e+04    1.10852e+05   -3.88430e+03   -9.15079e+05    2.80542e+03
      Potential    Kinetic En.   Total Energy  Conserved En.    Temperature
   -7.72949e+05    1.37573e+05   -6.35376e+05   -6.34763e+05    2.96257e+02
 Pres. DC (bar) Pressure (bar)   Constr. rmsd
   -1.15200e+02    1.11472e+02    3.99350e-06

           Step           Time
          65500      131.00000

   Energies (kJ/mol)
           Bond          Angle    Proper Dih. Per. Imp. Dih.          LJ-14
    1.28320e+03    3.42517e+03    3.92402e+03    1.92066e+02    1.52633e+03
     Coulomb-14        LJ (SR)  Disper. corr.   Coulomb (SR)   Coul. recip.
    2.21762e+04    1.10374e+05   -3.89006e+03   -9.16226e+05    2.72655e+03
      Potential    Kinetic En.   Total Energy  Conserved En.    Temperature
   -7.74474e+05    1.39370e+05   -6.35105e+05   -6.34626e+05    3.00125e+02
 Pres. DC (bar) Pressure (bar)   Constr. rmsd
   -1.15542e+02   -7.27768e+01    3.99350e-06

           Step           Time
          66000      132.00000

   Energies (kJ/mol)
           Bond          Angle    Proper Dih. Per. Imp. Dih.          LJ-14
    1.13844e+03    3.51671e+03    3.93944e+03    2.07429e+02    1.56019e+03
     Coulomb-14        LJ (SR)  Disper. corr.   Coulomb (SR)   Coul. recip.
    2.22128e+04    1.10348e+05   -3.90036e+03   -9.15588e+05    2.73741e+03
      Potential    Kinetic En.   Total Energy  Conserved En.    Temperature
   -7.73814e+05    1.38554e+05   -6.35260e+05   -6.34385e+05    2.98369e+02
 Pres. DC (bar) Pressure (bar)   Constr. rmsd
   -1.16154e+02    5.43903e+00    3.99350e-06

           Step           Time
          66500      133.00000

   Energies (kJ/mol)
           Bond          Angle    Proper Dih. Per. Imp. Dih.          LJ-14
    1.26996e+03    3.52384e+03    3.91738e+03    2.19451e+02    1.53127e+03
     Coulomb-14        LJ (SR)  Disper. corr.   Coulomb (SR)   Coul. recip.
    2.20847e+04    1.10583e+05   -3.90355e+03   -9.14979e+05    2.74137e+03
      Potential    Kinetic En.   Total Energy  Conserved En.    Temperature
   -7.72997e+05    1.39704e+05   -6.33293e+05   -6.34374e+05    3.00845e+02
 Pres. DC (bar) Pressure (bar)   Constr. rmsd
   -1.16344e+02    9.69398e+01    3.99350e-06

           Step           Time
          67000      134.00000

   Energies (kJ/mol)
           Bond          Angle    Proper Dih. Per. Imp. Dih.          LJ-14
    1.22065e+03    3.79697e+03    3.99225e+03    2.01269e+02    1.57179e+03
     Coulomb-14        LJ (SR)  Disper. corr.   Coulomb (SR)   Coul. recip.
    2.20280e+04    1.11046e+05   -3.89890e+03   -9.16204e+05    2.72108e+03
      Potential    Kinetic En.   Total Energy  Conserved En.    Temperature
   -7.73508e+05    1.41194e+05   -6.32315e+05   -6.34533e+05    3.04053e+02
 Pres. DC (bar) Pressure (bar)   Constr. rmsd
   -1.16067e+02    1.80807e+02    3.99350e-06

           Step           Time
          67500      135.00000

   Energies (kJ/mol)
           Bond          Angle    Proper Dih. Per. Imp. Dih.          LJ-14
    1.15224e+03    3.62203e+03    3.93508e+03    2.25012e+02    1.59289e+03
     Coulomb-14        LJ (SR)  Disper. corr.   Coulomb (SR)   Coul. recip.
    2.21720e+04    1.08677e+05   -3.89414e+03   -9.13086e+05    2.69534e+03
      Potential    Kinetic En.   Total Energy  Conserved En.    Temperature
   -7.72894e+05    1.39580e+05   -6.33314e+05   -6.34463e+05    3.00579e+02
 Pres. DC (bar) Pressure (bar)   Constr. rmsd
   -1.15784e+02   -2.92948e+01    3.99350e-06

           Step           Time
          68000      136.00000

   Energies (kJ/mol)
           Bond          Angle    Proper Dih. Per. Imp. Dih.          LJ-14
    1.27378e+03    3.69215e+03    3.88370e+03    1.96162e+02    1.56342e+03
     Coulomb-14        LJ (SR)  Disper. corr.   Coulomb (SR)   Coul. recip.
    2.21698e+04    1.09922e+05   -3.89382e+03   -9.14801e+05    2.74019e+03
      Potential    Kinetic En.   Total Energy  Conserved En.    Temperature
   -7.73242e+05    1.39525e+05   -6.33716e+05   -6.34472e+05    3.00461e+02
 Pres. DC (bar) Pressure (bar)   Constr. rmsd
   -1.15765e+02   -5.40946e+01    3.99350e-06

           Step           Time
          68500      137.00000

   Energies (kJ/mol)
           Bond          Angle    Proper Dih. Per. Imp. Dih.          LJ-14
    1.23427e+03    3.51706e+03    3.97648e+03    2.37984e+02    1.54175e+03
     Coulomb-14        LJ (SR)  Disper. corr.   Coulomb (SR)   Coul. recip.
    2.21726e+04    1.10327e+05   -3.89512e+03   -9.14991e+05    2.61606e+03
      Potential    Kinetic En.   Total Energy  Conserved En.    Temperature
   -7.73247e+05    1.40549e+05   -6.32698e+05   -6.34572e+05    3.02665e+02
 Pres. DC (bar) Pressure (bar)   Constr. rmsd
   -1.15842e+02    8.59285e+00    3.99350e-06

           Step           Time
          69000      138.00000

   Energies (kJ/mol)
           Bond          Angle    Proper Dih. Per. Imp. Dih.          LJ-14
    1.30665e+03    3.48818e+03    4.00616e+03    2.55148e+02    1.53114e+03
     Coulomb-14        LJ (SR)  Disper. corr.   Coulomb (SR)   Coul. recip.
    2.20515e+04    1.09399e+05   -3.89315e+03   -9.14311e+05    2.72024e+03
      Potential    Kinetic En.   Total Energy  Conserved En.    Temperature
   -7.73434e+05    1.39936e+05   -6.33498e+05   -6.34577e+05    3.01345e+02
 Pres. DC (bar) Pressure (bar)   Constr. rmsd
   -1.15725e+02   -1.33281e+02    3.99350e-06

           Step           Time
          69500      139.00000

   Energies (kJ/mol)
           Bond          Angle    Proper Dih. Per. Imp. Dih.          LJ-14
    1.25249e+03    3.41654e+03    3.96925e+03    2.00516e+02    1.59744e+03
     Coulomb-14        LJ (SR)  Disper. corr.   Coulomb (SR)   Coul. recip.
    2.22755e+04    1.08857e+05   -3.88991e+03   -9.13980e+05    2.72567e+03
      Potential    Kinetic En.   Total Energy  Conserved En.    Temperature
   -7.73559e+05    1.38790e+05   -6.34769e+05   -6.34633e+05    2.98877e+02
 Pres. DC (bar) Pressure (bar)   Constr. rmsd
   -1.15533e+02   -7.72626e+01    3.99350e-06

           Step           Time
          70000      140.00000

   Energies (kJ/mol)
           Bond          Angle    Proper Dih. Per. Imp. Dih.          LJ-14
    1.23125e+03    3.66170e+03    4.00106e+03    2.04615e+02    1.54272e+03
     Coulomb-14        LJ (SR)  Disper. corr.   Coulomb (SR)   Coul. recip.
    2.22884e+04    1.10175e+05   -3.89008e+03   -9.16423e+05    2.76200e+03
      Potential    Kinetic En.   Total Energy  Conserved En.    Temperature
   -7.74431e+05    1.40246e+05   -6.34184e+05   -6.34630e+05    3.02013e+02
 Pres. DC (bar) Pressure (bar)   Constr. rmsd
   -1.15543e+02   -5.84213e+01    3.99350e-06

           Step           Time
          70500      141.00000

   Energies (kJ/mol)
           Bond          Angle    Proper Dih. Per. Imp. Dih.          LJ-14
    1.21129e+03    3.58860e+03    3.98510e+03    1.95804e+02    1.53824e+03
     Coulomb-14        LJ (SR)  Disper. corr.   Coulomb (SR)   Coul. recip.
    2.21181e+04    1.09759e+05   -3.88811e+03   -9.14305e+05    2.77739e+03
      Potential    Kinetic En.   Total Energy  Conserved En.    Temperature
   -7.73004e+05    1.38860e+05   -6.34144e+05   -6.34626e+05    2.99027e+02
 Pres. DC (bar) Pressure (bar)   Constr. rmsd
   -1.15426e+02   -3.69250e+01    3.99350e-06

           Step           Time
          71000      142.00000

   Energies (kJ/mol)
           Bond          Angle    Proper Dih. Per. Imp. Dih.          LJ-14
    1.30124e+03    3.61222e+03    3.92810e+03    2.38238e+02    1.54390e+03
     Coulomb-14        LJ (SR)  Disper. corr.   Coulomb (SR)   Coul. recip.
    2.21421e+04    1.11172e+05   -3.88629e+03   -9.16118e+05    2.80752e+03
      Potential    Kinetic En.   Total Energy  Conserved En.    Temperature
   -7.73243e+05    1.39255e+05   -6.33988e+05   -6.34646e+05    2.99878e+02
 Pres. DC (bar) Pressure (bar)   Constr. rmsd
   -1.15318e+02    7.06452e+01    3.99350e-06

           Step           Time
          71500      143.00000

   Energies (kJ/mol)
           Bond          Angle    Proper Dih. Per. Imp. Dih.          LJ-14
    1.25794e+03    3.57365e+03    3.94771e+03    2.20544e+02    1.56290e+03
     Coulomb-14        LJ (SR)  Disper. corr.   Coulomb (SR)   Coul. recip.
    2.20836e+04    1.11034e+05   -3.89000e+03   -9.16337e+05    2.69537e+03
      Potential    Kinetic En.   Total Energy  Conserved En.    Temperature
   -7.73834e+05    1.39351e+05   -6.34483e+05   -6.34572e+05    3.00086e+02
 Pres. DC (bar) Pressure (bar)   Constr. rmsd
   -1.15538e+02    3.58934e+01    3.99350e-06

           Step           Time
          72000      144.00000

   Energies (kJ/mol)
           Bond          Angle    Proper Dih. Per. Imp. Dih.          LJ-14
    1.26321e+03    3.49245e+03    3.98346e+03    2.12946e+02    1.56874e+03
     Coulomb-14        LJ (SR)  Disper. corr.   Coulomb (SR)   Coul. recip.
    2.21706e+04    1.11335e+05   -3.89302e+03   -9.16938e+05    2.72456e+03
      Potential    Kinetic En.   Total Energy  Conserved En.    Temperature
   -7.74068e+05    1.39408e+05   -6.34660e+05   -6.34494e+05    3.00207e+02
 Pres. DC (bar) Pressure (bar)   Constr. rmsd
   -1.15717e+02    4.06564e+01    3.99350e-06

           Step           Time
          72500      145.00000

   Energies (kJ/mol)
           Bond          Angle    Proper Dih. Per. Imp. Dih.          LJ-14
    1.29200e+03    3.49740e+03    3.94515e+03    2.20847e+02    1.59451e+03
     Coulomb-14        LJ (SR)  Disper. corr.   Coulomb (SR)   Coul. recip.
    2.22233e+04    1.10467e+05   -3.89144e+03   -9.15862e+05    2.74681e+03
      Potential    Kinetic En.   Total Energy  Conserved En.    Temperature
   -7.73749e+05    1.39382e+05   -6.34367e+05   -6.34575e+05    3.00152e+02
 Pres. DC (bar) Pressure (bar)   Constr. rmsd
   -1.15624e+02   -1.82189e+01    3.99350e-06

           Step           Time
          73000      146.00000

   Energies (kJ/mol)
           Bond          Angle    Proper Dih. Per. Imp. Dih.          LJ-14
    1.20313e+03    3.51614e+03    3.86790e+03    1.78243e+02    1.61179e+03
     Coulomb-14        LJ (SR)  Disper. corr.   Coulomb (SR)   Coul. recip.
    2.20951e+04    1.11380e+05   -3.89175e+03   -9.17530e+05    2.72971e+03
      Potential    Kinetic En.   Total Energy  Conserved En.    Temperature
   -7.74822e+05    1.39894e+05   -6.34929e+05   -6.34529e+05    3.01254e+02
 Pres. DC (bar) Pressure (bar)   Constr. rmsd
   -1.15642e+02    4.87618e+01    3.99350e-06

           Step           Time
          73500      147.00000

   Energies (kJ/mol)
           Bond          Angle    Proper Dih. Per. Imp. Dih.          LJ-14
    1.25024e+03    3.51261e+03    4.01510e+03    2.22705e+02    1.52667e+03
     Coulomb-14        LJ (SR)  Disper. corr.   Coulomb (SR)   Coul. recip.
    2.21926e+04    1.09879e+05   -3.89055e+03   -9.16017e+05    2.68817e+03
      Potential    Kinetic En.   Total Energy  Conserved En.    Temperature
   -7.74608e+05    1.38964e+05   -6.35644e+05   -6.34552e+05    2.99253e+02
 Pres. DC (bar) Pressure (bar)   Constr. rmsd
   -1.15571e+02   -7.45839e+01    3.99350e-06

           Step           Time
          74000      148.00000

   Energies (kJ/mol)
           Bond          Angle    Proper Dih. Per. Imp. Dih.          LJ-14
    1.31871e+03    3.53329e+03    3.95191e+03    2.00494e+02    1.50785e+03
     Coulomb-14        LJ (SR)  Disper. corr.   Coulomb (SR)   Coul. recip.
    2.21380e+04    1.09673e+05   -3.89044e+03   -9.15382e+05    2.60400e+03
      Potential    Kinetic En.   Total Energy  Conserved En.    Temperature
   -7.74328e+05    1.38794e+05   -6.35534e+05   -6.34589e+05    2.98886e+02
 Pres. DC (bar) Pressure (bar)   Constr. rmsd
   -1.15564e+02   -1.79519e+02    3.99350e-06

           Step           Time
          74500      149.00000

   Energies (kJ/mol)
           Bond          Angle    Proper Dih. Per. Imp. Dih.          LJ-14
    1.25736e+03    3.75591e+03    3.92113e+03    2.21076e+02    1.58305e+03
     Coulomb-14        LJ (SR)  Disper. corr.   Coulomb (SR)   Coul. recip.
    2.21596e+04    1.10301e+05   -3.89036e+03   -9.14843e+05    2.67444e+03
      Potential    Kinetic En.   Total Energy  Conserved En.    Temperature
   -7.72853e+05    1.39450e+05   -6.33403e+05   -6.34612e+05    3.00298e+02
 Pres. DC (bar) Pressure (bar)   Constr. rmsd
   -1.15559e+02    6.55228e+00    3.99350e-06

           Step           Time
          75000      150.00000

   Energies (kJ/mol)
           Bond          Angle    Proper Dih. Per. Imp. Dih.          LJ-14
    1.26765e+03    3.49784e+03    3.96606e+03    2.09666e+02    1.54926e+03
     Coulomb-14        LJ (SR)  Disper. corr.   Coulomb (SR)   Coul. recip.
    2.22297e+04    1.08287e+05   -3.88560e+03   -9.11836e+05    2.73433e+03
      Potential    Kinetic En.   Total Energy  Conserved En.    Temperature
   -7.71962e+05    1.39095e+05   -6.32868e+05   -6.34738e+05    2.99533e+02
 Pres. DC (bar) Pressure (bar)   Constr. rmsd
   -1.15277e+02   -1.46682e+02    3.99350e-06

           Step           Time
          75500      151.00000

   Energies (kJ/mol)
           Bond          Angle    Proper Dih. Per. Imp. Dih.          LJ-14
    1.23172e+03    3.58205e+03    3.98186e+03    2.01359e+02    1.54594e+03
     Coulomb-14        LJ (SR)  Disper. corr.   Coulomb (SR)   Coul. recip.
    2.21512e+04    1.10295e+05   -3.87940e+03   -9.15408e+05    2.70181e+03
      Potential    Kinetic En.   Total Energy  Conserved En.    Temperature
   -7.73583e+05    1.38816e+05   -6.34766e+05   -6.34855e+05    2.98933e+02
 Pres. DC (bar) Pressure (bar)   Constr. rmsd
   -1.14910e+02   -4.22630e+01    3.99350e-06

           Step           Time
          76000      152.00000

   Energies (kJ/mol)
           Bond          Angle    Proper Dih. Per. Imp. Dih.          LJ-14
    1.19691e+03    3.49741e+03    4.03522e+03    2.09911e+02    1.57123e+03
     Coulomb-14        LJ (SR)  Disper. corr.   Coulomb (SR)   Coul. recip.
    2.22203e+04    1.09291e+05   -3.88009e+03   -9.13922e+05    2.75410e+03
      Potential    Kinetic En.   Total Energy  Conserved En.    Temperature
   -7.73018e+05    1.40122e+05   -6.32896e+05   -6.34815e+05    3.01745e+02
 Pres. DC (bar) Pressure (bar)   Constr. rmsd
   -1.14951e+02   -1.30874e+02    3.99350e-06

           Step           Time
          76500      153.00000

   Energies (kJ/mol)
           Bond          Angle    Proper Dih. Per. Imp. Dih.          LJ-14
    1.25293e+03    3.46260e+03    4.05473e+03    1.90981e+02    1.58897e+03
     Coulomb-14        LJ (SR)  Disper. corr.   Coulomb (SR)   Coul. recip.
    2.22882e+04    1.08429e+05   -3.87957e+03   -9.12621e+05    2.74522e+03
      Potential    Kinetic En.   Total Energy  Conserved En.    Temperature
   -7.72474e+05    1.39508e+05   -6.32965e+05   -6.34840e+05    3.00424e+02
 Pres. DC (bar) Pressure (bar)   Constr. rmsd
   -1.14919e+02   -9.75412e+01    3.99350e-06

           Step           Time
          77000      154.00000

   Energies (kJ/mol)
           Bond          Angle    Proper Dih. Per. Imp. Dih.          LJ-14
    1.42617e+03    3.56454e+03    4.02480e+03    2.26306e+02    1.53550e+03
     Coulomb-14        LJ (SR)  Disper. corr.   Coulomb (SR)   Coul. recip.
    2.20925e+04    1.09394e+05   -3.88736e+03   -9.13967e+05    2.79240e+03
      Potential    Kinetic En.   Total Energy  Conserved En.    Temperature
   -7.72791e+05    1.40046e+05   -6.32745e+05   -6.34657e+05    3.01581e+02
 Pres. DC (bar) Pressure (bar)   Constr. rmsd
   -1.15381e+02   -9.56989e+01    3.99350e-06

           Step           Time
          77500      155.00000

   Energies (kJ/mol)
           Bond          Angle    Proper Dih. Per. Imp. Dih.          LJ-14
    1.23513e+03    3.68768e+03    3.88365e+03    1.89998e+02    1.56301e+03
     Coulomb-14        LJ (SR)  Disper. corr.   Coulomb (SR)   Coul. recip.
    2.22428e+04    1.09363e+05   -3.88222e+03   -9.12978e+05    2.77235e+03
      Potential    Kinetic En.   Total Energy  Conserved En.    Temperature
   -7.71904e+05    1.39550e+05   -6.32354e+05   -6.34684e+05    3.00514e+02
 Pres. DC (bar) Pressure (bar)   Constr. rmsd
   -1.15077e+02    1.53716e+01    3.99350e-06

           Step           Time
          78000      156.00000

   Energies (kJ/mol)
           Bond          Angle    Proper Dih. Per. Imp. Dih.          LJ-14
    1.22131e+03    3.63295e+03    4.02803e+03    1.94253e+02    1.59218e+03
     Coulomb-14        LJ (SR)  Disper. corr.   Coulomb (SR)   Coul. recip.
    2.23091e+04    1.09391e+05   -3.88695e+03   -9.14103e+05    2.79069e+03
      Potential    Kinetic En.   Total Energy  Conserved En.    Temperature
   -7.72822e+05    1.40131e+05   -6.32691e+05   -6.34660e+05    3.01765e+02
 Pres. DC (bar) Pressure (bar)   Constr. rmsd
   -1.15357e+02   -7.03181e+01    3.99350e-06

           Step           Time
          78500      157.00000

   Energies (kJ/mol)
           Bond          Angle    Proper Dih. Per. Imp. Dih.          LJ-14
    1.27940e+03    3.62245e+03    3.92301e+03    2.00861e+02    1.50294e+03
     Coulomb-14        LJ (SR)  Disper. corr.   Coulomb (SR)   Coul. recip.
    2.20115e+04    1.11183e+05   -3.88154e+03   -9.15155e+05    2.82252e+03
      Potential    Kinetic En.   Total Energy  Conserved En.    Temperature
   -7.72472e+05    1.39569e+05   -6.32903e+05   -6.34756e+05    3.00555e+02
 Pres. DC (bar) Pressure (bar)   Constr. rmsd
   -1.15036e+02    6.94785e+01    3.99350e-06

           Step           Time
          79000      158.00000

   Energies (kJ/mol)
           Bond          Angle    Proper Dih. Per. Imp. Dih.          LJ-14
    1.21349e+03    3.71806e+03    3.95208e+03    1.87544e+02    1.58568e+03
     Coulomb-14        LJ (SR)  Disper. corr.   Coulomb (SR)   Coul. recip.
    2.20326e+04    1.10317e+05   -3.88691e+03   -9.13833e+05    2.78102e+03
      Potential    Kinetic En.   Total Energy  Conserved En.    Temperature
   -7.71913e+05    1.39686e+05   -6.32227e+05   -6.34608e+05    3.00807e+02
 Pres. DC (bar) Pressure (bar)   Constr. rmsd
   -1.15355e+02    9.42386e+01    3.99350e-06

           Step           Time
          79500      159.00000

   Energies (kJ/mol)
           Bond          Angle    Proper Dih. Per. Imp. Dih.          LJ-14
    1.28061e+03    3.61973e+03    3.92230e+03    1.94534e+02    1.55148e+03
     Coulomb-14        LJ (SR)  Disper. corr.   Coulomb (SR)   Coul. recip.
    2.22373e+04    1.09289e+05   -3.89180e+03   -9.12879e+05    2.61171e+03
      Potential    Kinetic En.   Total Energy  Conserved En.    Temperature
   -7.72045e+05    1.39592e+05   -6.32453e+05   -6.34475e+05    3.00604e+02
 Pres. DC (bar) Pressure (bar)   Constr. rmsd
   -1.15645e+02   -4.65412e+01    3.99350e-06

           Step           Time
          80000      160.00000

   Energies (kJ/mol)
           Bond          Angle    Proper Dih. Per. Imp. Dih.          LJ-14
    1.21247e+03    3.49344e+03    3.91613e+03    2.41550e+02    1.51789e+03
     Coulomb-14        LJ (SR)  Disper. corr.   Coulomb (SR)   Coul. recip.
    2.21439e+04    1.10629e+05   -3.88488e+03   -9.15018e+05    2.75598e+03
      Potential    Kinetic En.   Total Energy  Conserved En.    Temperature
   -7.72973e+05    1.39178e+05   -6.33795e+05   -6.34702e+05    2.99714e+02
 Pres. DC (bar) Pressure (bar)   Constr. rmsd
   -1.15234e+02    2.34394e+01    3.99350e-06

           Step           Time
          80500      161.00000

   Energies (kJ/mol)
           Bond          Angle    Proper Dih. Per. Imp. Dih.          LJ-14
    1.23672e+03    3.46995e+03    3.95160e+03    1.74655e+02    1.55104e+03
     Coulomb-14        LJ (SR)  Disper. corr.   Coulomb (SR)   Coul. recip.
    2.22180e+04    1.09403e+05   -3.88633e+03   -9.14818e+05    2.68598e+03
      Potential    Kinetic En.   Total Energy  Conserved En.    Temperature
   -7.73994e+05    1.39479e+05   -6.34515e+05   -6.34670e+05    3.00362e+02
 Pres. DC (bar) Pressure (bar)   Constr. rmsd
   -1.15320e+02   -1.34697e+02    3.99350e-06

           Step           Time
          81000      162.00000

   Energies (kJ/mol)
           Bond          Angle    Proper Dih. Per. Imp. Dih.          LJ-14
    1.21044e+03    3.59359e+03    3.89575e+03    2.01012e+02    1.58493e+03
     Coulomb-14        LJ (SR)  Disper. corr.   Coulomb (SR)   Coul. recip.
    2.22134e+04    1.11281e+05   -3.88956e+03   -9.17106e+05    2.74176e+03
      Potential    Kinetic En.   Total Energy  Conserved En.    Temperature
   -7.74254e+05    1.39971e+05   -6.34283e+05   -6.34483e+05    3.01421e+02
 Pres. DC (bar) Pressure (bar)   Constr. rmsd
   -1.15512e+02    8.79294e+01    3.99350e-06

           Step           Time
          81500      163.00000

   Energies (kJ/mol)
           Bond          Angle    Proper Dih. Per. Imp. Dih.          LJ-14
    1.30903e+03    3.54010e+03    3.93223e+03    2.29909e+02    1.56244e+03
     Coulomb-14        LJ (SR)  Disper. corr.   Coulomb (SR)   Coul. recip.
    2.21457e+04    1.09094e+05   -3.88975e+03   -9.14395e+05    2.69916e+03
      Potential    Kinetic En.   Total Energy  Conserved En.    Temperature
   -7.73755e+05    1.39669e+05   -6.34086e+05   -6.34455e+05    3.00770e+02
 Pres. DC (bar) Pressure (bar)   Constr. rmsd
   -1.15523e+02   -1.82970e+02    3.99350e-06

           Step           Time
          82000      164.00000

   Energies (kJ/mol)
           Bond          Angle    Proper Dih. Per. Imp. Dih.          LJ-14
    1.19794e+03    3.52428e+03    3.91136e+03    2.21568e+02    1.49814e+03
     Coulomb-14        LJ (SR)  Disper. corr.   Coulomb (SR)   Coul. recip.
    2.21161e+04    1.10908e+05   -3.89078e+03   -9.15858e+05    2.70704e+03
      Potential    Kinetic En.   Total Energy  Conserved En.    Temperature
   -7.73648e+05    1.39282e+05   -6.34366e+05   -6.34471e+05    2.99938e+02
 Pres. DC (bar) Pressure (bar)   Constr. rmsd
   -1.15584e+02    1.14872e+01    3.99350e-06

           Step           Time
          82500      165.00000

   Energies (kJ/mol)
           Bond          Angle    Proper Dih. Per. Imp. Dih.          LJ-14
    1.29192e+03    3.50190e+03    3.98282e+03    1.94622e+02    1.60620e+03
     Coulomb-14        LJ (SR)  Disper. corr.   Coulomb (SR)   Coul. recip.
    2.21238e+04    1.09898e+05   -3.89340e+03   -9.15498e+05    2.66715e+03
      Potential    Kinetic En.   Total Energy  Conserved En.    Temperature
   -7.74107e+05    1.39763e+05   -6.34344e+05   -6.34451e+05    3.00973e+02
 Pres. DC (bar) Pressure (bar)   Constr. rmsd
   -1.15740e+02   -2.16347e+00    3.99350e-06

           Step           Time
          83000      166.00000

   Energies (kJ/mol)
           Bond          Angle    Proper Dih. Per. Imp. Dih.          LJ-14
    1.20664e+03    3.38826e+03    3.94669e+03    2.15216e+02    1.64199e+03
     Coulomb-14        LJ (SR)  Disper. corr.   Coulomb (SR)   Coul. recip.
    2.24036e+04    1.10349e+05   -3.89968e+03   -9.15538e+05    2.74517e+03
      Potential    Kinetic En.   Total Energy  Conserved En.    Temperature
   -7.73524e+05    1.38625e+05   -6.34898e+05   -6.34229e+05    2.98523e+02
 Pres. DC (bar) Pressure (bar)   Constr. rmsd
   -1.16113e+02    1.04282e+02    3.99350e-06

           Step           Time
          83500      167.00000

   Energies (kJ/mol)
           Bond          Angle    Proper Dih. Per. Imp. Dih.          LJ-14
    1.19906e+03    3.50047e+03    3.92302e+03    1.84873e+02    1.56673e+03
     Coulomb-14        LJ (SR)  Disper. corr.   Coulomb (SR)   Coul. recip.
    2.21569e+04    1.11374e+05   -3.90409e+03   -9.16475e+05    2.77787e+03
      Potential    Kinetic En.   Total Energy  Conserved En.    Temperature
   -7.73676e+05    1.39833e+05   -6.33842e+05   -6.34122e+05    3.01124e+02
 Pres. DC (bar) Pressure (bar)   Constr. rmsd
   -1.16376e+02    1.94165e+02    3.99350e-06

           Step           Time
          84000      168.00000

   Energies (kJ/mol)
           Bond          Angle    Proper Dih. Per. Imp. Dih.          LJ-14
    1.27491e+03    3.61959e+03    3.91572e+03    2.20986e+02    1.52218e+03
     Coulomb-14        LJ (SR)  Disper. corr.   Coulomb (SR)   Coul. recip.
    2.20541e+04    1.09732e+05   -3.90693e+03   -9.14604e+05    2.72443e+03
      Potential    Kinetic En.   Total Energy  Conserved En.    Temperature
   -7.73429e+05    1.38585e+05   -6.34844e+05   -6.33973e+05    2.98435e+02
 Pres. DC (bar) Pressure (bar)   Constr. rmsd
   -1.16545e+02   -6.81652e+01    3.99350e-06

           Step           Time
          84500      169.00000

   Energies (kJ/mol)
           Bond          Angle    Proper Dih. Per. Imp. Dih.          LJ-14
    1.16812e+03    3.46319e+03    3.91696e+03    1.82416e+02    1.55631e+03
     Coulomb-14        LJ (SR)  Disper. corr.   Coulomb (SR)   Coul. recip.
    2.22493e+04    1.12682e+05   -3.91174e+03   -9.19445e+05    2.70558e+03
      Potential    Kinetic En.   Total Energy  Conserved En.    Temperature
   -7.75414e+05    1.39896e+05   -6.35518e+05   -6.33978e+05    3.01259e+02
 Pres. DC (bar) Pressure (bar)   Constr. rmsd
   -1.16832e+02    2.84480e+02    3.99350e-06

           Step           Time
          85000      170.00000

   Energies (kJ/mol)
           Bond          Angle    Proper Dih. Per. Imp. Dih.          LJ-14
    1.20698e+03    3.46021e+03    3.86660e+03    2.23696e+02    1.56770e+03
     Coulomb-14        LJ (SR)  Disper. corr.   Coulomb (SR)   Coul. recip.
    2.21211e+04    1.07924e+05   -3.90813e+03   -9.13897e+05    2.73900e+03
      Potential    Kinetic En.   Total Energy  Conserved En.    Temperature
   -7.74678e+05    1.39171e+05   -6.35508e+05   -6.33999e+05    2.99697e+02
 Pres. DC (bar) Pressure (bar)   Constr. rmsd
   -1.16617e+02   -1.49285e+02    3.99350e-06

           Step           Time
          85500      171.00000

   Energies (kJ/mol)
           Bond          Angle    Proper Dih. Per. Imp. Dih.          LJ-14
    1.17515e+03    3.64059e+03    3.87588e+03    2.11275e+02    1.58466e+03
     Coulomb-14        LJ (SR)  Disper. corr.   Coulomb (SR)   Coul. recip.
    2.20928e+04    1.09744e+05   -3.91139e+03   -9.15260e+05    2.67964e+03
      Potential    Kinetic En.   Total Energy  Conserved En.    Temperature
   -7.74149e+05    1.39344e+05   -6.34805e+05   -6.33921e+05    3.00071e+02
 Pres. DC (bar) Pressure (bar)   Constr. rmsd
   -1.16811e+02    2.11550e+01    3.99350e-06

           Step           Time
          86000      172.00000

   Energies (kJ/mol)
           Bond          Angle    Proper Dih. Per. Imp. Dih.          LJ-14
    1.18040e+03    3.51329e+03    3.90130e+03    2.27197e+02    1.59318e+03
     Coulomb-14        LJ (SR)  Disper. corr.   Coulomb (SR)   Coul. recip.
    2.21780e+04    1.09739e+05   -3.91013e+03   -9.15368e+05    2.67536e+03
      Potential    Kinetic En.   Total Energy  Conserved En.    Temperature
   -7.74252e+05    1.39343e+05   -6.34908e+05   -6.34011e+05    3.00069e+02
 Pres. DC (bar) Pressure (bar)   Constr. rmsd
   -1.16736e+02    8.87487e+01    3.99350e-06

           Step           Time
          86500      173.00000

   Energies (kJ/mol)
           Bond          Angle    Proper Dih. Per. Imp. Dih.          LJ-14
    1.24166e+03    3.77909e+03    3.89585e+03    2.06265e+02    1.63214e+03
     Coulomb-14        LJ (SR)  Disper. corr.   Coulomb (SR)   Coul. recip.
    2.21083e+04    1.10091e+05   -3.90473e+03   -9.15616e+05    2.74574e+03
      Potential    Kinetic En.   Total Energy  Conserved En.    Temperature
   -7.73799e+05    1.39738e+05   -6.34061e+05   -6.34084e+05    3.00920e+02
 Pres. DC (bar) Pressure (bar)   Constr. rmsd
   -1.16414e+02    2.02774e+01    3.99350e-06

           Step           Time
          87000      174.00000

   Energies (kJ/mol)
           Bond          Angle    Proper Dih. Per. Imp. Dih.          LJ-14
    1.35832e+03    3.59124e+03    3.89518e+03    2.33979e+02    1.58631e+03
     Coulomb-14        LJ (SR)  Disper. corr.   Coulomb (SR)   Coul. recip.
    2.21806e+04    1.10888e+05   -3.90894e+03   -9.16226e+05    2.71876e+03
      Potential    Kinetic En.   Total Energy  Conserved En.    Temperature
   -7.73669e+05    1.40153e+05   -6.33517e+05   -6.33987e+05    3.01812e+02
 Pres. DC (bar) Pressure (bar)   Constr. rmsd
   -1.16665e+02    5.08016e+01    3.99350e-06

           Step           Time
          87500      175.00000

   Energies (kJ/mol)
           Bond          Angle    Proper Dih. Per. Imp. Dih.          LJ-14
    1.25611e+03    3.60582e+03    3.92017e+03    2.10599e+02    1.57383e+03
     Coulomb-14        LJ (SR)  Disper. corr.   Coulomb (SR)   Coul. recip.
    2.20657e+04    1.10840e+05   -3.90627e+03   -9.17070e+05    2.67276e+03
      Potential    Kinetic En.   Total Energy  Conserved En.    Temperature
   -7.74812e+05    1.40293e+05   -6.34520e+05   -6.34013e+05    3.02113e+02
 Pres. DC (bar) Pressure (bar)   Constr. rmsd
   -1.16506e+02    4.20730e+01    3.99350e-06

           Step           Time
          88000      176.00000

   Energies (kJ/mol)
           Bond          Angle    Proper Dih. Per. Imp. Dih.          LJ-14
    1.35114e+03    3.63647e+03    3.95854e+03    1.99433e+02    1.49205e+03
     Coulomb-14        LJ (SR)  Disper. corr.   Coulomb (SR)   Coul. recip.
    2.20496e+04    1.11869e+05   -3.90119e+03   -9.17309e+05    2.67975e+03
      Potential    Kinetic En.   Total Energy  Conserved En.    Temperature
   -7.73954e+05    1.40545e+05   -6.33409e+05   -6.34176e+05    3.02658e+02
 Pres. DC (bar) Pressure (bar)   Constr. rmsd
   -1.16203e+02    8.67043e+01    3.99350e-06

           Step           Time
          88500      177.00000

   Energies (kJ/mol)
           Bond          Angle    Proper Dih. Per. Imp. Dih.          LJ-14
    1.26611e+03    3.58409e+03    3.90740e+03    2.32712e+02    1.63634e+03
     Coulomb-14        LJ (SR)  Disper. corr.   Coulomb (SR)   Coul. recip.
    2.23320e+04    1.08551e+05   -3.89946e+03   -9.13814e+05    2.71608e+03
      Potential    Kinetic En.   Total Energy  Conserved En.    Temperature
   -7.73474e+05    1.38752e+05   -6.34722e+05   -6.34247e+05    2.98795e+02
 Pres. DC (bar) Pressure (bar)   Constr. rmsd
   -1.16100e+02   -1.40128e+02    3.99350e-06

           Step           Time
          89000      178.00000

   Energies (kJ/mol)
           Bond          Angle    Proper Dih. Per. Imp. Dih.          LJ-14
    1.29420e+03    3.37209e+03    3.90390e+03    2.09669e+02    1.51445e+03
     Coulomb-14        LJ (SR)  Disper. corr.   Coulomb (SR)   Coul. recip.
    2.21120e+04    1.11113e+05   -3.89641e+03   -9.16375e+05    2.68403e+03
      Potential    Kinetic En.   Total Energy  Conserved En.    Temperature
   -7.74054e+05    1.38946e+05   -6.35108e+05   -6.34222e+05    2.99214e+02
 Pres. DC (bar) Pressure (bar)   Constr. rmsd
   -1.15919e+02    2.68934e+01    3.99350e-06

           Step           Time
          89500      179.00000

   Energies (kJ/mol)
           Bond          Angle    Proper Dih. Per. Imp. Dih.          LJ-14
    1.25048e+03    3.55747e+03    3.94277e+03    2.35511e+02    1.56418e+03
     Coulomb-14        LJ (SR)  Disper. corr.   Coulomb (SR)   Coul. recip.
    2.22069e+04    1.10705e+05   -3.89771e+03   -9.17428e+05    2.67963e+03
      Potential    Kinetic En.   Total Energy  Conserved En.    Temperature
   -7.75164e+05    1.39824e+05   -6.35340e+05   -6.34241e+05    3.01105e+02
 Pres. DC (bar) Pressure (bar)   Constr. rmsd
   -1.15996e+02    5.95437e+01    3.99350e-06

           Step           Time
          90000      180.00000

   Energies (kJ/mol)
           Bond          Angle    Proper Dih. Per. Imp. Dih.          LJ-14
    1.23042e+03    3.41827e+03    3.95398e+03    1.97142e+02    1.56460e+03
     Coulomb-14        LJ (SR)  Disper. corr.   Coulomb (SR)   Coul. recip.
    2.21493e+04    1.09393e+05   -3.90070e+03   -9.15855e+05    2.69113e+03
      Potential    Kinetic En.   Total Energy  Conserved En.    Temperature
   -7.75144e+05    1.39565e+05   -6.35580e+05   -6.34218e+05    3.00546e+02
 Pres. DC (bar) Pressure (bar)   Constr. rmsd
   -1.16174e+02   -4.06634e+01    3.99350e-06

           Step           Time
          90500      181.00000

   Energies (kJ/mol)
           Bond          Angle    Proper Dih. Per. Imp. Dih.          LJ-14
    1.16875e+03    3.61655e+03    3.89273e+03    2.00736e+02    1.60492e+03
     Coulomb-14        LJ (SR)  Disper. corr.   Coulomb (SR)   Coul. recip.
    2.22095e+04    1.10721e+05   -3.89646e+03   -9.17001e+05    2.72942e+03
      Potential    Kinetic En.   Total Energy  Conserved En.    Temperature
   -7.74740e+05    1.39119e+05   -6.35620e+05   -6.34204e+05    2.99586e+02
 Pres. DC (bar) Pressure (bar)   Constr. rmsd
   -1.15922e+02    7.58369e+01    3.99350e-06

           Step           Time
          91000      182.00000

   Energies (kJ/mol)
           Bond          Angle    Proper Dih. Per. Imp. Dih.          LJ-14
    1.22077e+03    3.62214e+03    4.00821e+03    1.97929e+02    1.51195e+03
     Coulomb-14        LJ (SR)  Disper. corr.   Coulomb (SR)   Coul. recip.
    2.20090e+04    1.10929e+05   -3.90438e+03   -9.16152e+05    2.74417e+03
      Potential    Kinetic En.   Total Energy  Conserved En.    Temperature
   -7.73799e+05    1.39415e+05   -6.34384e+05   -6.34046e+05    3.00222e+02
 Pres. DC (bar) Pressure (bar)   Constr. rmsd
   -1.16393e+02    8.66229e+01    3.99350e-06

           Step           Time
          91500      183.00000

   Energies (kJ/mol)
           Bond          Angle    Proper Dih. Per. Imp. Dih.          LJ-14
    1.16669e+03    3.53684e+03    3.94885e+03    2.21390e+02    1.56860e+03
     Coulomb-14        LJ (SR)  Disper. corr.   Coulomb (SR)   Coul. recip.
    2.21840e+04    1.09990e+05   -3.90396e+03   -9.15996e+05    2.75568e+03
      Potential    Kinetic En.   Total Energy  Conserved En.    Temperature
   -7.74506e+05    1.39201e+05   -6.35305e+05   -6.33996e+05    2.99763e+02
 Pres. DC (bar) Pressure (bar)   Constr. rmsd
   -1.16368e+02   -4.31718e+00    3.99350e-06

           Step           Time
          92000      184.00000

   Energies (kJ/mol)
           Bond          Angle    Proper Dih. Per. Imp. Dih.          LJ-14
    1.23211e+03    3.54780e+03    3.91383e+03    2.34070e+02    1.54410e+03
     Coulomb-14        LJ (SR)  Disper. corr.   Coulomb (SR)   Coul. recip.
    2.20750e+04    1.10287e+05   -3.90952e+03   -9.16729e+05    2.82949e+03
      Potential    Kinetic En.   Total Energy  Conserved En.    Temperature
   -7.74954e+05    1.38488e+05   -6.36466e+05   -6.33890e+05    2.98228e+02
 Pres. DC (bar) Pressure (bar)   Constr. rmsd
   -1.16700e+02    2.66211e+01    3.99350e-06

           Step           Time
          92500      185.00000

   Energies (kJ/mol)
           Bond          Angle    Proper Dih. Per. Imp. Dih.          LJ-14
    1.21717e+03    3.53431e+03    3.96959e+03    1.96824e+02    1.50504e+03
     Coulomb-14        LJ (SR)  Disper. corr.   Coulomb (SR)   Coul. recip.
    2.20691e+04    1.09115e+05   -3.91174e+03   -9.15278e+05    2.74323e+03
      Potential    Kinetic En.   Total Energy  Conserved En.    Temperature
   -7.74816e+05    1.38746e+05   -6.36070e+05   -6.33925e+05    2.98783e+02
 Pres. DC (bar) Pressure (bar)   Constr. rmsd
   -1.16832e+02   -1.33246e+01    3.99350e-06

           Step           Time
          93000      186.00000

   Energies (kJ/mol)
           Bond          Angle    Proper Dih. Per. Imp. Dih.          LJ-14
    1.33901e+03    3.55893e+03    3.98333e+03    2.38703e+02    1.46953e+03
     Coulomb-14        LJ (SR)  Disper. corr.   Coulomb (SR)   Coul. recip.
    2.20927e+04    1.09585e+05   -3.91202e+03   -9.14902e+05    2.78262e+03
      Potential    Kinetic En.   Total Energy  Conserved En.    Temperature
   -7.73743e+05    1.38553e+05   -6.35190e+05   -6.33829e+05    2.98368e+02
 Pres. DC (bar) Pressure (bar)   Constr. rmsd
   -1.16849e+02   -6.68039e+01    3.99350e-06

           Step           Time
          93500      187.00000

   Energies (kJ/mol)
           Bond          Angle    Proper Dih. Per. Imp. Dih.          LJ-14
    1.14095e+03    3.67275e+03    3.96773e+03    2.30483e+02    1.55070e+03
     Coulomb-14        LJ (SR)  Disper. corr.   Coulomb (SR)   Coul. recip.
    2.20642e+04    1.11634e+05   -3.91072e+03   -9.17058e+05    2.75262e+03
      Potential    Kinetic En.   Total Energy  Conserved En.    Temperature
   -7.73940e+05    1.38518e+05   -6.35422e+05   -6.33971e+05    2.98291e+02
 Pres. DC (bar) Pressure (bar)   Constr. rmsd
   -1.16771e+02    2.68486e+02    3.99350e-06

           Step           Time
          94000      188.00000

   Energies (kJ/mol)
           Bond          Angle    Proper Dih. Per. Imp. Dih.          LJ-14
    1.17984e+03    3.58668e+03    3.95440e+03    1.98562e+02    1.58189e+03
     Coulomb-14        LJ (SR)  Disper. corr.   Coulomb (SR)   Coul. recip.
    2.21892e+04    1.10722e+05   -3.89708e+03   -9.15818e+05    2.66231e+03
      Potential    Kinetic En.   Total Energy  Conserved En.    Temperature
   -7.73618e+05    1.39214e+05   -6.34405e+05   -6.34278e+05    2.99790e+02
 Pres. DC (bar) Pressure (bar)   Constr. rmsd
   -1.15959e+02    1.36482e+02    3.99350e-06

           Step           Time
          94500      189.00000

   Energies (kJ/mol)
           Bond          Angle    Proper Dih. Per. Imp. Dih.          LJ-14
    1.20371e+03    3.59975e+03    3.97063e+03    1.78966e+02    1.51171e+03
     Coulomb-14        LJ (SR)  Disper. corr.   Coulomb (SR)   Coul. recip.
    2.22432e+04    1.11108e+05   -3.89550e+03   -9.15821e+05    2.73515e+03
      Potential    Kinetic En.   Total Energy  Conserved En.    Temperature
   -7.73144e+05    1.39268e+05   -6.33876e+05   -6.34271e+05    2.99906e+02
 Pres. DC (bar) Pressure (bar)   Constr. rmsd
   -1.15865e+02    9.69407e+01    3.99350e-06

           Step           Time
          95000      190.00000

   Energies (kJ/mol)
           Bond          Angle    Proper Dih. Per. Imp. Dih.          LJ-14
    1.06261e+03    3.65411e+03    3.92535e+03    1.77913e+02    1.61144e+03
     Coulomb-14        LJ (SR)  Disper. corr.   Coulomb (SR)   Coul. recip.
    2.20840e+04    1.09132e+05   -3.88510e+03   -9.14066e+05    2.81232e+03
      Potential    Kinetic En.   Total Energy  Conserved En.    Temperature
   -7.73475e+05    1.39514e+05   -6.33961e+05   -6.34597e+05    3.00437e+02
 Pres. DC (bar) Pressure (bar)   Constr. rmsd
   -1.15247e+02   -5.11056e+01    3.99350e-06

           Step           Time
          95500      191.00000

   Energies (kJ/mol)
           Bond          Angle    Proper Dih. Per. Imp. Dih.          LJ-14
    1.27491e+03    3.39068e+03    3.95248e+03    1.97818e+02    1.57380e+03
     Coulomb-14        LJ (SR)  Disper. corr.   Coulomb (SR)   Coul. recip.
    2.21551e+04    1.09458e+05   -3.87808e+03   -9.14188e+05    2.73709e+03
      Potential    Kinetic En.   Total Energy  Conserved En.    Temperature
   -7.73310e+05    1.39757e+05   -6.33552e+05   -6.34608e+05    3.00961e+02
 Pres. DC (bar) Pressure (bar)   Constr. rmsd
   -1.14831e+02   -1.14642e+02    3.99350e-06

           Step           Time
          96000      192.00000

   Energies (kJ/mol)
           Bond          Angle    Proper Dih. Per. Imp. Dih.          LJ-14
    1.25742e+03    3.51806e+03    3.97352e+03    2.18527e+02    1.53319e+03
     Coulomb-14        LJ (SR)  Disper. corr.   Coulomb (SR)   Coul. recip.
    2.21021e+04    1.11412e+05   -3.88230e+03   -9.16662e+05    2.80493e+03
      Potential    Kinetic En.   Total Energy  Conserved En.    Temperature
   -7.73702e+05    1.39412e+05   -6.34289e+05   -6.34575e+05    3.00218e+02
 Pres. DC (bar) Pressure (bar)   Constr. rmsd
   -1.15082e+02    4.13642e+01    3.99350e-06

           Step           Time
          96500      193.00000

   Energies (kJ/mol)
           Bond          Angle    Proper Dih. Per. Imp. Dih.          LJ-14
    1.25142e+03    3.76821e+03    3.97795e+03    1.83874e+02    1.53614e+03
     Coulomb-14        LJ (SR)  Disper. corr.   Coulomb (SR)   Coul. recip.
    2.20940e+04    1.10232e+05   -3.87748e+03   -9.14832e+05    2.75143e+03
      Potential    Kinetic En.   Total Energy  Conserved En.    Temperature
   -7.72892e+05    1.39151e+05   -6.33742e+05   -6.34681e+05    2.99654e+02
 Pres. DC (bar) Pressure (bar)   Constr. rmsd
   -1.14796e+02   -1.25000e+01    3.99350e-06

           Step           Time
          97000      194.00000

   Energies (kJ/mol)
           Bond          Angle    Proper Dih. Per. Imp. Dih.          LJ-14
    1.20540e+03    3.61120e+03    3.93810e+03    2.26019e+02    1.52835e+03
     Coulomb-14        LJ (SR)  Disper. corr.   Coulomb (SR)   Coul. recip.
    2.24237e+04    1.08717e+05   -3.87436e+03   -9.13105e+05    2.80773e+03
      Potential    Kinetic En.   Total Energy  Conserved En.    Temperature
   -7.72498e+05    1.39500e+05   -6.32998e+05   -6.34730e+05    3.00407e+02
 Pres. DC (bar) Pressure (bar)   Constr. rmsd
   -1.14612e+02   -1.83877e+02    3.99350e-06

           Step           Time
          97500      195.00000

   Energies (kJ/mol)
           Bond          Angle    Proper Dih. Per. Imp. Dih.          LJ-14
    1.17983e+03    3.59546e+03    3.97248e+03    1.84843e+02    1.56137e+03
     Coulomb-14        LJ (SR)  Disper. corr.   Coulomb (SR)   Coul. recip.
    2.21371e+04    1.09565e+05   -3.87618e+03   -9.13628e+05    2.70400e+03
      Potential    Kinetic En.   Total Energy  Conserved En.    Temperature
   -7.72581e+05    1.39675e+05   -6.32905e+05   -6.34654e+05    3.00784e+02
 Pres. DC (bar) Pressure (bar)   Constr. rmsd
   -1.14719e+02   -7.54980e+01    3.99350e-06

           Step           Time
          98000      196.00000

   Energies (kJ/mol)
           Bond          Angle    Proper Dih. Per. Imp. Dih.          LJ-14
    1.16804e+03    3.61864e+03    3.93360e+03    2.45231e+02    1.53813e+03
     Coulomb-14        LJ (SR)  Disper. corr.   Coulomb (SR)   Coul. recip.
    2.22011e+04    1.10537e+05   -3.87811e+03   -9.14795e+05    2.77921e+03
      Potential    Kinetic En.   Total Energy  Conserved En.    Temperature
   -7.72628e+05    1.38903e+05   -6.33726e+05   -6.34589e+05    2.99120e+02
 Pres. DC (bar) Pressure (bar)   Constr. rmsd
   -1.14833e+02    4.88820e+01    3.99350e-06

           Step           Time
          98500      197.00000

   Energies (kJ/mol)
           Bond          Angle    Proper Dih. Per. Imp. Dih.          LJ-14
    1.24172e+03    3.48557e+03    3.87899e+03    2.34080e+02    1.52529e+03
     Coulomb-14        LJ (SR)  Disper. corr.   Coulomb (SR)   Coul. recip.
    2.22720e+04    1.11378e+05   -3.88053e+03   -9.16295e+05    2.77279e+03
      Potential    Kinetic En.   Total Energy  Conserved En.    Temperature
   -7.73370e+05    1.39678e+05   -6.33693e+05   -6.34608e+05    3.00789e+02
 Pres. DC (bar) Pressure (bar)   Constr. rmsd
   -1.14977e+02    2.13313e+01    3.99350e-06

           Step           Time
          99000      198.00000

   Energies (kJ/mol)
           Bond          Angle    Proper Dih. Per. Imp. Dih.          LJ-14
    1.25765e+03    3.57446e+03    3.91344e+03    1.92309e+02    1.53956e+03
     Coulomb-14        LJ (SR)  Disper. corr.   Coulomb (SR)   Coul. recip.
    2.22872e+04    1.10191e+05   -3.87870e+03   -9.14149e+05    2.77393e+03
      Potential    Kinetic En.   Total Energy  Conserved En.    Temperature
   -7.72290e+05    1.39371e+05   -6.32919e+05   -6.34589e+05    3.00129e+02
 Pres. DC (bar) Pressure (bar)   Constr. rmsd
   -1.14868e+02   -6.22886e+01    3.99350e-06

           Step           Time
          99500      199.00000

   Energies (kJ/mol)
           Bond          Angle    Proper Dih. Per. Imp. Dih.          LJ-14
    1.15802e+03    3.81335e+03    4.01217e+03    2.47240e+02    1.54429e+03
     Coulomb-14        LJ (SR)  Disper. corr.   Coulomb (SR)   Coul. recip.
    2.22496e+04    1.09852e+05   -3.87836e+03   -9.13758e+05    2.70530e+03
      Potential    Kinetic En.   Total Energy  Conserved En.    Temperature
   -7.72036e+05    1.40155e+05   -6.31881e+05   -6.34597e+05    3.01818e+02
 Pres. DC (bar) Pressure (bar)   Constr. rmsd
   -1.14848e+02    1.21910e+01    3.99350e-06

           Step           Time
         100000      200.00000

   Energies (kJ/mol)
           Bond          Angle    Proper Dih. Per. Imp. Dih.          LJ-14
    1.21392e+03    3.56874e+03    4.04125e+03    2.05042e+02    1.55093e+03
     Coulomb-14        LJ (SR)  Disper. corr.   Coulomb (SR)   Coul. recip.
    2.23172e+04    1.09625e+05   -3.87467e+03   -9.14232e+05    2.74834e+03
      Potential    Kinetic En.   Total Energy  Conserved En.    Temperature
   -7.72812e+05    1.40959e+05   -6.31853e+05   -6.34602e+05    3.03549e+02
 Pres. DC (bar) Pressure (bar)   Constr. rmsd
   -1.14630e+02   -4.79529e+01    3.99350e-06

           Step           Time
         100500      201.00000

   Energies (kJ/mol)
           Bond          Angle    Proper Dih. Per. Imp. Dih.          LJ-14
    1.24647e+03    3.51335e+03    3.90978e+03    2.15327e+02    1.58972e+03
     Coulomb-14        LJ (SR)  Disper. corr.   Coulomb (SR)   Coul. recip.
    2.22553e+04    1.09493e+05   -3.87672e+03   -9.13818e+05    2.82109e+03
      Potential    Kinetic En.   Total Energy  Conserved En.    Temperature
   -7.72626e+05    1.39934e+05   -6.32692e+05   -6.34657e+05    3.01340e+02
 Pres. DC (bar) Pressure (bar)   Constr. rmsd
   -1.14751e+02   -7.79859e+01    3.99350e-06

           Step           Time
         101000      202.00000

   Energies (kJ/mol)
           Bond          Angle    Proper Dih. Per. Imp. Dih.          LJ-14
    1.20750e+03    3.64209e+03    3.86440e+03    1.99693e+02    1.54280e+03
     Coulomb-14        LJ (SR)  Disper. corr.   Coulomb (SR)   Coul. recip.
    2.22425e+04    1.10361e+05   -3.87848e+03   -9.14987e+05    2.74392e+03
      Potential    Kinetic En.   Total Energy  Conserved En.    Temperature
   -7.73036e+05    1.39695e+05   -6.33342e+05   -6.34553e+05    3.00826e+02
 Pres. DC (bar) Pressure (bar)   Constr. rmsd
   -1.14855e+02   -5.22926e+01    3.99350e-06

           Step           Time
         101500      203.00000

   Energies (kJ/mol)
           Bond          Angle    Proper Dih. Per. Imp. Dih.          LJ-14
    1.30039e+03    3.67771e+03    3.86347e+03    2.03564e+02    1.59622e+03
     Coulomb-14        LJ (SR)  Disper. corr.   Coulomb (SR)   Coul. recip.
    2.22282e+04    1.10901e+05   -3.88110e+03   -9.13481e+05    2.78173e+03
      Potential    Kinetic En.   Total Energy  Conserved En.    Temperature
   -7.70793e+05    1.39684e+05   -6.31109e+05   -6.34449e+05    3.00802e+02
 Pres. DC (bar) Pressure (bar)   Constr. rmsd
   -1.15010e+02    2.17892e+02    3.99350e-06

           Step           Time
         102000      204.00000

   Energies (kJ/mol)
           Bond          Angle    Proper Dih. Per. Imp. Dih.          LJ-14
    1.25509e+03    3.72682e+03    3.96471e+03    2.13579e+02    1.58940e+03
     Coulomb-14        LJ (SR)  Disper. corr.   Coulomb (SR)   Coul. recip.
    2.21406e+04    1.09077e+05   -3.88612e+03   -9.12957e+05    2.74620e+03
      Potential    Kinetic En.   Total Energy  Conserved En.    Temperature
   -7.72112e+05    1.39899e+05   -6.32213e+05   -6.34357e+05    3.01265e+02
 Pres. DC (bar) Pressure (bar)   Constr. rmsd
   -1.15308e+02   -2.69869e+01    3.99350e-06

           Step           Time
         102500      205.00000

   Energies (kJ/mol)
           Bond          Angle    Proper Dih. Per. Imp. Dih.          LJ-14
    1.30738e+03    3.61610e+03    3.96060e+03    1.99793e+02    1.53883e+03
     Coulomb-14        LJ (SR)  Disper. corr.   Coulomb (SR)   Coul. recip.
    2.23491e+04    1.08413e+05   -3.88837e+03   -9.12879e+05    2.73594e+03
      Potential    Kinetic En.   Total Energy  Conserved En.    Temperature
   -7.72638e+05    1.40247e+05   -6.32391e+05   -6.34301e+05    3.02015e+02
 Pres. DC (bar) Pressure (bar)   Constr. rmsd
   -1.15441e+02   -1.60751e+02    3.99350e-06

           Step           Time
         103000      206.00000

   Energies (kJ/mol)
           Bond          Angle    Proper Dih. Per. Imp. Dih.          LJ-14
    1.35685e+03    3.72121e+03    3.96970e+03    1.83492e+02    1.55845e+03
     Coulomb-14        LJ (SR)  Disper. corr.   Coulomb (SR)   Coul. recip.
    2.22733e+04    1.07682e+05   -3.89121e+03   -9.11061e+05    2.70920e+03
      Potential    Kinetic En.   Total Energy  Conserved En.    Temperature
   -7.71480e+05    1.40805e+05   -6.30674e+05   -6.34204e+05    3.03217e+02
 Pres. DC (bar) Pressure (bar)   Constr. rmsd
   -1.15610e+02   -1.70062e+02    3.99350e-06

           Step           Time
         103500      207.00000

   Energies (kJ/mol)
           Bond          Angle    Proper Dih. Per. Imp. Dih.          LJ-14
    1.27963e+03    3.52671e+03    3.90749e+03    2.19978e+02    1.57054e+03
     Coulomb-14        LJ (SR)  Disper. corr.   Coulomb (SR)   Coul. recip.
    2.22257e+04    1.10284e+05   -3.89339e+03   -9.14574e+05    2.71027e+03
      Potential    Kinetic En.   Total Energy  Conserved En.    Temperature
   -7.72724e+05    1.39710e+05   -6.33015e+05   -6.34158e+05    3.00858e+02
 Pres. DC (bar) Pressure (bar)   Constr. rmsd
   -1.15739e+02    6.09864e+01    3.99350e-06

           Step           Time
         104000      208.00000

   Energies (kJ/mol)
           Bond          Angle    Proper Dih. Per. Imp. Dih.          LJ-14
    1.20848e+03    3.65325e+03    3.94741e+03    2.32631e+02    1.54560e+03
     Coulomb-14        LJ (SR)  Disper. corr.   Coulomb (SR)   Coul. recip.
    2.22331e+04    1.10131e+05   -3.89600e+03   -9.15461e+05    2.68768e+03
      Potential    Kinetic En.   Total Energy  Conserved En.    Temperature
   -7.73708e+05    1.39811e+05   -6.33896e+05   -6.34146e+05    3.01077e+02
 Pres. DC (bar) Pressure (bar)   Constr. rmsd
   -1.15895e+02    1.75506e+01    3.99350e-06

           Step           Time
         104500      209.00000

   Energies (kJ/mol)
           Bond          Angle    Proper Dih. Per. Imp. Dih.          LJ-14
    1.26550e+03    3.65467e+03    3.88408e+03    2.00760e+02    1.60040e+03
     Coulomb-14        LJ (SR)  Disper. corr.   Coulomb (SR)   Coul. recip.
    2.24851e+04    1.11410e+05   -3.88769e+03   -9.16352e+05    2.71205e+03
      Potential    Kinetic En.   Total Energy  Conserved En.    Temperature
   -7.73008e+05    1.38786e+05   -6.34222e+05   -6.34204e+05    2.98869e+02
 Pres. DC (bar) Pressure (bar)   Constr. rmsd
   -1.15401e+02    8.90634e+01    3.99350e-06

           Step           Time
         105000      210.00000

   Energies (kJ/mol)
           Bond          Angle    Proper Dih. Per. Imp. Dih.          LJ-14
    1.12440e+03    3.81387e+03    3.93198e+03    2.20019e+02    1.61202e+03
     Coulomb-14        LJ (SR)  Disper. corr.   Coulomb (SR)   Coul. recip.
    2.22754e+04    1.10446e+05   -3.88508e+03   -9.16227e+05    2.77230e+03
      Potential    Kinetic En.   Total Energy  Conserved En.    Temperature
   -7.73890e+05    1.39679e+05   -6.34211e+05   -6.34376e+05    3.00791e+02
 Pres. DC (bar) Pressure (bar)   Constr. rmsd
   -1.15246e+02    1.82971e+01    3.99350e-06

           Step           Time
         105500      211.00000

   Energies (kJ/mol)
           Bond          Angle    Proper Dih. Per. Imp. Dih.          LJ-14
    1.31372e+03    3.57735e+03    3.97258e+03    2.33065e+02    1.55322e+03
     Coulomb-14        LJ (SR)  Disper. corr.   Coulomb (SR)   Coul. recip.
    2.22660e+04    1.08873e+05   -3.88972e+03   -9.14808e+05    2.87703e+03
      Potential    Kinetic En.   Total Energy  Conserved En.    Temperature
   -7.74006e+05    1.39325e+05   -6.34681e+05   -6.34210e+05    3.00029e+02
 Pres. DC (bar) Pressure (bar)   Constr. rmsd
   -1.15521e+02   -1.85127e+02    3.99350e-06

           Step           Time
         106000      212.00000

   Energies (kJ/mol)
           Bond          Angle    Proper Dih. Per. Imp. Dih.          LJ-14
    1.17672e+03    3.64592e+03    3.95195e+03    2.05435e+02    1.54088e+03
     Coulomb-14        LJ (SR)  Disper. corr.   Coulomb (SR)   Coul. recip.
    2.23093e+04    1.11922e+05   -3.89495e+03   -9.17344e+05    2.68365e+03
      Potential    Kinetic En.   Total Energy  Conserved En.    Temperature
   -7.73777e+05    1.39505e+05   -6.34272e+05   -6.34171e+05    3.00417e+02
 Pres. DC (bar) Pressure (bar)   Constr. rmsd
   -1.15832e+02    1.82748e+02    3.99350e-06

           Step           Time
         106500      213.00000

   Energies (kJ/mol)
           Bond          Angle    Proper Dih. Per. Imp. Dih.          LJ-14
    1.32008e+03    3.51059e+03    3.92107e+03    2.09529e+02    1.56101e+03
     Coulomb-14        LJ (SR)  Disper. corr.   Coulomb (SR)   Coul. recip.
    2.21924e+04    1.10248e+05   -3.89698e+03   -9.15791e+05    2.70987e+03
      Potential    Kinetic En.   Total Energy  Conserved En.    Temperature
   -7.73996e+05    1.38621e+05   -6.35374e+05   -6.34053e+05    2.98514e+02
 Pres. DC (bar) Pressure (bar)   Constr. rmsd
   -1.15952e+02    2.43216e+01    3.99350e-06

           Step           Time
         107000      214.00000

   Energies (kJ/mol)
           Bond          Angle    Proper Dih. Per. Imp. Dih.          LJ-14
    1.27880e+03    3.67694e+03    3.95635e+03    1.95881e+02    1.53050e+03
     Coulomb-14        LJ (SR)  Disper. corr.   Coulomb (SR)   Coul. recip.
    2.22054e+04    1.09803e+05   -3.89732e+03   -9.14948e+05    2.69047e+03
      Potential    Kinetic En.   Total Energy  Conserved En.    Temperature
   -7.73482e+05    1.39620e+05   -6.33861e+05   -6.34124e+05    3.00665e+02
 Pres. DC (bar) Pressure (bar)   Constr. rmsd
   -1.15973e+02   -2.08226e+01    3.99350e-06

           Step           Time
         107500      215.00000

   Energies (kJ/mol)
           Bond          Angle    Proper Dih. Per. Imp. Dih.          LJ-14
    1.23818e+03    3.62235e+03    3.91443e+03    2.19359e+02    1.64971e+03
     Coulomb-14        LJ (SR)  Disper. corr.   Coulomb (SR)   Coul. recip.
    2.23661e+04    1.09940e+05   -3.89243e+03   -9.14897e+05    2.71360e+03
      Potential    Kinetic En.   Total Energy  Conserved En.    Temperature
   -7.73105e+05    1.39329e+05   -6.33776e+05   -6.34234e+05    3.00037e+02
 Pres. DC (bar) Pressure (bar)   Constr. rmsd
   -1.15682e+02    1.02449e+02    3.99350e-06

           Step           Time
         108000      216.00000

   Energies (kJ/mol)
           Bond          Angle    Proper Dih. Per. Imp. Dih.          LJ-14
    1.14873e+03    3.60692e+03    3.98905e+03    2.12056e+02    1.61939e+03
     Coulomb-14        LJ (SR)  Disper. corr.   Coulomb (SR)   Coul. recip.
    2.22405e+04    1.11107e+05   -3.88948e+03   -9.16748e+05    2.70803e+03
      Potential    Kinetic En.   Total Energy  Conserved En.    Temperature
   -7.73978e+05    1.39338e+05   -6.34640e+05   -6.34279e+05    3.00058e+02
 Pres. DC (bar) Pressure (bar)   Constr. rmsd
   -1.15507e+02    8.47594e+01    3.99350e-06

           Step           Time
         108500      217.00000

   Energies (kJ/mol)
           Bond          Angle    Proper Dih. Per. Imp. Dih.          LJ-14
    1.30973e+03    3.53481e+03    3.89135e+03    2.07533e+02    1.52743e+03
     Coulomb-14        LJ (SR)  Disper. corr.   Coulomb (SR)   Coul. recip.
    2.22035e+04    1.09358e+05   -3.88641e+03   -9.15149e+05    2.72630e+03
      Potential    Kinetic En.   Total Energy  Conserved En.    Temperature
   -7.74251e+05    1.39149e+05   -6.35102e+05   -6.34324e+05    2.99651e+02
 Pres. DC (bar) Pressure (bar)   Constr. rmsd
   -1.15325e+02   -1.98615e+02    3.99350e-06

           Step           Time
         109000      218.00000

   Energies (kJ/mol)
           Bond          Angle    Proper Dih. Per. Imp. Dih.          LJ-14
    1.29900e+03    3.63916e+03    3.97830e+03    1.92698e+02    1.53816e+03
     Coulomb-14        LJ (SR)  Disper. corr.   Coulomb (SR)   Coul. recip.
    2.22148e+04    1.09130e+05   -3.89318e+03   -9.14368e+05    2.72175e+03
      Potential    Kinetic En.   Total Energy  Conserved En.    Temperature
   -7.73526e+05    1.38888e+05   -6.34638e+05   -6.34154e+05    2.99088e+02
 Pres. DC (bar) Pressure (bar)   Constr. rmsd
   -1.15727e+02   -1.22679e+02    3.99350e-06

           Step           Time
         109500      219.00000

   Energies (kJ/mol)
           Bond          Angle    Proper Dih. Per. Imp. Dih.          LJ-14
    1.31936e+03    3.44709e+03    3.87953e+03    2.40645e+02    1.50768e+03
     Coulomb-14        LJ (SR)  Disper. corr.   Coulomb (SR)   Coul. recip.
    2.21729e+04    1.10838e+05   -3.88952e+03   -9.16102e+05    2.75012e+03
      Potential    Kinetic En.   Total Energy  Conserved En.    Temperature
   -7.73833e+05    1.39512e+05   -6.34321e+05   -6.34122e+05    3.00432e+02
 Pres. DC (bar) Pressure (bar)   Constr. rmsd
   -1.15510e+02    3.35372e+01    3.99350e-06

           Step           Time
         110000      220.00000

   Energies (kJ/mol)
           Bond          Angle    Proper Dih. Per. Imp. Dih.          LJ-14
    1.32398e+03    3.53630e+03    3.97397e+03    1.82520e+02    1.63215e+03
     Coulomb-14        LJ (SR)  Disper. corr.   Coulomb (SR)   Coul. recip.
    2.24045e+04    1.10599e+05   -3.89312e+03   -9.15435e+05    2.78362e+03
      Potential    Kinetic En.   Total Energy  Conserved En.    Temperature
   -7.72870e+05    1.39064e+05   -6.33806e+05   -6.34163e+05    2.99467e+02
 Pres. DC (bar) Pressure (bar)   Constr. rmsd
   -1.15723e+02    5.50773e+01    3.99350e-06

           Step           Time
         110500      221.00000

   Energies (kJ/mol)
           Bond          Angle    Proper Dih. Per. Imp. Dih.          LJ-14
    1.25748e+03    3.51789e+03    3.96966e+03    2.02345e+02    1.58080e+03
     Coulomb-14        LJ (SR)  Disper. corr.   Coulomb (SR)   Coul. recip.
    2.23090e+04    1.09008e+05   -3.88702e+03   -9.14327e+05    2.67218e+03
      Potential    Kinetic En.   Total Energy  Conserved En.    Temperature
   -7.73685e+05    1.39737e+05   -6.33948e+05   -6.34207e+05    3.00917e+02
 Pres. DC (bar) Pressure (bar)   Constr. rmsd
   -1.15361e+02   -1.31437e+02    3.99350e-06

           Step           Time
         111000      222.00000

   Energies (kJ/mol)
           Bond          Angle    Proper Dih. Per. Imp. Dih.          LJ-14
    1.32861e+03    3.57309e+03    3.98722e+03    1.96830e+02    1.59447e+03
     Coulomb-14        LJ (SR)  Disper. corr.   Coulomb (SR)   Coul. recip.
    2.22886e+04    1.11336e+05   -3.88712e+03   -9.17763e+05    2.68577e+03
      Potential    Kinetic En.   Total Energy  Conserved En.    Temperature
   -7.74638e+05    1.40242e+05   -6.34396e+05   -6.34177e+05    3.02004e+02
 Pres. DC (bar) Pressure (bar)   Constr. rmsd
   -1.15367e+02    6.06182e+01    3.99350e-06

           Step           Time
         111500      223.00000

   Energies (kJ/mol)
           Bond          Angle    Proper Dih. Per. Imp. Dih.          LJ-14
    1.19844e+03    3.60264e+03    3.87907e+03    2.04732e+02    1.56924e+03
     Coulomb-14        LJ (SR)  Disper. corr.   Coulomb (SR)   Coul. recip.
    2.22675e+04    1.12178e+05   -3.88669e+03   -9.17350e+05    2.74819e+03
      Potential    Kinetic En.   Total Energy  Conserved En.    Temperature
   -7.73567e+05    1.39996e+05   -6.33571e+05   -6.34339e+05    3.01475e+02
 Pres. DC (bar) Pressure (bar)   Constr. rmsd
   -1.15342e+02    1.58989e+02    3.99350e-06

           Step           Time
         112000      224.00000

   Energies (kJ/mol)
           Bond          Angle    Proper Dih. Per. Imp. Dih.          LJ-14
    1.24641e+03    3.46899e+03    3.91502e+03    2.28884e+02    1.52682e+03
     Coulomb-14        LJ (SR)  Disper. corr.   Coulomb (SR)   Coul. recip.
    2.23583e+04    1.11174e+05   -3.88468e+03   -9.16850e+05    2.75124e+03
      Potential    Kinetic En.   Total Energy  Conserved En.    Temperature
   -7.74043e+05    1.39166e+05   -6.34877e+05   -6.34303e+05    2.99688e+02
 Pres. DC (bar) Pressure (bar)   Constr. rmsd
   -1.15223e+02    5.83536e+01    3.99350e-06

           Step           Time
         112500      225.00000

   Energies (kJ/mol)
           Bond          Angle    Proper Dih. Per. Imp. Dih.          LJ-14
    1.25779e+03    3.42283e+03    3.87082e+03    2.11572e+02    1.59030e+03
     Coulomb-14        LJ (SR)  Disper. corr.   Coulomb (SR)   Coul. recip.
    2.23483e+04    1.11275e+05   -3.88421e+03   -9.15746e+05    2.74664e+03
      Potential    Kinetic En.   Total Energy  Conserved En.    Temperature
   -7.72896e+05    1.38907e+05   -6.33989e+05   -6.34300e+05    2.99129e+02
 Pres. DC (bar) Pressure (bar)   Constr. rmsd
   -1.15194e+02    6.86641e+01    3.99350e-06

           Step           Time
         113000      226.00000

   Energies (kJ/mol)
           Bond          Angle    Proper Dih. Per. Imp. Dih.          LJ-14
    1.31718e+03    3.60244e+03    3.94871e+03    2.29022e+02    1.53130e+03
     Coulomb-14        LJ (SR)  Disper. corr.   Coulomb (SR)   Coul. recip.
    2.21361e+04    1.08864e+05   -3.88732e+03   -9.13553e+05    2.67087e+03
      Potential    Kinetic En.   Total Energy  Conserved En.    Temperature
   -7.73118e+05    1.39712e+05   -6.33405e+05   -6.34263e+05    3.00864e+02
 Pres. DC (bar) Pressure (bar)   Constr. rmsd
   -1.15379e+02   -1.21791e+02    3.99350e-06

           Step           Time
         113500      227.00000

   Energies (kJ/mol)
           Bond          Angle    Proper Dih. Per. Imp. Dih.          LJ-14
    1.29844e+03    3.66546e+03    3.98463e+03    2.18208e+02    1.59394e+03
     Coulomb-14        LJ (SR)  Disper. corr.   Coulomb (SR)   Coul. recip.
    2.23143e+04    1.10576e+05   -3.88035e+03   -9.15798e+05    2.65930e+03
      Potential    Kinetic En.   Total Energy  Conserved En.    Temperature
   -7.73355e+05    1.39654e+05   -6.33701e+05   -6.34441e+05    3.00739e+02
 Pres. DC (bar) Pressure (bar)   Constr. rmsd
   -1.14966e+02   -5.31432e+01    3.99350e-06

           Step           Time
         114000      228.00000

   Energies (kJ/mol)
           Bond          Angle    Proper Dih. Per. Imp. Dih.          LJ-14
    1.20281e+03    3.67123e+03    3.96660e+03    2.41874e+02    1.57377e+03
     Coulomb-14        LJ (SR)  Disper. corr.   Coulomb (SR)   Coul. recip.
    2.22971e+04    1.10492e+05   -3.88189e+03   -9.15312e+05    2.69078e+03
      Potential    Kinetic En.   Total Energy  Conserved En.    Temperature
   -7.73035e+05    1.39216e+05   -6.33819e+05   -6.34365e+05    2.99794e+02
 Pres. DC (bar) Pressure (bar)   Constr. rmsd
   -1.15057e+02   -6.87309e+00    3.99350e-06

           Step           Time
         114500      229.00000

   Energies (kJ/mol)
           Bond          Angle    Proper Dih. Per. Imp. Dih.          LJ-14
    1.09236e+03    3.60963e+03    4.01740e+03    2.01320e+02    1.66535e+03
     Coulomb-14        LJ (SR)  Disper. corr.   Coulomb (SR)   Coul. recip.
    2.24163e+04    1.10390e+05   -3.89260e+03   -9.16554e+05    2.79745e+03
      Potential    Kinetic En.   Total Energy  Conserved En.    Temperature
   -7.74233e+05    1.40854e+05   -6.33379e+05   -6.34120e+05    3.03323e+02
 Pres. DC (bar) Pressure (bar)   Constr. rmsd
   -1.15692e+02    1.03564e+02    3.99350e-06

           Step           Time
         115000      230.00000

   Energies (kJ/mol)
           Bond          Angle    Proper Dih. Per. Imp. Dih.          LJ-14
    1.16980e+03    3.65256e+03    3.92236e+03    2.37896e+02    1.58914e+03
     Coulomb-14        LJ (SR)  Disper. corr.   Coulomb (SR)   Coul. recip.
    2.21928e+04    1.09935e+05   -3.88926e+03   -9.13814e+05    2.69920e+03
      Potential    Kinetic En.   Total Energy  Conserved En.    Temperature
   -7.72292e+05    1.38534e+05   -6.33758e+05   -6.34148e+05    2.98326e+02
 Pres. DC (bar) Pressure (bar)   Constr. rmsd
   -1.15494e+02    6.43877e+01    3.99350e-06

           Step           Time
         115500      231.00000

   Energies (kJ/mol)
           Bond          Angle    Proper Dih. Per. Imp. Dih.          LJ-14
    1.29807e+03    3.66384e+03    4.00105e+03    2.35978e+02    1.55313e+03
     Coulomb-14        LJ (SR)  Disper. corr.   Coulomb (SR)   Coul. recip.
    2.21848e+04    1.08852e+05   -3.89154e+03   -9.13889e+05    2.68923e+03
      Potential    Kinetic En.   Total Energy  Conserved En.    Temperature
   -7.73297e+05    1.40069e+05   -6.33228e+05   -6.34064e+05    3.01632e+02
 Pres. DC (bar) Pressure (bar)   Constr. rmsd
   -1.15630e+02   -1.43495e+02    3.99350e-06

           Step           Time
         116000      232.00000

   Energies (kJ/mol)
           Bond          Angle    Proper Dih. Per. Imp. Dih.          LJ-14
    1.23217e+03    3.61798e+03    3.89034e+03    1.88409e+02    1.54228e+03
     Coulomb-14        LJ (SR)  Disper. corr.   Coulomb (SR)   Coul. recip.
    2.23705e+04    1.09113e+05   -3.88980e+03   -9.14996e+05    2.82476e+03
      Potential    Kinetic En.   Total Energy  Conserved En.    Temperature
   -7.74102e+05    1.39281e+05   -6.34820e+05   -6.34141e+05    2.99935e+02
 Pres. DC (bar) Pressure (bar)   Constr. rmsd
   -1.15526e+02   -1.46722e+02    3.99350e-06

           Step           Time
         116500      233.00000

   Energies (kJ/mol)
           Bond          Angle    Proper Dih. Per. Imp. Dih.          LJ-14
    1.28660e+03    3.46921e+03    3.94863e+03    2.21276e+02    1.52656e+03
     Coulomb-14        LJ (SR)  Disper. corr.   Coulomb (SR)   Coul. recip.
    2.23068e+04    1.11107e+05   -3.89117e+03   -9.16924e+05    2.69830e+03
      Potential    Kinetic En.   Total Energy  Conserved En.    Temperature
   -7.74246e+05    1.39050e+05   -6.35196e+05   -6.34060e+05    2.99437e+02
 Pres. DC (bar) Pressure (bar)   Constr. rmsd
   -1.15607e+02    8.28825e+01    3.99350e-06

           Step           Time
         117000      234.00000

   Energies (kJ/mol)
           Bond          Angle    Proper Dih. Per. Imp. Dih.          LJ-14
    1.21715e+03    3.43502e+03    3.89531e+03    1.66155e+02    1.58590e+03
     Coulomb-14        LJ (SR)  Disper. corr.   Coulomb (SR)   Coul. recip.
    2.23281e+04    1.09938e+05   -3.89359e+03   -9.14963e+05    2.78474e+03
      Potential    Kinetic En.   Total Energy  Conserved En.    Temperature
   -7.73493e+05    1.37742e+05   -6.35750e+05   -6.34124e+05    2.96622e+02
 Pres. DC (bar) Pressure (bar)   Constr. rmsd
   -1.15751e+02   -2.61210e+01    3.99350e-06

           Step           Time
         117500      235.00000

   Energies (kJ/mol)
           Bond          Angle    Proper Dih. Per. Imp. Dih.          LJ-14
    1.20066e+03    3.64496e+03    3.96694e+03    2.16526e+02    1.53842e+03
     Coulomb-14        LJ (SR)  Disper. corr.   Coulomb (SR)   Coul. recip.
    2.23021e+04    1.09502e+05   -3.88572e+03   -9.14648e+05    2.77234e+03
      Potential    Kinetic En.   Total Energy  Conserved En.    Temperature
   -7.73376e+05    1.38480e+05   -6.34895e+05   -6.34155e+05    2.98210e+02
 Pres. DC (bar) Pressure (bar)   Constr. rmsd
   -1.15284e+02   -1.04363e+02    3.99350e-06

           Step           Time
         118000      236.00000

   Energies (kJ/mol)
           Bond          Angle    Proper Dih. Per. Imp. Dih.          LJ-14
    1.29530e+03    3.59370e+03    3.82219e+03    2.11491e+02    1.55396e+03
     Coulomb-14        LJ (SR)  Disper. corr.   Coulomb (SR)   Coul. recip.
    2.22942e+04    1.09818e+05   -3.88563e+03   -9.15648e+05    2.78305e+03
      Potential    Kinetic En.   Total Energy  Conserved En.    Temperature
   -7.74147e+05    1.38906e+05   -6.35242e+05   -6.34158e+05    2.99127e+02
 Pres. DC (bar) Pressure (bar)   Constr. rmsd
   -1.15279e+02   -1.11361e+02    3.99350e-06

           Step           Time
         118500      237.00000

   Energies (kJ/mol)
           Bond          Angle    Proper Dih. Per. Imp. Dih.          LJ-14
    1.20782e+03    3.46639e+03    3.93130e+03    2.13130e+02    1.53737e+03
     Coulomb-14        LJ (SR)  Disper. corr.   Coulomb (SR)   Coul. recip.
    2.21691e+04    1.11074e+05   -3.88675e+03   -9.16066e+05    2.83904e+03
      Potential    Kinetic En.   Total Energy  Conserved En.    Temperature
   -7.73499e+05    1.39271e+05   -6.34229e+05   -6.34178e+05    2.99912e+02
 Pres. DC (bar) Pressure (bar)   Constr. rmsd
   -1.15345e+02    5.86267e+01    3.99350e-06

           Step           Time
         119000      238.00000

   Energies (kJ/mol)
           Bond          Angle    Proper Dih. Per. Imp. Dih.          LJ-14
    1.16796e+03    3.50554e+03    3.89881e+03    2.15683e+02    1.61700e+03
     Coulomb-14        LJ (SR)  Disper. corr.   Coulomb (SR)   Coul. recip.
    2.23670e+04    1.10952e+05   -3.88495e+03   -9.17246e+05    2.77601e+03
      Potential    Kinetic En.   Total Energy  Conserved En.    Temperature
   -7.74603e+05    1.38877e+05   -6.35726e+05   -6.34194e+05    2.99065e+02
 Pres. DC (bar) Pressure (bar)   Constr. rmsd
   -1.15238e+02    2.95627e+01    3.99350e-06

           Step           Time
         119500      239.00000

   Energies (kJ/mol)
           Bond          Angle    Proper Dih. Per. Imp. Dih.          LJ-14
    1.24049e+03    3.62472e+03    3.98359e+03    2.48175e+02    1.52597e+03
     Coulomb-14        LJ (SR)  Disper. corr.   Coulomb (SR)   Coul. recip.
    2.23004e+04    1.11753e+05   -3.88444e+03   -9.18235e+05    2.76079e+03
      Potential    Kinetic En.   Total Energy  Conserved En.    Temperature
   -7.74658e+05    1.39656e+05   -6.35002e+05   -6.34264e+05    3.00743e+02
 Pres. DC (bar) Pressure (bar)   Constr. rmsd
   -1.15208e+02    9.50797e+01    3.99350e-06

           Step           Time
         120000      240.00000

   Energies (kJ/mol)
           Bond          Angle    Proper Dih. Per. Imp. Dih.          LJ-14
    1.19365e+03    3.59508e+03    3.85524e+03    1.95153e+02    1.54788e+03
     Coulomb-14        LJ (SR)  Disper. corr.   Coulomb (SR)   Coul. recip.
    2.22145e+04    1.10925e+05   -3.88261e+03   -9.15792e+05    2.70306e+03
      Potential    Kinetic En.   Total Energy  Conserved En.    Temperature
   -7.73429e+05    1.39037e+05   -6.34393e+05   -6.34327e+05    2.99409e+02
 Pres. DC (bar) Pressure (bar)   Constr. rmsd
   -1.15100e+02    1.40504e+02    3.99350e-06

           Step           Time
         120500      241.00000

   Energies (kJ/mol)
           Bond          Angle    Proper Dih. Per. Imp. Dih.          LJ-14
    1.22156e+03    3.53603e+03    3.89056e+03    1.86802e+02    1.56052e+03
     Coulomb-14        LJ (SR)  Disper. corr.   Coulomb (SR)   Coul. recip.
    2.23650e+04    1.09495e+05   -3.87980e+03   -9.15137e+05    2.78985e+03
      Potential    Kinetic En.   Total Energy  Conserved En.    Temperature
   -7.73956e+05    1.38702e+05   -6.35254e+05   -6.34442e+05    2.98687e+02
 Pres. DC (bar) Pressure (bar)   Constr. rmsd
   -1.14933e+02   -8.34921e+01    3.99350e-06

           Step           Time
         121000      242.00000

   Energies (kJ/mol)
           Bond          Angle    Proper Dih. Per. Imp. Dih.          LJ-14
    1.17192e+03    3.44922e+03    3.91064e+03    2.20854e+02    1.55174e+03
     Coulomb-14        LJ (SR)  Disper. corr.   Coulomb (SR)   Coul. recip.
    2.22745e+04    1.10704e+05   -3.87935e+03   -9.16460e+05    2.77992e+03
      Potential    Kinetic En.   Total Energy  Conserved En.    Temperature
   -7.74260e+05    1.38546e+05   -6.35715e+05   -6.34326e+05    2.98351e+02
 Pres. DC (bar) Pressure (bar)   Constr. rmsd
   -1.14907e+02   -7.86413e+01    3.99350e-06

           Step           Time
         121500      243.00000

   Energies (kJ/mol)
           Bond          Angle    Proper Dih. Per. Imp. Dih.          LJ-14
    1.21196e+03    3.61001e+03    3.99292e+03    1.94435e+02    1.51948e+03
     Coulomb-14        LJ (SR)  Disper. corr.   Coulomb (SR)   Coul. recip.
    2.21593e+04    1.11395e+05   -3.88153e+03   -9.16859e+05    2.74193e+03
      Potential    Kinetic En.   Total Energy  Conserved En.    Temperature
   -7.73910e+05    1.38715e+05   -6.35194e+05   -6.34194e+05    2.98716e+02
 Pres. DC (bar) Pressure (bar)   Constr. rmsd
   -1.15036e+02   -5.05438e+00    3.99350e-06

           Step           Time
         122000      244.00000

   Energies (kJ/mol)
           Bond          Angle    Proper Dih. Per. Imp. Dih.          LJ-14
    1.26970e+03    3.49553e+03    3.92200e+03    1.99659e+02    1.56412e+03
     Coulomb-14        LJ (SR)  Disper. corr.   Coulomb (SR)   Coul. recip.
    2.23850e+04    1.10089e+05   -3.88556e+03   -9.16352e+05    2.75894e+03
      Potential    Kinetic En.   Total Energy  Conserved En.    Temperature
   -7.74547e+05    1.39088e+05   -6.35459e+05   -6.34214e+05    2.99519e+02
 Pres. DC (bar) Pressure (bar)   Constr. rmsd
   -1.15275e+02   -1.03760e+02    3.99350e-06

           Step           Time
         122500      245.00000

   Energies (kJ/mol)
           Bond          Angle    Proper Dih. Per. Imp. Dih.          LJ-14
    1.28423e+03    3.60456e+03    3.86808e+03    1.99804e+02    1.55814e+03
     Coulomb-14        LJ (SR)  Disper. corr.   Coulomb (SR)   Coul. recip.
    2.21341e+04    1.11268e+05   -3.88996e+03   -9.15727e+05    2.68630e+03
      Potential    Kinetic En.   Total Energy  Conserved En.    Temperature
   -7.73006e+05    1.37780e+05   -6.35226e+05   -6.33999e+05    2.96703e+02
 Pres. DC (bar) Pressure (bar)   Constr. rmsd
   -1.15536e+02    1.48592e+02    3.99350e-06

           Step           Time
         123000      246.00000

   Energies (kJ/mol)
           Bond          Angle    Proper Dih. Per. Imp. Dih.          LJ-14
    1.29799e+03    3.62616e+03    4.05166e+03    2.14763e+02    1.61056e+03
     Coulomb-14        LJ (SR)  Disper. corr.   Coulomb (SR)   Coul. recip.
    2.23634e+04    1.12510e+05   -3.89379e+03   -9.18168e+05    2.65861e+03
      Potential    Kinetic En.   Total Energy  Conserved En.    Temperature
   -7.73712e+05    1.40098e+05   -6.33615e+05   -6.33982e+05    3.01693e+02
 Pres. DC (bar) Pressure (bar)   Constr. rmsd
   -1.15763e+02    2.50487e+02    3.99350e-06

           Step           Time
         123500      247.00000

   Energies (kJ/mol)
           Bond          Angle    Proper Dih. Per. Imp. Dih.          LJ-14
    1.24458e+03    3.61404e+03    3.93104e+03    2.20519e+02    1.53584e+03
     Coulomb-14        LJ (SR)  Disper. corr.   Coulomb (SR)   Coul. recip.
    2.24075e+04    1.11033e+05   -3.89743e+03   -9.17667e+05    2.72153e+03
      Potential    Kinetic En.   Total Energy  Conserved En.    Temperature
   -7.74850e+05    1.39499e+05   -6.35350e+05   -6.33933e+05    3.00405e+02
 Pres. DC (bar) Pressure (bar)   Constr. rmsd
   -1.15979e+02    5.53212e+00    3.99350e-06

           Step           Time
         124000      248.00000

   Energies (kJ/mol)
           Bond          Angle    Proper Dih. Per. Imp. Dih.          LJ-14
    1.18707e+03    3.41541e+03    4.04361e+03    2.14186e+02    1.62408e+03
     Coulomb-14        LJ (SR)  Disper. corr.   Coulomb (SR)   Coul. recip.
    2.22775e+04    1.10539e+05   -3.89528e+03   -9.17268e+05    2.73297e+03
      Potential    Kinetic En.   Total Energy  Conserved En.    Temperature
   -7.75112e+05    1.38605e+05   -6.36507e+05   -6.34029e+05    2.98479e+02
 Pres. DC (bar) Pressure (bar)   Constr. rmsd
   -1.15852e+02    6.72393e+01    3.99350e-06

           Step           Time
         124500      249.00000

   Energies (kJ/mol)
           Bond          Angle    Proper Dih. Per. Imp. Dih.          LJ-14
    1.16182e+03    3.70480e+03    3.97696e+03    1.82178e+02    1.53667e+03
     Coulomb-14        LJ (SR)  Disper. corr.   Coulomb (SR)   Coul. recip.
    2.23674e+04    1.10532e+05   -3.88351e+03   -9.16646e+05    2.66753e+03
      Potential    Kinetic En.   Total Energy  Conserved En.    Temperature
   -7.74384e+05    1.39129e+05   -6.35255e+05   -6.34369e+05    2.99607e+02
 Pres. DC (bar) Pressure (bar)   Constr. rmsd
   -1.15153e+02   -5.19017e+01    3.99350e-06

           Step           Time
         125000      250.00000

   Energies (kJ/mol)
           Bond          Angle    Proper Dih. Per. Imp. Dih.          LJ-14
    1.21407e+03    3.57857e+03    3.92464e+03    2.09024e+02    1.56176e+03
     Coulomb-14        LJ (SR)  Disper. corr.   Coulomb (SR)   Coul. recip.
    2.23125e+04    1.10544e+05   -3.87918e+03   -9.16751e+05    2.70222e+03
      Potential    Kinetic En.   Total Energy  Conserved En.    Temperature
   -7.74566e+05    1.38749e+05   -6.35817e+05   -6.34366e+05    2.98790e+02
 Pres. DC (bar) Pressure (bar)   Constr. rmsd
   -1.14897e+02   -4.50699e+01    3.99350e-06

           Step           Time
         125500      251.00000

   Energies (kJ/mol)
           Bond          Angle    Proper Dih. Per. Imp. Dih.          LJ-14
    1.29831e+03    3.62182e+03    3.93193e+03    2.14908e+02    1.51676e+03
     Coulomb-14        LJ (SR)  Disper. corr.   Coulomb (SR)   Coul. recip.
    2.22944e+04    1.10783e+05   -3.88157e+03   -9.17360e+05    2.82650e+03
      Potential    Kinetic En.   Total Energy  Conserved En.    Temperature
   -7.74737e+05    1.38824e+05   -6.35912e+05   -6.34147e+05    2.98951e+02
 Pres. DC (bar) Pressure (bar)   Constr. rmsd
   -1.15038e+02   -5.62263e+01    3.99350e-06

           Step           Time
         126000      252.00000

   Energies (kJ/mol)
           Bond          Angle    Proper Dih. Per. Imp. Dih.          LJ-14
    1.27212e+03    3.43546e+03    3.95567e+03    2.02754e+02    1.55496e+03
     Coulomb-14        LJ (SR)  Disper. corr.   Coulomb (SR)   Coul. recip.
    2.22763e+04    1.12196e+05   -3.88567e+03   -9.18849e+05    2.71619e+03
      Potential    Kinetic En.   Total Energy  Conserved En.    Temperature
   -7.75117e+05    1.39681e+05   -6.35436e+05   -6.34215e+05    3.00797e+02
 Pres. DC (bar) Pressure (bar)   Constr. rmsd
   -1.15281e+02    6.47261e+01    3.99350e-06

           Step           Time
         126500      253.00000

   Energies (kJ/mol)
           Bond          Angle    Proper Dih. Per. Imp. Dih.          LJ-14
    1.18211e+03    3.58476e+03    4.03301e+03    2.31567e+02    1.59316e+03
     Coulomb-14        LJ (SR)  Disper. corr.   Coulomb (SR)   Coul. recip.
    2.23776e+04    1.09592e+05   -3.88080e+03   -9.14972e+05    2.80180e+03
      Potential    Kinetic En.   Total Energy  Conserved En.    Temperature
   -7.73448e+05    1.38914e+05   -6.34534e+05   -6.34187e+05    2.99145e+02
 Pres. DC (bar) Pressure (bar)   Constr. rmsd
   -1.14993e+02   -1.59982e+02    3.99350e-06

           Step           Time
         127000      254.00000

   Energies (kJ/mol)
           Bond          Angle    Proper Dih. Per. Imp. Dih.          LJ-14
    1.24628e+03    3.56973e+03    3.96500e+03    2.32588e+02    1.55120e+03
     Coulomb-14        LJ (SR)  Disper. corr.   Coulomb (SR)   Coul. recip.
    2.22183e+04    1.09525e+05   -3.88766e+03   -9.14691e+05    2.75136e+03
      Potential    Kinetic En.   Total Energy  Conserved En.    Temperature
   -7.73501e+05    1.39736e+05   -6.33764e+05   -6.34033e+05    3.00915e+02
 Pres. DC (bar) Pressure (bar)   Constr. rmsd
   -1.15399e+02   -3.66142e+01    3.99350e-06

           Step           Time
         127500      255.00000

   Energies (kJ/mol)
           Bond          Angle    Proper Dih. Per. Imp. Dih.          LJ-14
    1.18663e+03    3.67573e+03    3.95066e+03    2.00199e+02    1.56089e+03
     Coulomb-14        LJ (SR)  Disper. corr.   Coulomb (SR)   Coul. recip.
    2.22951e+04    1.10185e+05   -3.89332e+03   -9.15711e+05    2.67577e+03
      Potential    Kinetic En.   Total Energy  Conserved En.    Temperature
   -7.73865e+05    1.39513e+05   -6.34352e+05   -6.33891e+05    3.00435e+02
 Pres. DC (bar) Pressure (bar)   Constr. rmsd
   -1.15735e+02   -1.27817e+01    3.99350e-06

           Step           Time
         128000      256.00000

   Energies (kJ/mol)
           Bond          Angle    Proper Dih. Per. Imp. Dih.          LJ-14
    1.17088e+03    3.63618e+03    3.83746e+03    1.88159e+02    1.59894e+03
     Coulomb-14        LJ (SR)  Disper. corr.   Coulomb (SR)   Coul. recip.
    2.23453e+04    1.09021e+05   -3.89502e+03   -9.14487e+05    2.77220e+03
      Potential    Kinetic En.   Total Energy  Conserved En.    Temperature
   -7.73793e+05    1.39073e+05   -6.34721e+05   -6.33831e+05    2.99486e+02
 Pres. DC (bar) Pressure (bar)   Constr. rmsd
   -1.15836e+02   -1.11587e+02    3.99350e-06

           Step           Time
         128500      257.00000

   Energies (kJ/mol)
           Bond          Angle    Proper Dih. Per. Imp. Dih.          LJ-14
    1.36844e+03    3.50950e+03    3.91291e+03    2.10840e+02    1.53300e+03
     Coulomb-14        LJ (SR)  Disper. corr.   Coulomb (SR)   Coul. recip.
    2.23088e+04    1.10633e+05   -3.89909e+03   -9.16772e+05    2.75162e+03
      Potential    Kinetic En.   Total Energy  Conserved En.    Temperature
   -7.74433e+05    1.39900e+05   -6.34534e+05   -6.33774e+05    3.01267e+02
 Pres. DC (bar) Pressure (bar)   Constr. rmsd
   -1.16078e+02   -4.06941e+01    3.99350e-06

           Step           Time
         129000      258.00000

   Energies (kJ/mol)
           Bond          Angle    Proper Dih. Per. Imp. Dih.          LJ-14
    1.26127e+03    3.54966e+03    3.93712e+03    1.99730e+02    1.58559e+03
     Coulomb-14        LJ (SR)  Disper. corr.   Coulomb (SR)   Coul. recip.
    2.22418e+04    1.11319e+05   -3.89888e+03   -9.17408e+05    2.73156e+03
      Potential    Kinetic En.   Total Energy  Conserved En.    Temperature
   -7.74479e+05    1.38966e+05   -6.35513e+05   -6.33792e+05    2.99256e+02
 Pres. DC (bar) Pressure (bar)   Constr. rmsd
   -1.16066e+02    1.13794e+02    3.99350e-06

           Step           Time
         129500      259.00000

   Energies (kJ/mol)
           Bond          Angle    Proper Dih. Per. Imp. Dih.          LJ-14
    1.22223e+03    3.58000e+03    3.86587e+03    1.97969e+02    1.58393e+03
     Coulomb-14        LJ (SR)  Disper. corr.   Coulomb (SR)   Coul. recip.
    2.23645e+04    1.11914e+05   -3.90005e+03   -9.18626e+05    2.72693e+03
      Potential    Kinetic En.   Total Energy  Conserved En.    Temperature
   -7.75060e+05    1.39045e+05   -6.36014e+05   -6.33743e+05    2.99427e+02
 Pres. DC (bar) Pressure (bar)   Constr. rmsd
   -1.16135e+02    1.48306e+02    3.99350e-06

           Step           Time
         130000      260.00000

   Energies (kJ/mol)
           Bond          Angle    Proper Dih. Per. Imp. Dih.          LJ-14
    1.34481e+03    3.54011e+03    3.88326e+03    1.96869e+02    1.58649e+03
     Coulomb-14        LJ (SR)  Disper. corr.   Coulomb (SR)   Coul. recip.
    2.22824e+04    1.10937e+05   -3.90517e+03   -9.17366e+05    2.77539e+03
      Potential    Kinetic En.   Total Energy  Conserved En.    Temperature
   -7.74706e+05    1.38995e+05   -6.35711e+05   -6.33670e+05    2.99319e+02
 Pres. DC (bar) Pressure (bar)   Constr. rmsd
   -1.16440e+02    5.59632e+01    3.99350e-06

           Step           Time
         130500      261.00000

   Energies (kJ/mol)
           Bond          Angle    Proper Dih. Per. Imp. Dih.          LJ-14
    1.23929e+03    3.74405e+03    3.91744e+03    1.84843e+02    1.55292e+03
     Coulomb-14        LJ (SR)  Disper. corr.   Coulomb (SR)   Coul. recip.
    2.21973e+04    1.10029e+05   -3.90300e+03   -9.15081e+05    2.72782e+03
      Potential    Kinetic En.   Total Energy  Conserved En.    Temperature
   -7.73380e+05    1.39035e+05   -6.34345e+05   -6.33740e+05    2.99406e+02
 Pres. DC (bar) Pressure (bar)   Constr. rmsd
   -1.16311e+02    2.99946e+01    3.99350e-06

           Step           Time
         131000      262.00000

   Energies (kJ/mol)
           Bond          Angle    Proper Dih. Per. Imp. Dih.          LJ-14
    1.16685e+03    3.58311e+03    3.87554e+03    2.23573e+02    1.56880e+03
     Coulomb-14        LJ (SR)  Disper. corr.   Coulomb (SR)   Coul. recip.
    2.22026e+04    1.08264e+05   -3.89346e+03   -9.14170e+05    2.66306e+03
      Potential    Kinetic En.   Total Energy  Conserved En.    Temperature
   -7.74505e+05    1.39381e+05   -6.35124e+05   -6.33851e+05    3.00150e+02
 Pres. DC (bar) Pressure (bar)   Constr. rmsd
   -1.15743e+02   -2.26306e+02    3.99350e-06

           Step           Time
         131500      263.00000

   Energies (kJ/mol)
           Bond          Angle    Proper Dih. Per. Imp. Dih.          LJ-14
    1.25529e+03    3.44290e+03    3.98458e+03    1.97457e+02    1.54949e+03
     Coulomb-14        LJ (SR)  Disper. corr.   Coulomb (SR)   Coul. recip.
    2.22161e+04    1.09717e+05   -3.89181e+03   -9.16239e+05    2.73737e+03
      Potential    Kinetic En.   Total Energy  Conserved En.    Temperature
   -7.75011e+05    1.39307e+05   -6.35705e+05   -6.33900e+05    2.99990e+02
 Pres. DC (bar) Pressure (bar)   Constr. rmsd
   -1.15646e+02   -1.23490e+02    3.99350e-06

           Step           Time
         132000      264.00000

   Energies (kJ/mol)
           Bond          Angle    Proper Dih. Per. Imp. Dih.          LJ-14
    1.19358e+03    3.68697e+03    3.87138e+03    2.17991e+02    1.55731e+03
     Coulomb-14        LJ (SR)  Disper. corr.   Coulomb (SR)   Coul. recip.
    2.23106e+04    1.09362e+05   -3.89070e+03   -9.13396e+05    2.76295e+03
      Potential    Kinetic En.   Total Energy  Conserved En.    Temperature
   -7.72313e+05    1.38603e+05   -6.33710e+05   -6.34009e+05    2.98474e+02
 Pres. DC (bar) Pressure (bar)   Constr. rmsd
   -1.15580e+02   -2.01885e+01    3.99350e-06

           Step           Time
         132500      265.00000

   Energies (kJ/mol)
           Bond          Angle    Proper Dih. Per. Imp. Dih.          LJ-14
    1.20602e+03    3.42176e+03    3.88218e+03    1.94312e+02    1.57507e+03
     Coulomb-14        LJ (SR)  Disper. corr.   Coulomb (SR)   Coul. recip.
    2.23699e+04    1.10207e+05   -3.88968e+03   -9.15266e+05    2.63004e+03
      Potential    Kinetic En.   Total Energy  Conserved En.    Temperature
   -7.73650e+05    1.39554e+05   -6.34095e+05   -6.33996e+05    3.00524e+02
 Pres. DC (bar) Pressure (bar)   Constr. rmsd
   -1.15519e+02    3.55693e+01    3.99350e-06

           Step           Time
         133000      266.00000

   Energies (kJ/mol)
           Bond          Angle    Proper Dih. Per. Imp. Dih.          LJ-14
    1.23032e+03    3.61982e+03    3.89596e+03    1.81082e+02    1.53429e+03
     Coulomb-14        LJ (SR)  Disper. corr.   Coulomb (SR)   Coul. recip.
    2.21524e+04    1.10692e+05   -3.88830e+03   -9.16021e+05    2.85049e+03
      Potential    Kinetic En.   Total Energy  Conserved En.    Temperature
   -7.73742e+05    1.39151e+05   -6.34591e+05   -6.34018e+05    2.99654e+02
 Pres. DC (bar) Pressure (bar)   Constr. rmsd
   -1.15437e+02    3.07358e+01    3.99350e-06

           Step           Time
         133500      267.00000

   Energies (kJ/mol)
           Bond          Angle    Proper Dih. Per. Imp. Dih.          LJ-14
    1.33425e+03    3.56233e+03    3.87144e+03    2.20012e+02    1.61275e+03
     Coulomb-14        LJ (SR)  Disper. corr.   Coulomb (SR)   Coul. recip.
    2.23177e+04    1.09496e+05   -3.88889e+03   -9.12618e+05    2.76738e+03
      Potential    Kinetic En.   Total Energy  Conserved En.    Temperature
   -7.71320e+05    1.39100e+05   -6.32221e+05   -6.33998e+05    2.99544e+02
 Pres. DC (bar) Pressure (bar)   Constr. rmsd
   -1.15472e+02    6.62403e+01    3.99350e-06

           Step           Time
         134000      268.00000

   Energies (kJ/mol)
           Bond          Angle    Proper Dih. Per. Imp. Dih.          LJ-14
    1.19772e+03    3.51201e+03    3.88218e+03    2.02213e+02    1.64778e+03
     Coulomb-14        LJ (SR)  Disper. corr.   Coulomb (SR)   Coul. recip.
    2.25152e+04    1.10613e+05   -3.88810e+03   -9.15912e+05    2.80568e+03
      Potential    Kinetic En.   Total Energy  Conserved En.    Temperature
   -7.73412e+05    1.40422e+05   -6.32990e+05   -6.34100e+05    3.02392e+02
 Pres. DC (bar) Pressure (bar)   Constr. rmsd
   -1.15426e+02    8.15578e+01    3.99350e-06

           Step           Time
         134500      269.00000

   Energies (kJ/mol)
           Bond          Angle    Proper Dih. Per. Imp. Dih.          LJ-14
    1.36695e+03    3.56500e+03    3.97022e+03    1.85696e+02    1.53701e+03
     Coulomb-14        LJ (SR)  Disper. corr.   Coulomb (SR)   Coul. recip.
    2.22445e+04    1.10133e+05   -3.88768e+03   -9.14526e+05    2.63326e+03
      Potential    Kinetic En.   Total Energy  Conserved En.    Temperature
   -7.72766e+05    1.39857e+05   -6.32910e+05   -6.33957e+05    3.01175e+02
 Pres. DC (bar) Pressure (bar)   Constr. rmsd
   -1.15400e+02   -3.79180e+01    3.99350e-06

           Step           Time
         135000      270.00000

   Energies (kJ/mol)
           Bond          Angle    Proper Dih. Per. Imp. Dih.          LJ-14
    1.31329e+03    3.64244e+03    3.93121e+03    1.98722e+02    1.55283e+03
     Coulomb-14        LJ (SR)  Disper. corr.   Coulomb (SR)   Coul. recip.
    2.21582e+04    1.10179e+05   -3.88228e+03   -9.13931e+05    2.68246e+03
      Potential    Kinetic En.   Total Energy  Conserved En.    Temperature
   -7.72144e+05    1.39488e+05   -6.32656e+05   -6.34237e+05    3.00381e+02
 Pres. DC (bar) Pressure (bar)   Constr. rmsd
   -1.15080e+02   -6.14218e+00    3.99350e-06

           Step           Time
         135500      271.00000

   Energies (kJ/mol)
           Bond          Angle    Proper Dih. Per. Imp. Dih.          LJ-14
    1.22025e+03    3.59932e+03    3.93275e+03    1.88740e+02    1.56897e+03
     Coulomb-14        LJ (SR)  Disper. corr.   Coulomb (SR)   Coul. recip.
    2.20973e+04    1.09544e+05   -3.88262e+03   -9.14183e+05    2.74808e+03
      Potential    Kinetic En.   Total Energy  Conserved En.    Temperature
   -7.73162e+05    1.39522e+05   -6.33640e+05   -6.34047e+05    3.00453e+02
 Pres. DC (bar) Pressure (bar)   Constr. rmsd
   -1.15101e+02    1.19060e+00    3.99350e-06

           Step           Time
         136000      272.00000

   Energies (kJ/mol)
           Bond          Angle    Proper Dih. Per. Imp. Dih.          LJ-14
    1.34208e+03    3.58438e+03    3.92898e+03    2.01033e+02    1.56739e+03
     Coulomb-14        LJ (SR)  Disper. corr.   Coulomb (SR)   Coul. recip.
    2.23442e+04    1.11094e+05   -3.88442e+03   -9.15822e+05    2.79024e+03
      Potential    Kinetic En.   Total Energy  Conserved En.    Temperature
   -7.72842e+05    1.38806e+05   -6.34036e+05   -6.34046e+05    2.98911e+02
 Pres. DC (bar) Pressure (bar)   Constr. rmsd
   -1.15207e+02    1.24249e+01    3.99350e-06

           Step           Time
         136500      273.00000

   Energies (kJ/mol)
           Bond          Angle    Proper Dih. Per. Imp. Dih.          LJ-14
    1.28416e+03    3.57222e+03    3.91424e+03    2.59333e+02    1.56301e+03
     Coulomb-14        LJ (SR)  Disper. corr.   Coulomb (SR)   Coul. recip.
    2.24815e+04    1.07813e+05   -3.88112e+03   -9.13257e+05    2.73099e+03
      Potential    Kinetic En.   Total Energy  Conserved En.    Temperature
   -7.73507e+05    1.39762e+05   -6.33744e+05   -6.34109e+05    3.00972e+02
 Pres. DC (bar) Pressure (bar)   Constr. rmsd
   -1.15011e+02   -2.72520e+02    3.99350e-06

           Step           Time
         137000      274.00000

   Energies (kJ/mol)
           Bond          Angle    Proper Dih. Per. Imp. Dih.          LJ-14
    1.24297e+03    3.69348e+03    3.94949e+03    1.89498e+02    1.50358e+03
     Coulomb-14        LJ (SR)  Disper. corr.   Coulomb (SR)   Coul. recip.
    2.23139e+04    1.10371e+05   -3.88237e+03   -9.16579e+05    2.68877e+03
      Potential    Kinetic En.   Total Energy  Conserved En.    Temperature
   -7.74503e+05    1.40184e+05   -6.34319e+05   -6.34073e+05    3.01879e+02
 Pres. DC (bar) Pressure (bar)   Constr. rmsd
   -1.15085e+02   -7.14214e+01    3.99350e-06

           Step           Time
         137500      275.00000

   Energies (kJ/mol)
           Bond          Angle    Proper Dih. Per. Imp. Dih.          LJ-14
    1.16406e+03    3.62804e+03    3.91495e+03    1.89358e+02    1.61896e+03
     Coulomb-14        LJ (SR)  Disper. corr.   Coulomb (SR)   Coul. recip.
    2.23344e+04    1.09360e+05   -3.88555e+03   -9.15340e+05    2.70164e+03
      Potential    Kinetic En.   Total Energy  Conserved En.    Temperature
   -7.74308e+05    1.39821e+05   -6.34487e+05   -6.34018e+05    3.01098e+02
 Pres. DC (bar) Pressure (bar)   Constr. rmsd
   -1.15274e+02   -1.09767e+02    3.99350e-06

           Step           Time
         138000      276.00000

   Energies (kJ/mol)
           Bond          Angle    Proper Dih. Per. Imp. Dih.          LJ-14
    1.22720e+03    3.67341e+03    3.91360e+03    2.17119e+02    1.58551e+03
     Coulomb-14        LJ (SR)  Disper. corr.   Coulomb (SR)   Coul. recip.
    2.23433e+04    1.09290e+05   -3.88862e+03   -9.15234e+05    2.79751e+03
      Potential    Kinetic En.   Total Energy  Conserved En.    Temperature
   -7.74061e+05    1.37992e+05   -6.36070e+05   -6.33829e+05    2.97158e+02
 Pres. DC (bar) Pressure (bar)   Constr. rmsd
   -1.15456e+02   -8.92266e+01    3.99350e-06

           Step           Time
         138500      277.00000

   Energies (kJ/mol)
           Bond          Angle    Proper Dih. Per. Imp. Dih.          LJ-14
    1.17857e+03    3.69368e+03    3.91968e+03    2.24776e+02    1.58971e+03
     Coulomb-14        LJ (SR)  Disper. corr.   Coulomb (SR)   Coul. recip.
    2.22509e+04    1.09940e+05   -3.89173e+03   -9.16994e+05    2.72948e+03
      Potential    Kinetic En.   Total Energy  Conserved En.    Temperature
   -7.75345e+05    1.39456e+05   -6.35890e+05   -6.33828e+05    3.00311e+02
 Pres. DC (bar) Pressure (bar)   Constr. rmsd
   -1.15641e+02   -5.02628e+01    3.99350e-06

           Step           Time
         139000      278.00000

   Energies (kJ/mol)
           Bond          Angle    Proper Dih. Per. Imp. Dih.          LJ-14
    1.23843e+03    3.49587e+03    3.93014e+03    1.86136e+02    1.56947e+03
     Coulomb-14        LJ (SR)  Disper. corr.   Coulomb (SR)   Coul. recip.
    2.23902e+04    1.09144e+05   -3.89165e+03   -9.15598e+05    2.73477e+03
      Potential    Kinetic En.   Total Energy  Conserved En.    Temperature
   -7.74787e+05    1.39133e+05   -6.35654e+05   -6.33945e+05    2.99616e+02
 Pres. DC (bar) Pressure (bar)   Constr. rmsd
   -1.15636e+02   -5.03916e+01    3.99350e-06

           Step           Time
         139500      279.00000

   Energies (kJ/mol)
           Bond          Angle    Proper Dih. Per. Imp. Dih.          LJ-14
    1.17390e+03    3.54062e+03    3.88177e+03    1.75962e+02    1.49776e+03
     Coulomb-14        LJ (SR)  Disper. corr.   Coulomb (SR)   Coul. recip.
    2.22564e+04    1.10062e+05   -3.89247e+03   -9.15392e+05    2.68899e+03
      Potential    Kinetic En.   Total Energy  Conserved En.    Temperature
   -7.74001e+05    1.38206e+05   -6.35795e+05   -6.33898e+05    2.97620e+02
 Pres. DC (bar) Pressure (bar)   Constr. rmsd
   -1.15685e+02   -3.99800e+01    3.99350e-06

           Step           Time
         140000      280.00000

   Energies (kJ/mol)
           Bond          Angle    Proper Dih. Per. Imp. Dih.          LJ-14
    1.14086e+03    3.42326e+03    3.88359e+03    1.99763e+02    1.64038e+03
     Coulomb-14        LJ (SR)  Disper. corr.   Coulomb (SR)   Coul. recip.
    2.23435e+04    1.11284e+05   -3.88603e+03   -9.17278e+05    2.74814e+03
      Potential    Kinetic En.   Total Energy  Conserved En.    Temperature
   -7.74485e+05    1.39099e+05   -6.35387e+05   -6.34007e+05    2.99542e+02
 Pres. DC (bar) Pressure (bar)   Constr. rmsd
   -1.15302e+02    6.98310e+01    3.99350e-06

           Step           Time
         140500      281.00000

   Energies (kJ/mol)
           Bond          Angle    Proper Dih. Per. Imp. Dih.          LJ-14
    1.35010e+03    3.53838e+03    3.92274e+03    2.12897e+02    1.54623e+03
     Coulomb-14        LJ (SR)  Disper. corr.   Coulomb (SR)   Coul. recip.
    2.22166e+04    1.11956e+05   -3.88228e+03   -9.18469e+05    2.74378e+03
      Potential    Kinetic En.   Total Energy  Conserved En.    Temperature
   -7.74849e+05    1.39177e+05   -6.35672e+05   -6.34082e+05    2.99711e+02
 Pres. DC (bar) Pressure (bar)   Constr. rmsd
   -1.15080e+02    5.86992e+01    3.99350e-06

           Step           Time
         141000      282.00000

   Energies (kJ/mol)
           Bond          Angle    Proper Dih. Per. Imp. Dih.          LJ-14
    1.21300e+03    3.68796e+03    3.91925e+03    2.35115e+02    1.47213e+03
     Coulomb-14        LJ (SR)  Disper. corr.   Coulomb (SR)   Coul. recip.
    2.22645e+04    1.10808e+05   -3.88276e+03   -9.17310e+05    2.75907e+03
      Potential    Kinetic En.   Total Energy  Conserved En.    Temperature
   -7.74818e+05    1.38778e+05   -6.36040e+05   -6.33995e+05    2.98852e+02
 Pres. DC (bar) Pressure (bar)   Constr. rmsd
   -1.15109e+02   -9.08389e+01    3.99350e-06

           Step           Time
         141500      283.00000

   Energies (kJ/mol)
           Bond          Angle    Proper Dih. Per. Imp. Dih.          LJ-14
    1.28535e+03    3.57126e+03    3.97984e+03    1.91713e+02    1.52704e+03
     Coulomb-14        LJ (SR)  Disper. corr.   Coulomb (SR)   Coul. recip.
    2.22618e+04    1.10663e+05   -3.88772e+03   -9.16752e+05    2.71603e+03
      Potential    Kinetic En.   Total Energy  Conserved En.    Temperature
   -7.74437e+05    1.39191e+05   -6.35246e+05   -6.33968e+05    2.99740e+02
 Pres. DC (bar) Pressure (bar)   Constr. rmsd
   -1.15402e+02   -5.55083e+01    3.99350e-06

           Step           Time
         142000      284.00000

   Energies (kJ/mol)
           Bond          Angle    Proper Dih. Per. Imp. Dih.          LJ-14
    1.24116e+03    3.87298e+03    3.82795e+03    2.14660e+02    1.58483e+03
     Coulomb-14        LJ (SR)  Disper. corr.   Coulomb (SR)   Coul. recip.
    2.23304e+04    1.08204e+05   -3.88345e+03   -9.11898e+05    2.78356e+03
      Potential    Kinetic En.   Total Energy  Conserved En.    Temperature
   -7.71714e+05    1.38499e+05   -6.33215e+05   -6.33994e+05    2.98250e+02
 Pres. DC (bar) Pressure (bar)   Constr. rmsd
   -1.15149e+02   -1.63531e+02    3.99350e-06

           Step           Time
         142500      285.00000

   Energies (kJ/mol)
           Bond          Angle    Proper Dih. Per. Imp. Dih.          LJ-14
    1.34411e+03    3.72107e+03    3.94043e+03    2.56082e+02    1.51428e+03
     Coulomb-14        LJ (SR)  Disper. corr.   Coulomb (SR)   Coul. recip.
    2.22927e+04    1.11239e+05   -3.88208e+03   -9.16250e+05    2.63740e+03
      Potential    Kinetic En.   Total Energy  Conserved En.    Temperature
   -7.73180e+05    1.39860e+05   -6.33320e+05   -6.34094e+05    3.01181e+02
 Pres. DC (bar) Pressure (bar)   Constr. rmsd
   -1.15068e+02    5.69144e+01    3.99350e-06

           Step           Time
         143000      286.00000

   Energies (kJ/mol)
           Bond          Angle    Proper Dih. Per. Imp. Dih.          LJ-14
    1.29746e+03    3.53210e+03    3.90050e+03    2.02057e+02    1.53217e+03
     Coulomb-14        LJ (SR)  Disper. corr.   Coulomb (SR)   Coul. recip.
    2.23510e+04    1.10525e+05   -3.88434e+03   -9.15875e+05    2.64381e+03
      Potential    Kinetic En.   Total Energy  Conserved En.    Temperature
   -7.73773e+05    1.39943e+05   -6.33830e+05   -6.33955e+05    3.01360e+02
 Pres. DC (bar) Pressure (bar)   Constr. rmsd
   -1.15202e+02    9.64196e+00    3.99350e-06

           Step           Time
         143500      287.00000

   Energies (kJ/mol)
           Bond          Angle    Proper Dih. Per. Imp. Dih.          LJ-14
    1.20310e+03    3.51399e+03    3.99854e+03    2.15936e+02    1.57345e+03
     Coulomb-14        LJ (SR)  Disper. corr.   Coulomb (SR)   Coul. recip.
    2.22900e+04    1.10563e+05   -3.89175e+03   -9.15350e+05    2.68172e+03
      Potential    Kinetic En.   Total Energy  Conserved En.    Temperature
   -7.73194e+05    1.38624e+05   -6.34570e+05   -6.33916e+05    2.98519e+02
 Pres. DC (bar) Pressure (bar)   Constr. rmsd
   -1.15642e+02    1.12760e+02    3.99350e-06

           Step           Time
         144000      288.00000

   Energies (kJ/mol)
           Bond          Angle    Proper Dih. Per. Imp. Dih.          LJ-14
    1.28324e+03    3.65034e+03    3.91257e+03    2.27699e+02    1.56324e+03
     Coulomb-14        LJ (SR)  Disper. corr.   Coulomb (SR)   Coul. recip.
    2.22775e+04    1.09492e+05   -3.88592e+03   -9.14903e+05    2.72639e+03
      Potential    Kinetic En.   Total Energy  Conserved En.    Temperature
   -7.73640e+05    1.39362e+05   -6.34279e+05   -6.33893e+05    3.00109e+02
 Pres. DC (bar) Pressure (bar)   Constr. rmsd
   -1.15296e+02   -1.27424e+02    3.99350e-06

           Step           Time
         144500      289.00000

   Energies (kJ/mol)
           Bond          Angle    Proper Dih. Per. Imp. Dih.          LJ-14
    1.20665e+03    3.69353e+03    3.86532e+03    1.63022e+02    1.50377e+03
     Coulomb-14        LJ (SR)  Disper. corr.   Coulomb (SR)   Coul. recip.
    2.21751e+04    1.11032e+05   -3.88988e+03   -9.16990e+05    2.67410e+03
      Potential    Kinetic En.   Total Energy  Conserved En.    Temperature
   -7.74558e+05    1.39142e+05   -6.35417e+05   -6.33808e+05    2.99635e+02
 Pres. DC (bar) Pressure (bar)   Constr. rmsd
   -1.15531e+02    6.34690e+01    3.99350e-06

           Step           Time
         145000      290.00000

   Energies (kJ/mol)
           Bond          Angle    Proper Dih. Per. Imp. Dih.          LJ-14
    1.30260e+03    3.53866e+03    3.90645e+03    2.06639e+02    1.53172e+03
     Coulomb-14        LJ (SR)  Disper. corr.   Coulomb (SR)   Coul. recip.
    2.22241e+04    1.10808e+05   -3.88983e+03   -9.16412e+05    2.66461e+03
      Potential    Kinetic En.   Total Energy  Conserved En.    Temperature
   -7.74110e+05    1.39005e+05   -6.35105e+05   -6.33885e+05    2.99340e+02
 Pres. DC (bar) Pressure (bar)   Constr. rmsd
   -1.15528e+02    8.40797e+00    3.99350e-06

           Step           Time
         145500      291.00000

   Energies (kJ/mol)
           Bond          Angle    Proper Dih. Per. Imp. Dih.          LJ-14
    1.15902e+03    3.72961e+03    3.91336e+03    1.89082e+02    1.52322e+03
     Coulomb-14        LJ (SR)  Disper. corr.   Coulomb (SR)   Coul. recip.
    2.22274e+04    1.09965e+05   -3.89312e+03   -9.15618e+05    2.72900e+03
      Potential    Kinetic En.   Total Energy  Conserved En.    Temperature
   -7.74066e+05    1.38961e+05   -6.35105e+05   -6.33874e+05    2.99245e+02
 Pres. DC (bar) Pressure (bar)   Constr. rmsd
   -1.15724e+02    4.30297e+01    3.99350e-06

           Step           Time
         146000      292.00000

   Energies (kJ/mol)
           Bond          Angle    Proper Dih. Per. Imp. Dih.          LJ-14
    1.15733e+03    3.56698e+03    3.97349e+03    2.21322e+02    1.58652e+03
     Coulomb-14        LJ (SR)  Disper. corr.   Coulomb (SR)   Coul. recip.
    2.25442e+04    1.09275e+05   -3.88723e+03   -9.14729e+05    2.73128e+03
      Potential    Kinetic En.   Total Energy  Conserved En.    Temperature
   -7.73551e+05    1.39207e+05   -6.34344e+05   -6.33900e+05    2.99775e+02
 Pres. DC (bar) Pressure (bar)   Constr. rmsd
   -1.15374e+02   -7.82407e+01    3.99350e-06

           Step           Time
         146500      293.00000

   Energies (kJ/mol)
           Bond          Angle    Proper Dih. Per. Imp. Dih.          LJ-14
    1.28698e+03    3.73174e+03    3.95096e+03    1.98960e+02    1.57035e+03
     Coulomb-14        LJ (SR)  Disper. corr.   Coulomb (SR)   Coul. recip.
    2.22552e+04    1.10632e+05   -3.88799e+03   -9.15390e+05    2.68887e+03
      Potential    Kinetic En.   Total Energy  Conserved En.    Temperature
   -7.72959e+05    1.39486e+05   -6.33473e+05   -6.33822e+05    3.00377e+02
 Pres. DC (bar) Pressure (bar)   Constr. rmsd
   -1.15419e+02    4.52120e+01    3.99350e-06

           Step           Time
         147000      294.00000

   Energies (kJ/mol)
           Bond          Angle    Proper Dih. Per. Imp. Dih.          LJ-14
    1.27967e+03    3.66517e+03    3.95168e+03    2.30838e+02    1.57589e+03
     Coulomb-14        LJ (SR)  Disper. corr.   Coulomb (SR)   Coul. recip.
    2.23443e+04    1.08834e+05   -3.89539e+03   -9.14083e+05    2.66988e+03
      Potential    Kinetic En.   Total Energy  Conserved En.    Temperature
   -7.73411e+05    1.40659e+05   -6.32752e+05   -6.33685e+05    3.02902e+02
 Pres. DC (bar) Pressure (bar)   Constr. rmsd
   -1.15858e+02   -6.62437e+01    3.99350e-06

           Step           Time
         147500      295.00000

   Energies (kJ/mol)
           Bond          Angle    Proper Dih. Per. Imp. Dih.          LJ-14
    1.32433e+03    3.85534e+03    3.93229e+03    1.91566e+02    1.58102e+03
     Coulomb-14        LJ (SR)  Disper. corr.   Coulomb (SR)   Coul. recip.
    2.24008e+04    1.09280e+05   -3.90075e+03   -9.13728e+05    2.64679e+03
      Potential    Kinetic En.   Total Energy  Conserved En.    Temperature
   -7.72400e+05    1.39923e+05   -6.32477e+05   -6.33507e+05    3.01317e+02
 Pres. DC (bar) Pressure (bar)   Constr. rmsd
   -1.16177e+02   -2.69382e+01    3.99350e-06

           Step           Time
         148000      296.00000

   Energies (kJ/mol)
           Bond          Angle    Proper Dih. Per. Imp. Dih.          LJ-14
    1.32516e+03    3.58807e+03    4.00215e+03    2.44377e+02    1.55842e+03
     Coulomb-14        LJ (SR)  Disper. corr.   Coulomb (SR)   Coul. recip.
    2.23334e+04    1.11458e+05   -3.90187e+03   -9.16411e+05    2.67911e+03
      Potential    Kinetic En.   Total Energy  Conserved En.    Temperature
   -7.73108e+05    1.40444e+05   -6.32664e+05   -6.33485e+05    3.02439e+02
 Pres. DC (bar) Pressure (bar)   Constr. rmsd
   -1.16244e+02    1.44984e+02    3.99350e-06

           Step           Time
         148500      297.00000

   Energies (kJ/mol)
           Bond          Angle    Proper Dih. Per. Imp. Dih.          LJ-14
    1.31173e+03    3.64284e+03    3.91590e+03    2.26437e+02    1.60641e+03
     Coulomb-14        LJ (SR)  Disper. corr.   Coulomb (SR)   Coul. recip.
    2.22899e+04    1.09653e+05   -3.89760e+03   -9.14237e+05    2.80254e+03
      Potential    Kinetic En.   Total Energy  Conserved En.    Temperature
   -7.72663e+05    1.39742e+05   -6.32922e+05   -6.33668e+05    3.00926e+02
 Pres. DC (bar) Pressure (bar)   Constr. rmsd
   -1.15989e+02    6.25353e+01    3.99350e-06

           Step           Time
         149000      298.00000

   Energies (kJ/mol)
           Bond          Angle    Proper Dih. Per. Imp. Dih.          LJ-14
    1.26977e+03    3.59591e+03    3.91958e+03    1.96880e+02    1.56164e+03
     Coulomb-14        LJ (SR)  Disper. corr.   Coulomb (SR)   Coul. recip.
    2.22845e+04    1.09780e+05   -3.89041e+03   -9.14545e+05    2.74200e+03
      Potential    Kinetic En.   Total Energy  Conserved En.    Temperature
   -7.73074e+05    1.39979e+05   -6.33095e+05   -6.33827e+05    3.01438e+02
 Pres. DC (bar) Pressure (bar)   Constr. rmsd
   -1.15563e+02   -9.87886e+01    3.99350e-06

           Step           Time
         149500      299.00000

   Energies (kJ/mol)
           Bond          Angle    Proper Dih. Per. Imp. Dih.          LJ-14
    1.22733e+03    3.74651e+03    3.92190e+03    2.12858e+02    1.51967e+03
     Coulomb-14        LJ (SR)  Disper. corr.   Coulomb (SR)   Coul. recip.
    2.22603e+04    1.10553e+05   -3.88726e+03   -9.15620e+05    2.74221e+03
      Potential    Kinetic En.   Total Energy  Conserved En.    Temperature
   -7.73306e+05    1.39300e+05   -6.34006e+05   -6.33857e+05    2.99975e+02
 Pres. DC (bar) Pressure (bar)   Constr. rmsd
   -1.15376e+02    8.52793e-01    3.99350e-06

           Step           Time
         150000      300.00000

   Energies (kJ/mol)
           Bond          Angle    Proper Dih. Per. Imp. Dih.          LJ-14
    1.23556e+03    3.70417e+03    3.94297e+03    1.90529e+02    1.54507e+03
     Coulomb-14        LJ (SR)  Disper. corr.   Coulomb (SR)   Coul. recip.
    2.22120e+04    1.10660e+05   -3.88788e+03   -9.15621e+05    2.70913e+03
      Potential    Kinetic En.   Total Energy  Conserved En.    Temperature
   -7.73292e+05    1.39289e+05   -6.34002e+05   -6.33783e+05    2.99952e+02
 Pres. DC (bar) Pressure (bar)   Constr. rmsd
   -1.15413e+02    2.07491e+01    3.99350e-06

           Step           Time
         150500      301.00000

   Energies (kJ/mol)
           Bond          Angle    Proper Dih. Per. Imp. Dih.          LJ-14
    1.25083e+03    3.62958e+03    3.89047e+03    1.93513e+02    1.58129e+03
     Coulomb-14        LJ (SR)  Disper. corr.   Coulomb (SR)   Coul. recip.
    2.23890e+04    1.10527e+05   -3.89730e+03   -9.16614e+05    2.71857e+03
      Potential    Kinetic En.   Total Energy  Conserved En.    Temperature
   -7.74321e+05    1.39914e+05   -6.34407e+05   -6.33582e+05    3.01297e+02
 Pres. DC (bar) Pressure (bar)   Constr. rmsd
   -1.15972e+02   -8.49728e+00    3.99350e-06

           Step           Time
         151000      302.00000

   Energies (kJ/mol)
           Bond          Angle    Proper Dih. Per. Imp. Dih.          LJ-14
    1.27989e+03    3.52782e+03    3.98053e+03    2.06326e+02    1.58246e+03
     Coulomb-14        LJ (SR)  Disper. corr.   Coulomb (SR)   Coul. recip.
    2.22721e+04    1.10936e+05   -3.90182e+03   -9.15968e+05    2.67654e+03
      Potential    Kinetic En.   Total Energy  Conserved En.    Temperature
   -7.73398e+05    1.39674e+05   -6.33724e+05   -6.33488e+05    3.00780e+02
 Pres. DC (bar) Pressure (bar)   Constr. rmsd
   -1.16241e+02    1.23515e+02    3.99350e-06

           Step           Time
         151500      303.00000

   Energies (kJ/mol)
           Bond          Angle    Proper Dih. Per. Imp. Dih.          LJ-14
    1.29282e+03    3.68220e+03    3.99264e+03    2.42489e+02    1.51448e+03
     Coulomb-14        LJ (SR)  Disper. corr.   Coulomb (SR)   Coul. recip.
    2.22098e+04    1.11334e+05   -3.90240e+03   -9.17434e+05    2.66531e+03
      Potential    Kinetic En.   Total Energy  Conserved En.    Temperature
   -7.74384e+05    1.39840e+05   -6.34545e+05   -6.33551e+05    3.01137e+02
 Pres. DC (bar) Pressure (bar)   Constr. rmsd
   -1.16275e+02    1.15450e+02    3.99350e-06

           Step           Time
         152000      304.00000

   Energies (kJ/mol)
           Bond          Angle    Proper Dih. Per. Imp. Dih.          LJ-14
    1.20638e+03    3.60351e+03    3.87732e+03    2.09344e+02    1.59503e+03
     Coulomb-14        LJ (SR)  Disper. corr.   Coulomb (SR)   Coul. recip.
    2.23326e+04    1.08692e+05   -3.89924e+03   -9.14843e+05    2.77388e+03
      Potential    Kinetic En.   Total Energy  Conserved En.    Temperature
   -7.74441e+05    1.38537e+05   -6.35904e+05   -6.33564e+05    2.98333e+02
 Pres. DC (bar) Pressure (bar)   Constr. rmsd
   -1.16087e+02   -1.43819e+02    3.99350e-06

           Step           Time
         152500      305.00000

   Energies (kJ/mol)
           Bond          Angle    Proper Dih. Per. Imp. Dih.          LJ-14
    1.13246e+03    3.60804e+03    3.89860e+03    2.48351e+02    1.51319e+03
     Coulomb-14        LJ (SR)  Disper. corr.   Coulomb (SR)   Coul. recip.
    2.23258e+04    1.13798e+05   -3.90794e+03   -9.21035e+05    2.71787e+03
      Potential    Kinetic En.   Total Energy  Conserved En.    Temperature
   -7.75689e+05    1.38522e+05   -6.37167e+05   -6.33470e+05    2.98300e+02
 Pres. DC (bar) Pressure (bar)   Constr. rmsd
   -1.16606e+02    2.74014e+02    3.99350e-06

           Step           Time
         153000      306.00000

   Energies (kJ/mol)
           Bond          Angle    Proper Dih. Per. Imp. Dih.          LJ-14
    1.26213e+03    3.58045e+03    3.90543e+03    2.17706e+02    1.50573e+03
     Coulomb-14        LJ (SR)  Disper. corr.   Coulomb (SR)   Coul. recip.
    2.21474e+04    1.12404e+05   -3.90264e+03   -9.19018e+05    2.71013e+03
      Potential    Kinetic En.   Total Energy  Conserved En.    Temperature
   -7.75176e+05    1.38758e+05   -6.36418e+05   -6.33360e+05    2.98809e+02
 Pres. DC (bar) Pressure (bar)   Constr. rmsd
   -1.16289e+02    2.34248e+02    3.99350e-06

           Step           Time
         153500      307.00000

   Energies (kJ/mol)
           Bond          Angle    Proper Dih. Per. Imp. Dih.          LJ-14
    1.19261e+03    3.58287e+03    3.90885e+03    2.07730e+02    1.54607e+03
     Coulomb-14        LJ (SR)  Disper. corr.   Coulomb (SR)   Coul. recip.
    2.23576e+04    1.11081e+05   -3.90410e+03   -9.18520e+05    2.68000e+03
      Potential    Kinetic En.   Total Energy  Conserved En.    Temperature
   -7.75855e+05    1.39035e+05   -6.36820e+05   -6.33410e+05    2.99404e+02
 Pres. DC (bar) Pressure (bar)   Constr. rmsd
   -1.16377e+02   -2.40495e+01    3.99350e-06

           Step           Time
         154000      308.00000

   Energies (kJ/mol)
           Bond          Angle    Proper Dih. Per. Imp. Dih.          LJ-14
    1.19821e+03    3.52861e+03    3.94338e+03    2.14858e+02    1.56399e+03
     Coulomb-14        LJ (SR)  Disper. corr.   Coulomb (SR)   Coul. recip.
    2.23342e+04    1.11523e+05   -3.90119e+03   -9.19109e+05    2.69953e+03
      Potential    Kinetic En.   Total Energy  Conserved En.    Temperature
   -7.75992e+05    1.39159e+05   -6.36834e+05   -6.33572e+05    2.99671e+02
 Pres. DC (bar) Pressure (bar)   Constr. rmsd
   -1.16203e+02    1.57122e+02    3.99350e-06

           Step           Time
         154500      309.00000

   Energies (kJ/mol)
           Bond          Angle    Proper Dih. Per. Imp. Dih.          LJ-14
    1.12515e+03    3.44893e+03    3.91237e+03    1.89443e+02    1.56192e+03
     Coulomb-14        LJ (SR)  Disper. corr.   Coulomb (SR)   Coul. recip.
    2.23012e+04    1.10488e+05   -3.89828e+03   -9.16996e+05    2.76106e+03
      Potential    Kinetic En.   Total Energy  Conserved En.    Temperature
   -7.75093e+05    1.38927e+05   -6.36167e+05   -6.33557e+05    2.99172e+02
 Pres. DC (bar) Pressure (bar)   Constr. rmsd
   -1.16030e+02    6.11698e+01    3.99350e-06

           Step           Time
         155000      310.00000

   Energies (kJ/mol)
           Bond          Angle    Proper Dih. Per. Imp. Dih.          LJ-14
    1.24477e+03    3.57178e+03    3.89052e+03    2.18175e+02    1.63203e+03
     Coulomb-14        LJ (SR)  Disper. corr.   Coulomb (SR)   Coul. recip.
    2.23412e+04    1.09060e+05   -3.89846e+03   -9.14773e+05    2.71031e+03
      Potential    Kinetic En.   Total Energy  Conserved En.    Temperature
   -7.73989e+05    1.39267e+05   -6.34723e+05   -6.33606e+05    2.99904e+02
 Pres. DC (bar) Pressure (bar)   Constr. rmsd
   -1.16041e+02   -1.34869e+01    3.99350e-06

           Step           Time
         155500      311.00000

   Energies (kJ/mol)
           Bond          Angle    Proper Dih. Per. Imp. Dih.          LJ-14
    1.19281e+03    3.78909e+03    3.92871e+03    2.03406e+02    1.51960e+03
     Coulomb-14        LJ (SR)  Disper. corr.   Coulomb (SR)   Coul. recip.
    2.21723e+04    1.09835e+05   -3.90307e+03   -9.15820e+05    2.73595e+03
      Potential    Kinetic En.   Total Energy  Conserved En.    Temperature
   -7.74333e+05    1.40008e+05   -6.34326e+05   -6.33482e+05    3.01500e+02
 Pres. DC (bar) Pressure (bar)   Constr. rmsd
   -1.16315e+02   -1.59472e+01    3.99350e-06

           Step           Time
         156000      312.00000

   Energies (kJ/mol)
           Bond          Angle    Proper Dih. Per. Imp. Dih.          LJ-14
    1.33466e+03    3.59899e+03    3.97781e+03    2.09103e+02    1.52796e+03
     Coulomb-14        LJ (SR)  Disper. corr.   Coulomb (SR)   Coul. recip.
    2.22915e+04    1.11666e+05   -3.90018e+03   -9.16604e+05    2.73223e+03
      Potential    Kinetic En.   Total Energy  Conserved En.    Temperature
   -7.73160e+05    1.40108e+05   -6.33052e+05   -6.33623e+05    3.01716e+02
 Pres. DC (bar) Pressure (bar)   Constr. rmsd
   -1.16143e+02    1.78348e+02    3.99350e-06

           Step           Time
         156500      313.00000

   Energies (kJ/mol)
           Bond          Angle    Proper Dih. Per. Imp. Dih.          LJ-14
    1.37982e+03    3.62363e+03    3.96411e+03    2.01154e+02    1.54497e+03
     Coulomb-14        LJ (SR)  Disper. corr.   Coulomb (SR)   Coul. recip.
    2.22284e+04    1.11431e+05   -3.89050e+03   -9.16115e+05    2.70484e+03
      Potential    Kinetic En.   Total Energy  Conserved En.    Temperature
   -7.72913e+05    1.40826e+05   -6.32087e+05   -6.33748e+05    3.03262e+02
 Pres. DC (bar) Pressure (bar)   Constr. rmsd
   -1.15568e+02    1.53854e+02    3.99350e-06

           Step           Time
         157000      314.00000

   Energies (kJ/mol)
           Bond          Angle    Proper Dih. Per. Imp. Dih.          LJ-14
    1.21970e+03    3.57465e+03    3.92545e+03    2.04039e+02    1.52083e+03
     Coulomb-14        LJ (SR)  Disper. corr.   Coulomb (SR)   Coul. recip.
    2.23570e+04    1.08804e+05   -3.88766e+03   -9.14220e+05    2.74180e+03
      Potential    Kinetic En.   Total Energy  Conserved En.    Temperature
   -7.73746e+05    1.39058e+05   -6.34688e+05   -6.33739e+05    2.99455e+02
 Pres. DC (bar) Pressure (bar)   Constr. rmsd
   -1.15399e+02   -1.57075e+02    3.99350e-06

           Step           Time
         157500      315.00000

   Energies (kJ/mol)
           Bond          Angle    Proper Dih. Per. Imp. Dih.          LJ-14
    1.22322e+03    3.60525e+03    3.85566e+03    1.98234e+02    1.62898e+03
     Coulomb-14        LJ (SR)  Disper. corr.   Coulomb (SR)   Coul. recip.
    2.23879e+04    1.09659e+05   -3.88724e+03   -9.13602e+05    2.67923e+03
      Potential    Kinetic En.   Total Energy  Conserved En.    Temperature
   -7.72232e+05    1.39543e+05   -6.32690e+05   -6.33752e+05    3.00498e+02
 Pres. DC (bar) Pressure (bar)   Constr. rmsd
   -1.15374e+02    7.42085e+01    3.99350e-06

           Step           Time
         158000      316.00000

   Energies (kJ/mol)
           Bond          Angle    Proper Dih. Per. Imp. Dih.          LJ-14
    1.25612e+03    3.60149e+03    3.93267e+03    2.07433e+02    1.50546e+03
     Coulomb-14        LJ (SR)  Disper. corr.   Coulomb (SR)   Coul. recip.
    2.21508e+04    1.09928e+05   -3.88811e+03   -9.13793e+05    2.67562e+03
      Potential    Kinetic En.   Total Energy  Conserved En.    Temperature
   -7.72409e+05    1.39091e+05   -6.33318e+05   -6.33783e+05    2.99526e+02
 Pres. DC (bar) Pressure (bar)   Constr. rmsd
   -1.15426e+02   -4.32997e+01    3.99350e-06

           Step           Time
         158500      317.00000

   Energies (kJ/mol)
           Bond          Angle    Proper Dih. Per. Imp. Dih.          LJ-14
    1.28920e+03    3.67556e+03    3.91201e+03    2.54245e+02    1.53198e+03
     Coulomb-14        LJ (SR)  Disper. corr.   Coulomb (SR)   Coul. recip.
    2.22947e+04    1.09595e+05   -3.88098e+03   -9.13240e+05    2.74849e+03
      Potential    Kinetic En.   Total Energy  Conserved En.    Temperature
   -7.71805e+05    1.38020e+05   -6.33785e+05   -6.33935e+05    2.97218e+02
 Pres. DC (bar) Pressure (bar)   Constr. rmsd
   -1.15003e+02   -4.46178e+01    3.99350e-06

           Step           Time
         159000      318.00000

   Energies (kJ/mol)
           Bond          Angle    Proper Dih. Per. Imp. Dih.          LJ-14
    1.23002e+03    3.66939e+03    3.88314e+03    2.00590e+02    1.51421e+03
     Coulomb-14        LJ (SR)  Disper. corr.   Coulomb (SR)   Coul. recip.
    2.21629e+04    1.09933e+05   -3.88305e+03   -9.14527e+05    2.78413e+03
      Potential    Kinetic En.   Total Energy  Conserved En.    Temperature
   -7.73018e+05    1.39920e+05   -6.33098e+05   -6.33787e+05    3.01311e+02
 Pres. DC (bar) Pressure (bar)   Constr. rmsd
   -1.15126e+02   -5.48790e+01    3.99350e-06

           Step           Time
         159500      319.00000

   Energies (kJ/mol)
           Bond          Angle    Proper Dih. Per. Imp. Dih.          LJ-14
    1.30027e+03    3.72056e+03    3.87773e+03    1.77176e+02    1.57658e+03
     Coulomb-14        LJ (SR)  Disper. corr.   Coulomb (SR)   Coul. recip.
    2.24151e+04    1.10752e+05   -3.88386e+03   -9.15582e+05    2.77422e+03
      Potential    Kinetic En.   Total Energy  Conserved En.    Temperature
   -7.72858e+05    1.39905e+05   -6.32953e+05   -6.33895e+05    3.01278e+02
 Pres. DC (bar) Pressure (bar)   Constr. rmsd
   -1.15174e+02    6.93991e+01    3.99350e-06

           Step           Time
         160000      320.00000

   Energies (kJ/mol)
           Bond          Angle    Proper Dih. Per. Imp. Dih.          LJ-14
    1.22606e+03    3.64245e+03    3.98188e+03    2.10850e+02    1.52525e+03
     Coulomb-14        LJ (SR)  Disper. corr.   Coulomb (SR)   Coul. recip.
    2.21588e+04    1.10622e+05   -3.88605e+03   -9.14710e+05    2.68040e+03
      Potential    Kinetic En.   Total Energy  Conserved En.    Temperature
   -7.72532e+05    1.39359e+05   -6.33173e+05   -6.33789e+05    3.00103e+02
 Pres. DC (bar) Pressure (bar)   Constr. rmsd
   -1.15304e+02    2.76291e+01    3.99350e-06

           Step           Time
         160500      321.00000

   Energies (kJ/mol)
           Bond          Angle    Proper Dih. Per. Imp. Dih.          LJ-14
    1.36814e+03    3.47968e+03    3.89578e+03    2.23368e+02    1.64090e+03
     Coulomb-14        LJ (SR)  Disper. corr.   Coulomb (SR)   Coul. recip.
    2.23358e+04    1.09832e+05   -3.88334e+03   -9.13415e+05    2.77274e+03
      Potential    Kinetic En.   Total Energy  Conserved En.    Temperature
   -7.71729e+05    1.39564e+05   -6.32165e+05   -6.33809e+05    3.00544e+02
 Pres. DC (bar) Pressure (bar)   Constr. rmsd
   -1.15143e+02    3.42428e+01    3.99350e-06

           Step           Time
         161000      322.00000

   Energies (kJ/mol)
           Bond          Angle    Proper Dih. Per. Imp. Dih.          LJ-14
    1.25015e+03    3.73704e+03    3.94151e+03    2.06449e+02    1.47119e+03
     Coulomb-14        LJ (SR)  Disper. corr.   Coulomb (SR)   Coul. recip.
    2.22114e+04    1.10302e+05   -3.88459e+03   -9.14546e+05    2.83671e+03
      Potential    Kinetic En.   Total Energy  Conserved En.    Temperature
   -7.72453e+05    1.40707e+05   -6.31746e+05   -6.33799e+05    3.03005e+02
 Pres. DC (bar) Pressure (bar)   Constr. rmsd
   -1.15217e+02    1.04140e+01    3.99350e-06

           Step           Time
         161500      323.00000

   Energies (kJ/mol)
           Bond          Angle    Proper Dih. Per. Imp. Dih.          LJ-14
    1.24312e+03    3.75227e+03    3.92741e+03    2.18517e+02    1.53279e+03
     Coulomb-14        LJ (SR)  Disper. corr.   Coulomb (SR)   Coul. recip.
    2.22020e+04    1.09953e+05   -3.88705e+03   -9.14983e+05    2.66076e+03
      Potential    Kinetic En.   Total Energy  Conserved En.    Temperature
   -7.73364e+05    1.41179e+05   -6.32185e+05   -6.33733e+05    3.04022e+02
 Pres. DC (bar) Pressure (bar)   Constr. rmsd
   -1.15363e+02    8.14037e+00    3.99350e-06

           Step           Time
         162000      324.00000

   Energies (kJ/mol)
           Bond          Angle    Proper Dih. Per. Imp. Dih.          LJ-14
    1.20177e+03    3.64366e+03    3.94003e+03    2.08545e+02    1.58129e+03
     Coulomb-14        LJ (SR)  Disper. corr.   Coulomb (SR)   Coul. recip.
    2.22832e+04    1.09571e+05   -3.89229e+03   -9.13149e+05    2.67701e+03
      Potential    Kinetic En.   Total Energy  Conserved En.    Temperature
   -7.71919e+05    1.39929e+05   -6.31990e+05   -6.33559e+05    3.01329e+02
 Pres. DC (bar) Pressure (bar)   Constr. rmsd
   -1.15674e+02    4.52930e+01    3.99350e-06

           Step           Time
         162500      325.00000

   Energies (kJ/mol)
           Bond          Angle    Proper Dih. Per. Imp. Dih.          LJ-14
    1.25947e+03    3.50026e+03    3.89945e+03    1.98423e+02    1.61038e+03
     Coulomb-14        LJ (SR)  Disper. corr.   Coulomb (SR)   Coul. recip.
    2.22576e+04    1.11488e+05   -3.89598e+03   -9.17299e+05    2.68984e+03
      Potential    Kinetic En.   Total Energy  Conserved En.    Temperature
   -7.74275e+05    1.40485e+05   -6.33790e+05   -6.33610e+05    3.02528e+02
 Pres. DC (bar) Pressure (bar)   Constr. rmsd
   -1.15893e+02    1.53454e+02    3.99350e-06

           Step           Time
         163000      326.00000

   Energies (kJ/mol)
           Bond          Angle    Proper Dih. Per. Imp. Dih.          LJ-14
    1.18374e+03    3.73256e+03    3.97572e+03    1.94753e+02    1.53805e+03
     Coulomb-14        LJ (SR)  Disper. corr.   Coulomb (SR)   Coul. recip.
    2.22441e+04    1.09903e+05   -3.89931e+03   -9.14179e+05    2.78708e+03
      Potential    Kinetic En.   Total Energy  Conserved En.    Temperature
   -7.72503e+05    1.39769e+05   -6.32734e+05   -6.33404e+05    3.00985e+02
 Pres. DC (bar) Pressure (bar)   Constr. rmsd
   -1.16091e+02    6.99157e+01    3.99350e-06

           Step           Time
         163500      327.00000

   Energies (kJ/mol)
           Bond          Angle    Proper Dih. Per. Imp. Dih.          LJ-14
    1.27797e+03    3.63776e+03    3.96448e+03    2.58102e+02    1.50311e+03
     Coulomb-14        LJ (SR)  Disper. corr.   Coulomb (SR)   Coul. recip.
    2.21445e+04    1.10980e+05   -3.89804e+03   -9.16100e+05    2.71791e+03
      Potential    Kinetic En.   Total Energy  Conserved En.    Temperature
   -7.73497e+05    1.39925e+05   -6.33572e+05   -6.33466e+05    3.01322e+02
 Pres. DC (bar) Pressure (bar)   Constr. rmsd
   -1.16016e+02    1.30998e+02    3.99350e-06

           Step           Time
         164000      328.00000

   Energies (kJ/mol)
           Bond          Angle    Proper Dih. Per. Imp. Dih.          LJ-14
    1.24174e+03    3.57999e+03    3.91638e+03    1.93412e+02    1.54677e+03
     Coulomb-14        LJ (SR)  Disper. corr.   Coulomb (SR)   Coul. recip.
    2.22141e+04    1.10876e+05   -3.89147e+03   -9.16837e+05    2.72717e+03
      Potential    Kinetic En.   Total Energy  Conserved En.    Temperature
   -7.74416e+05    1.39258e+05   -6.35158e+05   -6.33557e+05    2.99886e+02
 Pres. DC (bar) Pressure (bar)   Constr. rmsd
   -1.15625e+02    6.54410e+00    3.99350e-06

           Step           Time
         164500      329.00000

   Energies (kJ/mol)
           Bond          Angle    Proper Dih. Per. Imp. Dih.          LJ-14
    1.21507e+03    3.58644e+03    3.91017e+03    2.14699e+02    1.53334e+03
     Coulomb-14        LJ (SR)  Disper. corr.   Coulomb (SR)   Coul. recip.
    2.21568e+04    1.10617e+05   -3.88670e+03   -9.15448e+05    2.74754e+03
      Potential    Kinetic En.   Total Energy  Conserved En.    Temperature
   -7.73336e+05    1.39216e+05   -6.34120e+05   -6.33671e+05    2.99795e+02
 Pres. DC (bar) Pressure (bar)   Constr. rmsd
   -1.15342e+02    2.95648e+01    3.99350e-06

           Step           Time
         165000      330.00000

   Energies (kJ/mol)
           Bond          Angle    Proper Dih. Per. Imp. Dih.          LJ-14
    1.23231e+03    3.51912e+03    3.85889e+03    1.64816e+02    1.59935e+03
     Coulomb-14        LJ (SR)  Disper. corr.   Coulomb (SR)   Coul. recip.
    2.21641e+04    1.10334e+05   -3.88429e+03   -9.15929e+05    2.75692e+03
      Potential    Kinetic En.   Total Energy  Conserved En.    Temperature
   -7.74175e+05    1.38758e+05   -6.35417e+05   -6.33848e+05    2.98808e+02
 Pres. DC (bar) Pressure (bar)   Constr. rmsd
   -1.15199e+02   -4.15541e+01    3.99350e-06

           Step           Time
         165500      331.00000

   Energies (kJ/mol)
           Bond          Angle    Proper Dih. Per. Imp. Dih.          LJ-14
    1.24583e+03    3.60779e+03    3.97010e+03    1.90602e+02    1.60226e+03
     Coulomb-14        LJ (SR)  Disper. corr.   Coulomb (SR)   Coul. recip.
    2.21601e+04    1.10222e+05   -3.88257e+03   -9.16456e+05    2.75235e+03
      Potential    Kinetic En.   Total Energy  Conserved En.    Temperature
   -7.74579e+05    1.39226e+05   -6.35353e+05   -6.33868e+05    2.99816e+02
 Pres. DC (bar) Pressure (bar)   Constr. rmsd
   -1.15097e+02    7.04077e+00    3.99350e-06

           Step           Time
         166000      332.00000

   Energies (kJ/mol)
           Bond          Angle    Proper Dih. Per. Imp. Dih.          LJ-14
    1.26183e+03    3.57817e+03    3.97057e+03    2.14109e+02    1.55833e+03
     Coulomb-14        LJ (SR)  Disper. corr.   Coulomb (SR)   Coul. recip.
    2.24429e+04    1.11278e+05   -3.88301e+03   -9.16060e+05    2.74244e+03
      Potential    Kinetic En.   Total Energy  Conserved En.    Temperature
   -7.72887e+05    1.38613e+05   -6.34274e+05   -6.33787e+05    2.98496e+02
 Pres. DC (bar) Pressure (bar)   Constr. rmsd
   -1.15123e+02    6.88103e+01    3.99350e-06

           Step           Time
         166500      333.00000

   Energies (kJ/mol)
           Bond          Angle    Proper Dih. Per. Imp. Dih.          LJ-14
    1.24101e+03    3.47774e+03    3.93986e+03    1.85958e+02    1.54226e+03
     Coulomb-14        LJ (SR)  Disper. corr.   Coulomb (SR)   Coul. recip.
    2.23374e+04    1.10296e+05   -3.89249e+03   -9.15875e+05    2.66473e+03
      Potential    Kinetic En.   Total Energy  Conserved En.    Temperature
   -7.74065e+05    1.39106e+05   -6.34959e+05   -6.33610e+05    2.99559e+02
 Pres. DC (bar) Pressure (bar)   Constr. rmsd
   -1.15686e+02    5.63120e+01    3.99350e-06

           Step           Time
         167000      334.00000

   Energies (kJ/mol)
           Bond          Angle    Proper Dih. Per. Imp. Dih.          LJ-14
    1.27961e+03    3.48014e+03    3.96239e+03    1.86592e+02    1.54489e+03
     Coulomb-14        LJ (SR)  Disper. corr.   Coulomb (SR)   Coul. recip.
    2.22707e+04    1.11509e+05   -3.89319e+03   -9.16858e+05    2.71777e+03
      Potential    Kinetic En.   Total Energy  Conserved En.    Temperature
   -7.73782e+05    1.38894e+05   -6.34888e+05   -6.33481e+05    2.99101e+02
 Pres. DC (bar) Pressure (bar)   Constr. rmsd
   -1.15728e+02    1.76311e+02    3.99350e-06

           Step           Time
         167500      335.00000

   Energies (kJ/mol)
           Bond          Angle    Proper Dih. Per. Imp. Dih.          LJ-14
    1.22750e+03    3.54145e+03    3.91911e+03    2.02293e+02    1.53724e+03
     Coulomb-14        LJ (SR)  Disper. corr.   Coulomb (SR)   Coul. recip.
    2.22111e+04    1.10093e+05   -3.89703e+03   -9.15758e+05    2.69503e+03
      Potential    Kinetic En.   Total Energy  Conserved En.    Temperature
   -7.74210e+05    1.39350e+05   -6.34860e+05   -6.33406e+05    3.00084e+02
 Pres. DC (bar) Pressure (bar)   Constr. rmsd
   -1.15956e+02   -8.82055e+01    3.99350e-06

           Step           Time
         168000      336.00000

   Energies (kJ/mol)
           Bond          Angle    Proper Dih. Per. Imp. Dih.          LJ-14
    1.29914e+03    3.60692e+03    4.01190e+03    1.86614e+02    1.58380e+03
     Coulomb-14        LJ (SR)  Disper. corr.   Coulomb (SR)   Coul. recip.
    2.22430e+04    1.11319e+05   -3.89817e+03   -9.18261e+05    2.67717e+03
      Potential    Kinetic En.   Total Energy  Conserved En.    Temperature
   -7.75214e+05    1.40050e+05   -6.35164e+05   -6.33465e+05    3.01591e+02
 Pres. DC (bar) Pressure (bar)   Constr. rmsd
   -1.16024e+02    1.07635e+02    3.99350e-06

           Step           Time
         168500      337.00000

   Energies (kJ/mol)
           Bond          Angle    Proper Dih. Per. Imp. Dih.          LJ-14
    1.35347e+03    3.50281e+03    3.89764e+03    2.16415e+02    1.55727e+03
     Coulomb-14        LJ (SR)  Disper. corr.   Coulomb (SR)   Coul. recip.
    2.22413e+04    1.10336e+05   -3.89665e+03   -9.16020e+05    2.73240e+03
      Potential    Kinetic En.   Total Energy  Conserved En.    Temperature
   -7.74061e+05    1.39396e+05   -6.34665e+05   -6.33416e+05    3.00181e+02
 Pres. DC (bar) Pressure (bar)   Constr. rmsd
   -1.15933e+02   -2.34990e+01    3.99350e-06

           Step           Time
         169000      338.00000

   Energies (kJ/mol)
           Bond          Angle    Proper Dih. Per. Imp. Dih.          LJ-14
    1.26094e+03    3.66965e+03    3.91563e+03    2.05387e+02    1.58229e+03
     Coulomb-14        LJ (SR)  Disper. corr.   Coulomb (SR)   Coul. recip.
    2.23105e+04    1.10096e+05   -3.89973e+03   -9.15297e+05    2.69671e+03
      Potential    Kinetic En.   Total Energy  Conserved En.    Temperature
   -7.73449e+05    1.38674e+05   -6.34775e+05   -6.33413e+05    2.98628e+02
 Pres. DC (bar) Pressure (bar)   Constr. rmsd
   -1.16116e+02    3.02282e+00    3.99350e-06

           Step           Time
         169500      339.00000

   Energies (kJ/mol)
           Bond          Angle    Proper Dih. Per. Imp. Dih.          LJ-14
    1.22382e+03    3.51583e+03    3.86571e+03    2.13057e+02    1.51392e+03
     Coulomb-14        LJ (SR)  Disper. corr.   Coulomb (SR)   Coul. recip.
    2.22842e+04    1.09978e+05   -3.89832e+03   -9.16447e+05    2.77580e+03
      Potential    Kinetic En.   Total Energy  Conserved En.    Temperature
   -7.74964e+05    1.38503e+05   -6.36461e+05   -6.33332e+05    2.98259e+02
 Pres. DC (bar) Pressure (bar)   Constr. rmsd
   -1.16033e+02   -7.79553e+01    3.99350e-06

           Step           Time
         170000      340.00000

   Energies (kJ/mol)
           Bond          Angle    Proper Dih. Per. Imp. Dih.          LJ-14
    1.23086e+03    3.58519e+03    3.92753e+03    1.94233e+02    1.52298e+03
     Coulomb-14        LJ (SR)  Disper. corr.   Coulomb (SR)   Coul. recip.
    2.22396e+04    1.10333e+05   -3.90710e+03   -9.17074e+05    2.70462e+03
      Potential    Kinetic En.   Total Energy  Conserved En.    Temperature
   -7.75233e+05    1.39049e+05   -6.36184e+05   -6.33194e+05    2.99435e+02
 Pres. DC (bar) Pressure (bar)   Constr. rmsd
   -1.16555e+02    3.26779e+01    3.99350e-06

           Step           Time
         170500      341.00000

   Energies (kJ/mol)
           Bond          Angle    Proper Dih. Per. Imp. Dih.          LJ-14
    1.19615e+03    3.68424e+03    3.96182e+03    2.10504e+02    1.57474e+03
     Coulomb-14        LJ (SR)  Disper. corr.   Coulomb (SR)   Coul. recip.
    2.22982e+04    1.11602e+05   -3.89932e+03   -9.17379e+05    2.75947e+03
      Potential    Kinetic En.   Total Energy  Conserved En.    Temperature
   -7.73981e+05    1.39043e+05   -6.34938e+05   -6.33418e+05    2.99422e+02
 Pres. DC (bar) Pressure (bar)   Constr. rmsd
   -1.16092e+02    1.91527e+02    3.99350e-06

           Step           Time
         171000      342.00000

   Energies (kJ/mol)
           Bond          Angle    Proper Dih. Per. Imp. Dih.          LJ-14
    1.29443e+03    3.65211e+03    3.89652e+03    1.96487e+02    1.54721e+03
     Coulomb-14        LJ (SR)  Disper. corr.   Coulomb (SR)   Coul. recip.
    2.22849e+04    1.12665e+05   -3.90270e+03   -9.17614e+05    2.69198e+03
      Potential    Kinetic En.   Total Energy  Conserved En.    Temperature
   -7.73269e+05    1.38163e+05   -6.35105e+05   -6.33326e+05    2.97528e+02
 Pres. DC (bar) Pressure (bar)   Constr. rmsd
   -1.16293e+02    2.91166e+02    3.99350e-06

           Step           Time
         171500      343.00000

   Energies (kJ/mol)
           Bond          Angle    Proper Dih. Per. Imp. Dih.          LJ-14
    1.26244e+03    3.60008e+03    3.92281e+03    2.05145e+02    1.55220e+03
     Coulomb-14        LJ (SR)  Disper. corr.   Coulomb (SR)   Coul. recip.
    2.23213e+04    1.10278e+05   -3.90076e+03   -9.17328e+05    2.75897e+03
      Potential    Kinetic En.   Total Energy  Conserved En.    Temperature
   -7.75308e+05    1.39448e+05   -6.35860e+05   -6.33303e+05    3.00295e+02
 Pres. DC (bar) Pressure (bar)   Constr. rmsd
   -1.16177e+02   -2.79418e+01    3.99350e-06

           Step           Time
         172000      344.00000

   Energies (kJ/mol)
           Bond          Angle    Proper Dih. Per. Imp. Dih.          LJ-14
    1.28147e+03    3.64683e+03    3.92257e+03    2.05136e+02    1.56178e+03
     Coulomb-14        LJ (SR)  Disper. corr.   Coulomb (SR)   Coul. recip.
    2.22763e+04    1.10835e+05   -3.90667e+03   -9.17135e+05    2.71800e+03
      Potential    Kinetic En.   Total Energy  Conserved En.    Temperature
   -7.74575e+05    1.38448e+05   -6.36127e+05   -6.33172e+05    2.98140e+02
 Pres. DC (bar) Pressure (bar)   Constr. rmsd
   -1.16530e+02    1.72249e+02    3.99350e-06

           Step           Time
         172500      345.00000

   Energies (kJ/mol)
           Bond          Angle    Proper Dih. Per. Imp. Dih.          LJ-14
    1.29343e+03    3.49781e+03    3.89269e+03    1.88479e+02    1.57266e+03
     Coulomb-14        LJ (SR)  Disper. corr.   Coulomb (SR)   Coul. recip.
    2.22810e+04    1.09555e+05   -3.90043e+03   -9.15879e+05    2.74871e+03
      Potential    Kinetic En.   Total Energy  Conserved En.    Temperature
   -7.74730e+05    1.39218e+05   -6.35512e+05   -6.33278e+05    2.99800e+02
 Pres. DC (bar) Pressure (bar)   Constr. rmsd
   -1.16158e+02   -5.50362e+01    3.99350e-06

           Step           Time
         173000      346.00000

   Energies (kJ/mol)
           Bond          Angle    Proper Dih. Per. Imp. Dih.          LJ-14
    1.23612e+03    3.69756e+03    3.94861e+03    1.94346e+02    1.55721e+03
     Coulomb-14        LJ (SR)  Disper. corr.   Coulomb (SR)   Coul. recip.
    2.21166e+04    1.10945e+05   -3.89771e+03   -9.16844e+05    2.73635e+03
      Potential    Kinetic En.   Total Energy  Conserved En.    Temperature
   -7.74298e+05    1.39829e+05   -6.34469e+05   -6.33375e+05    3.01116e+02
 Pres. DC (bar) Pressure (bar)   Constr. rmsd
   -1.15996e+02    3.18925e+01    3.99350e-06

           Step           Time
         173500      347.00000

   Energies (kJ/mol)
           Bond          Angle    Proper Dih. Per. Imp. Dih.          LJ-14
    1.23406e+03    3.63738e+03    3.93112e+03    2.00173e+02    1.55517e+03
     Coulomb-14        LJ (SR)  Disper. corr.   Coulomb (SR)   Coul. recip.
    2.23082e+04    1.10781e+05   -3.89771e+03   -9.16603e+05    2.72557e+03
      Potential    Kinetic En.   Total Energy  Conserved En.    Temperature
   -7.74116e+05    1.38292e+05   -6.35824e+05   -6.33283e+05    2.97804e+02
 Pres. DC (bar) Pressure (bar)   Constr. rmsd
   -1.15996e+02    5.18605e+01    3.99350e-06

           Step           Time
         174000      348.00000

   Energies (kJ/mol)
           Bond          Angle    Proper Dih. Per. Imp. Dih.          LJ-14
    1.19166e+03    3.60944e+03    3.97990e+03    2.10487e+02    1.52684e+03
     Coulomb-14        LJ (SR)  Disper. corr.   Coulomb (SR)   Coul. recip.
    2.22723e+04    1.10989e+05   -3.90634e+03   -9.16542e+05    2.70018e+03
      Potential    Kinetic En.   Total Energy  Conserved En.    Temperature
   -7.73964e+05    1.38687e+05   -6.35277e+05   -6.33119e+05    2.98655e+02
 Pres. DC (bar) Pressure (bar)   Constr. rmsd
   -1.16510e+02    1.50484e+02    3.99350e-06

           Step           Time
         174500      349.00000

   Energies (kJ/mol)
           Bond          Angle    Proper Dih. Per. Imp. Dih.          LJ-14
    1.27452e+03    3.68731e+03    3.97964e+03    1.88913e+02    1.55798e+03
     Coulomb-14        LJ (SR)  Disper. corr.   Coulomb (SR)   Coul. recip.
    2.23155e+04    1.11555e+05   -3.90920e+03   -9.19020e+05    2.68043e+03
      Potential    Kinetic En.   Total Energy  Conserved En.    Temperature
   -7.75677e+05    1.38812e+05   -6.36864e+05   -6.33108e+05    2.98926e+02
 Pres. DC (bar) Pressure (bar)   Constr. rmsd
   -1.16681e+02    1.06345e+02    3.99350e-06

           Step           Time
         175000      350.00000

   Energies (kJ/mol)
           Bond          Angle    Proper Dih. Per. Imp. Dih.          LJ-14
    1.25571e+03    3.46680e+03    3.96237e+03    2.15390e+02    1.63750e+03
     Coulomb-14        LJ (SR)  Disper. corr.   Coulomb (SR)   Coul. recip.
    2.22969e+04    1.10297e+05   -3.90647e+03   -9.17909e+05    2.68354e+03
      Potential    Kinetic En.   Total Energy  Conserved En.    Temperature
   -7.75996e+05    1.38927e+05   -6.37069e+05   -6.33152e+05    2.99172e+02
 Pres. DC (bar) Pressure (bar)   Constr. rmsd
   -1.16518e+02    2.85202e+01    3.99350e-06

           Step           Time
         175500      351.00000

   Energies (kJ/mol)
           Bond          Angle    Proper Dih. Per. Imp. Dih.          LJ-14
    1.26212e+03    3.44072e+03    3.91352e+03    1.72023e+02    1.56173e+03
     Coulomb-14        LJ (SR)  Disper. corr.   Coulomb (SR)   Coul. recip.
    2.23023e+04    1.10164e+05   -3.90424e+03   -9.17573e+05    2.69441e+03
      Potential    Kinetic En.   Total Energy  Conserved En.    Temperature
   -7.75953e+05    1.38951e+05   -6.37002e+05   -6.33255e+05    2.99224e+02
 Pres. DC (bar) Pressure (bar)   Constr. rmsd
   -1.16385e+02   -4.75619e+01    3.99350e-06

           Step           Time
         176000      352.00000

   Energies (kJ/mol)
           Bond          Angle    Proper Dih. Per. Imp. Dih.          LJ-14
    1.22878e+03    3.71652e+03    3.92072e+03    1.44837e+02    1.55678e+03
     Coulomb-14        LJ (SR)  Disper. corr.   Coulomb (SR)   Coul. recip.
    2.23121e+04    1.10237e+05   -3.89497e+03   -9.16689e+05    2.74886e+03
      Potential    Kinetic En.   Total Energy  Conserved En.    Temperature
   -7.74705e+05    1.38028e+05   -6.36677e+05   -6.33446e+05    2.97235e+02
 Pres. DC (bar) Pressure (bar)   Constr. rmsd
   -1.15833e+02   -2.57303e+01    3.99350e-06

           Step           Time
         176500      353.00000

   Energies (kJ/mol)
           Bond          Angle    Proper Dih. Per. Imp. Dih.          LJ-14
    1.22384e+03    3.57366e+03    3.98367e+03    2.37879e+02    1.55416e+03
     Coulomb-14        LJ (SR)  Disper. corr.   Coulomb (SR)   Coul. recip.
    2.21456e+04    1.10000e+05   -3.89106e+03   -9.15743e+05    2.69137e+03
      Potential    Kinetic En.   Total Energy  Conserved En.    Temperature
   -7.74210e+05    1.38840e+05   -6.35370e+05   -6.33437e+05    2.98984e+02
 Pres. DC (bar) Pressure (bar)   Constr. rmsd
   -1.15601e+02   -6.66439e+01    3.99350e-06

           Step           Time
         177000      354.00000

   Energies (kJ/mol)
           Bond          Angle    Proper Dih. Per. Imp. Dih.          LJ-14
    1.23155e+03    3.62039e+03    3.97268e+03    2.04206e+02    1.57835e+03
     Coulomb-14        LJ (SR)  Disper. corr.   Coulomb (SR)   Coul. recip.
    2.24599e+04    1.10073e+05   -3.89396e+03   -9.16128e+05    2.75221e+03
      Potential    Kinetic En.   Total Energy  Conserved En.    Temperature
   -7.74116e+05    1.39980e+05   -6.34136e+05   -6.33405e+05    3.01440e+02
 Pres. DC (bar) Pressure (bar)   Constr. rmsd
   -1.15773e+02    1.46275e+01    3.99350e-06

           Step           Time
         177500      355.00000

   Energies (kJ/mol)
           Bond          Angle    Proper Dih. Per. Imp. Dih.          LJ-14
    1.27232e+03    3.65112e+03    4.02921e+03    2.02906e+02    1.52720e+03
     Coulomb-14        LJ (SR)  Disper. corr.   Coulomb (SR)   Coul. recip.
    2.22197e+04    1.08988e+05   -3.89659e+03   -9.14015e+05    2.70628e+03
      Potential    Kinetic En.   Total Energy  Conserved En.    Temperature
   -7.73301e+05    1.39303e+05   -6.33998e+05   -6.33253e+05    2.99982e+02
 Pres. DC (bar) Pressure (bar)   Constr. rmsd
   -1.15930e+02   -4.55108e+01    3.99350e-06

           Step           Time
         178000      356.00000

   Energies (kJ/mol)
           Bond          Angle    Proper Dih. Per. Imp. Dih.          LJ-14
    1.21532e+03    3.63672e+03    3.94142e+03    1.87998e+02    1.55907e+03
     Coulomb-14        LJ (SR)  Disper. corr.   Coulomb (SR)   Coul. recip.
    2.23529e+04    1.08852e+05   -3.89038e+03   -9.13071e+05    2.72773e+03
      Potential    Kinetic En.   Total Energy  Conserved En.    Temperature
   -7.72473e+05    1.39090e+05   -6.33383e+05   -6.33431e+05    2.99523e+02
 Pres. DC (bar) Pressure (bar)   Constr. rmsd
   -1.15560e+02   -6.27021e+01    3.99350e-06

           Step           Time
         178500      357.00000

   Energies (kJ/mol)
           Bond          Angle    Proper Dih. Per. Imp. Dih.          LJ-14
    1.32091e+03    3.76233e+03    3.89826e+03    2.16835e+02    1.49841e+03
     Coulomb-14        LJ (SR)  Disper. corr.   Coulomb (SR)   Coul. recip.
    2.22337e+04    1.10070e+05   -3.89612e+03   -9.14209e+05    2.73004e+03
      Potential    Kinetic En.   Total Energy  Conserved En.    Temperature
   -7.72360e+05    1.39569e+05   -6.32792e+05   -6.33312e+05    3.00554e+02
 Pres. DC (bar) Pressure (bar)   Constr. rmsd
   -1.15901e+02   -2.65874e+01    3.99350e-06

           Step           Time
         179000      358.00000

   Energies (kJ/mol)
           Bond          Angle    Proper Dih. Per. Imp. Dih.          LJ-14
    1.25572e+03    3.73255e+03    3.96322e+03    1.89704e+02    1.51393e+03
     Coulomb-14        LJ (SR)  Disper. corr.   Coulomb (SR)   Coul. recip.
    2.21300e+04    1.10010e+05   -3.89669e+03   -9.15395e+05    2.77454e+03
      Potential    Kinetic En.   Total Energy  Conserved En.    Temperature
   -7.73698e+05    1.40344e+05   -6.33354e+05   -6.33333e+05    3.02225e+02
 Pres. DC (bar) Pressure (bar)   Constr. rmsd
   -1.15936e+02    5.79217e+00    3.99350e-06

           Step           Time
         179500      359.00000

   Energies (kJ/mol)
           Bond          Angle    Proper Dih. Per. Imp. Dih.          LJ-14
    1.32504e+03    3.54859e+03    3.92651e+03    2.05415e+02    1.57363e+03
     Coulomb-14        LJ (SR)  Disper. corr.   Coulomb (SR)   Coul. recip.
    2.22238e+04    1.09058e+05   -3.88833e+03   -9.13726e+05    2.67307e+03
      Potential    Kinetic En.   Total Energy  Conserved En.    Temperature
   -7.73058e+05    1.38060e+05   -6.34998e+05   -6.33473e+05    2.97306e+02
 Pres. DC (bar) Pressure (bar)   Constr. rmsd
   -1.15439e+02   -1.06247e+02    3.99350e-06

           Step           Time
         180000      360.00000

   Energies (kJ/mol)
           Bond          Angle    Proper Dih. Per. Imp. Dih.          LJ-14
    1.24259e+03    3.38496e+03    3.90762e+03    2.33499e+02    1.55748e+03
     Coulomb-14        LJ (SR)  Disper. corr.   Coulomb (SR)   Coul. recip.
    2.23404e+04    1.09509e+05   -3.88966e+03   -9.14751e+05    2.74094e+03
      Potential    Kinetic En.   Total Energy  Conserved En.    Temperature
   -7.73701e+05    1.38815e+05   -6.34887e+05   -6.33519e+05    2.98930e+02
 Pres. DC (bar) Pressure (bar)   Constr. rmsd
   -1.15518e+02   -1.05426e+02    3.99350e-06

           Step           Time
         180500      361.00000

   Energies (kJ/mol)
           Bond          Angle    Proper Dih. Per. Imp. Dih.          LJ-14
    1.26775e+03    3.57485e+03    3.96705e+03    1.90744e+02    1.47417e+03
     Coulomb-14        LJ (SR)  Disper. corr.   Coulomb (SR)   Coul. recip.
    2.22601e+04    1.09782e+05   -3.88814e+03   -9.15123e+05    2.73832e+03
      Potential    Kinetic En.   Total Energy  Conserved En.    Temperature
   -7.73741e+05    1.38906e+05   -6.34835e+05   -6.33453e+05    2.99127e+02
 Pres. DC (bar) Pressure (bar)   Constr. rmsd
   -1.15428e+02   -3.03611e+01    3.99350e-06

           Step           Time
         181000      362.00000

   Energies (kJ/mol)
           Bond          Angle    Proper Dih. Per. Imp. Dih.          LJ-14
    1.26378e+03    3.76192e+03    4.00832e+03    1.78117e+02    1.52509e+03
     Coulomb-14        LJ (SR)  Disper. corr.   Coulomb (SR)   Coul. recip.
    2.23556e+04    1.10864e+05   -3.89777e+03   -9.15691e+05    2.63528e+03
      Potential    Kinetic En.   Total Energy  Conserved En.    Temperature
   -7.72990e+05    1.38963e+05   -6.34027e+05   -6.33302e+05    2.99250e+02
 Pres. DC (bar) Pressure (bar)   Constr. rmsd
   -1.16000e+02    7.79786e+01    3.99350e-06

           Step           Time
         181500      363.00000

   Energies (kJ/mol)
           Bond          Angle    Proper Dih. Per. Imp. Dih.          LJ-14
    1.30138e+03    3.64313e+03    3.93514e+03    2.16050e+02    1.58080e+03
     Coulomb-14        LJ (SR)  Disper. corr.   Coulomb (SR)   Coul. recip.
    2.23836e+04    1.09540e+05   -3.89558e+03   -9.15008e+05    2.70656e+03
      Potential    Kinetic En.   Total Energy  Conserved En.    Temperature
   -7.73590e+05    1.39218e+05   -6.34372e+05   -6.33272e+05    2.99800e+02
 Pres. DC (bar) Pressure (bar)   Constr. rmsd
   -1.15870e+02   -8.45134e+01    3.99350e-06

           Step           Time
         182000      364.00000

   Energies (kJ/mol)
           Bond          Angle    Proper Dih. Per. Imp. Dih.          LJ-14
    1.23078e+03    3.54146e+03    3.88083e+03    2.03467e+02    1.56852e+03
     Coulomb-14        LJ (SR)  Disper. corr.   Coulomb (SR)   Coul. recip.
    2.22743e+04    1.10018e+05   -3.89087e+03   -9.15632e+05    2.72838e+03
      Potential    Kinetic En.   Total Energy  Conserved En.    Temperature
   -7.74071e+05    1.38997e+05   -6.35075e+05   -6.33514e+05    2.99322e+02
 Pres. DC (bar) Pressure (bar)   Constr. rmsd
   -1.15590e+02   -3.92614e+01    3.99350e-06

           Step           Time
         182500      365.00000

   Energies (kJ/mol)
           Bond          Angle    Proper Dih. Per. Imp. Dih.          LJ-14
    1.22728e+03    3.66387e+03    3.98361e+03    2.19495e+02    1.51237e+03
     Coulomb-14        LJ (SR)  Disper. corr.   Coulomb (SR)   Coul. recip.
    2.23401e+04    1.08480e+05   -3.89079e+03   -9.13888e+05    2.74207e+03
      Potential    Kinetic En.   Total Energy  Conserved En.    Temperature
   -7.73594e+05    1.38858e+05   -6.34736e+05   -6.33359e+05    2.99023e+02
 Pres. DC (bar) Pressure (bar)   Constr. rmsd
   -1.15585e+02   -1.51324e+02    3.99350e-06

           Step           Time
         183000      366.00000

   Energies (kJ/mol)
           Bond          Angle    Proper Dih. Per. Imp. Dih.          LJ-14
    1.27694e+03    3.45097e+03    3.90979e+03    2.25890e+02    1.56879e+03
     Coulomb-14        LJ (SR)  Disper. corr.   Coulomb (SR)   Coul. recip.
    2.21878e+04    1.11258e+05   -3.89286e+03   -9.16404e+05    2.77197e+03
      Potential    Kinetic En.   Total Energy  Conserved En.    Temperature
   -7.73640e+05    1.38617e+05   -6.35023e+05   -6.33462e+05    2.98505e+02
 Pres. DC (bar) Pressure (bar)   Constr. rmsd
   -1.15708e+02    3.95685e+01    3.99350e-06

           Step           Time
         183500      367.00000

   Energies (kJ/mol)
           Bond          Angle    Proper Dih. Per. Imp. Dih.          LJ-14
    1.19869e+03    3.52360e+03    3.88161e+03    1.99356e+02    1.58947e+03
     Coulomb-14        LJ (SR)  Disper. corr.   Coulomb (SR)   Coul. recip.
    2.23228e+04    1.10576e+05   -3.88943e+03   -9.16186e+05    2.80282e+03
      Potential    Kinetic En.   Total Energy  Conserved En.    Temperature
   -7.73965e+05    1.39258e+05   -6.34706e+05   -6.33491e+05    2.99886e+02
 Pres. DC (bar) Pressure (bar)   Constr. rmsd
   -1.15504e+02    7.39500e+01    3.99350e-06

           Step           Time
         184000      368.00000

   Energies (kJ/mol)
           Bond          Angle    Proper Dih. Per. Imp. Dih.          LJ-14
    1.25454e+03    3.54766e+03    3.93763e+03    1.87864e+02    1.56241e+03
     Coulomb-14        LJ (SR)  Disper. corr.   Coulomb (SR)   Coul. recip.
    2.22542e+04    1.10089e+05   -3.88759e+03   -9.15594e+05    2.78832e+03
      Potential    Kinetic En.   Total Energy  Conserved En.    Temperature
   -7.73844e+05    1.39900e+05   -6.33944e+05   -6.33415e+05    3.01267e+02
 Pres. DC (bar) Pressure (bar)   Constr. rmsd
   -1.15395e+02   -1.80907e+01    3.99350e-06

           Step           Time
         184500      369.00000

   Energies (kJ/mol)
           Bond          Angle    Proper Dih. Per. Imp. Dih.          LJ-14
    1.12523e+03    3.57451e+03    3.94307e+03    2.11114e+02    1.58708e+03
     Coulomb-14        LJ (SR)  Disper. corr.   Coulomb (SR)   Coul. recip.
    2.23311e+04    1.09459e+05   -3.88641e+03   -9.12911e+05    2.70415e+03
      Potential    Kinetic En.   Total Energy  Conserved En.    Temperature
   -7.71855e+05    1.39672e+05   -6.32183e+05   -6.33558e+05    3.00776e+02
 Pres. DC (bar) Pressure (bar)   Constr. rmsd
   -1.15325e+02    1.41833e+00    3.99350e-06

           Step           Time
         185000      370.00000

   Energies (kJ/mol)
           Bond          Angle    Proper Dih. Per. Imp. Dih.          LJ-14
    1.21625e+03    3.65933e+03    3.95279e+03    2.28773e+02    1.56674e+03
     Coulomb-14        LJ (SR)  Disper. corr.   Coulomb (SR)   Coul. recip.
    2.22521e+04    1.09857e+05   -3.88317e+03   -9.13133e+05    2.76208e+03
      Potential    Kinetic En.   Total Energy  Conserved En.    Temperature
   -7.71520e+05    1.40318e+05   -6.31202e+05   -6.33642e+05    3.02168e+02
 Pres. DC (bar) Pressure (bar)   Constr. rmsd
   -1.15133e+02    3.05330e+01    3.99350e-06

           Step           Time
         185500      371.00000

   Energies (kJ/mol)
           Bond          Angle    Proper Dih. Per. Imp. Dih.          LJ-14
    1.25829e+03    3.57949e+03    3.87981e+03    2.43093e+02    1.55255e+03
     Coulomb-14        LJ (SR)  Disper. corr.   Coulomb (SR)   Coul. recip.
    2.23851e+04    1.10849e+05   -3.88491e+03   -9.16261e+05    2.68037e+03
      Potential    Kinetic En.   Total Energy  Conserved En.    Temperature
   -7.73710e+05    1.40706e+05   -6.33003e+05   -6.33552e+05    3.03004e+02
 Pres. DC (bar) Pressure (bar)   Constr. rmsd
   -1.15236e+02    3.64676e+01    3.99350e-06

           Step           Time
         186000      372.00000

   Energies (kJ/mol)
           Bond          Angle    Proper Dih. Per. Imp. Dih.          LJ-14
    1.23928e+03    3.61933e+03    3.92052e+03    2.09289e+02    1.54885e+03
     Coulomb-14        LJ (SR)  Disper. corr.   Coulomb (SR)   Coul. recip.
    2.22209e+04    1.10535e+05   -3.88615e+03   -9.15252e+05    2.67287e+03
      Potential    Kinetic En.   Total Energy  Conserved En.    Temperature
   -7.73164e+05    1.39711e+05   -6.33453e+05   -6.33507e+05    3.00860e+02
 Pres. DC (bar) Pressure (bar)   Constr. rmsd
   -1.15310e+02    3.65331e+01    3.99350e-06

           Step           Time
         186500      373.00000

   Energies (kJ/mol)
           Bond          Angle    Proper Dih. Per. Imp. Dih.          LJ-14
    1.31584e+03    3.57944e+03    3.93198e+03    1.93767e+02    1.57373e+03
     Coulomb-14        LJ (SR)  Disper. corr.   Coulomb (SR)   Coul. recip.
    2.23406e+04    1.10504e+05   -3.89035e+03   -9.15070e+05    2.75363e+03
      Potential    Kinetic En.   Total Energy  Conserved En.    Temperature
   -7.72758e+05    1.39558e+05   -6.33201e+05   -6.33423e+05    3.00530e+02
 Pres. DC (bar) Pressure (bar)   Constr. rmsd
   -1.15559e+02    2.72554e+01    3.99350e-06

           Step           Time
         187000      374.00000

   Energies (kJ/mol)
           Bond          Angle    Proper Dih. Per. Imp. Dih.          LJ-14
    1.18534e+03    3.51322e+03    3.98327e+03    2.04721e+02    1.56308e+03
     Coulomb-14        LJ (SR)  Disper. corr.   Coulomb (SR)   Coul. recip.
    2.22907e+04    1.11043e+05   -3.89511e+03   -9.16715e+05    2.76167e+03
      Potential    Kinetic En.   Total Energy  Conserved En.    Temperature
   -7.74056e+05    1.39366e+05   -6.34690e+05   -6.33275e+05    3.00118e+02
 Pres. DC (bar) Pressure (bar)   Constr. rmsd
   -1.15841e+02    1.31118e+02    3.99350e-06

           Step           Time
         187500      375.00000

   Energies (kJ/mol)
           Bond          Angle    Proper Dih. Per. Imp. Dih.          LJ-14
    1.24568e+03    3.54323e+03    3.98200e+03    1.91243e+02    1.57064e+03
     Coulomb-14        LJ (SR)  Disper. corr.   Coulomb (SR)   Coul. recip.
    2.24535e+04    1.11381e+05   -3.89468e+03   -9.16698e+05    2.77094e+03
      Potential    Kinetic En.   Total Energy  Conserved En.    Temperature
   -7.73446e+05    1.39398e+05   -6.34047e+05   -6.33355e+05    3.00188e+02
 Pres. DC (bar) Pressure (bar)   Constr. rmsd
   -1.15816e+02    1.80475e+02    3.99350e-06

           Step           Time
         188000      376.00000

   Energies (kJ/mol)
           Bond          Angle    Proper Dih. Per. Imp. Dih.          LJ-14
    1.22715e+03    3.48818e+03    3.94716e+03    1.99111e+02    1.57786e+03
     Coulomb-14        LJ (SR)  Disper. corr.   Coulomb (SR)   Coul. recip.
    2.23961e+04    1.11072e+05   -3.88945e+03   -9.16520e+05    2.70740e+03
      Potential    Kinetic En.   Total Energy  Conserved En.    Temperature
   -7.73786e+05    1.38724e+05   -6.35062e+05   -6.33504e+05    2.98735e+02
 Pres. DC (bar) Pressure (bar)   Constr. rmsd
   -1.15506e+02    1.25315e+02    3.99350e-06

           Step           Time
         188500      377.00000

   Energies (kJ/mol)
           Bond          Angle    Proper Dih. Per. Imp. Dih.          LJ-14
    1.26924e+03    3.67106e+03    3.89391e+03    1.90406e+02    1.56372e+03
     Coulomb-14        LJ (SR)  Disper. corr.   Coulomb (SR)   Coul. recip.
    2.22857e+04    1.10405e+05   -3.88965e+03   -9.15390e+05    2.82385e+03
      Potential    Kinetic En.   Total Energy  Conserved En.    Temperature
   -7.73174e+05    1.39465e+05   -6.33709e+05   -6.33407e+05    3.00330e+02
 Pres. DC (bar) Pressure (bar)   Constr. rmsd
   -1.15517e+02    7.20744e+01    3.99350e-06

           Step           Time
         189000      378.00000

   Energies (kJ/mol)
           Bond          Angle    Proper Dih. Per. Imp. Dih.          LJ-14
    1.26691e+03    3.59089e+03    3.99864e+03    1.88781e+02    1.56229e+03
     Coulomb-14        LJ (SR)  Disper. corr.   Coulomb (SR)   Coul. recip.
    2.22634e+04    1.10506e+05   -3.88849e+03   -9.15685e+05    2.83294e+03
      Potential    Kinetic En.   Total Energy  Conserved En.    Temperature
   -7.73354e+05    1.39605e+05   -6.33749e+05   -6.33371e+05    3.00633e+02
 Pres. DC (bar) Pressure (bar)   Constr. rmsd
   -1.15449e+02    8.66353e+00    3.99350e-06

           Step           Time
         189500      379.00000

   Energies (kJ/mol)
           Bond          Angle    Proper Dih. Per. Imp. Dih.          LJ-14
    1.26673e+03    3.59299e+03    3.94453e+03    2.01033e+02    1.54038e+03
     Coulomb-14        LJ (SR)  Disper. corr.   Coulomb (SR)   Coul. recip.
    2.22165e+04    1.10199e+05   -3.88950e+03   -9.15964e+05    2.74246e+03
      Potential    Kinetic En.   Total Energy  Conserved En.    Temperature
   -7.74139e+05    1.39668e+05   -6.34472e+05   -6.33301e+05    3.00767e+02
 Pres. DC (bar) Pressure (bar)   Constr. rmsd
   -1.15508e+02   -4.19931e+01    3.99350e-06

           Step           Time
         190000      380.00000

   Energies (kJ/mol)
           Bond          Angle    Proper Dih. Per. Imp. Dih.          LJ-14
    1.24145e+03    3.68823e+03    3.96955e+03    1.98019e+02    1.57770e+03
     Coulomb-14        LJ (SR)  Disper. corr.   Coulomb (SR)   Coul. recip.
    2.22298e+04    1.09016e+05   -3.89290e+03   -9.14607e+05    2.77306e+03
      Potential    Kinetic En.   Total Energy  Conserved En.    Temperature
   -7.73796e+05    1.39433e+05   -6.34363e+05   -6.33284e+05    3.00263e+02
 Pres. DC (bar) Pressure (bar)   Constr. rmsd
   -1.15710e+02   -1.35502e+02    3.99350e-06

           Step           Time
         190500      381.00000

   Energies (kJ/mol)
           Bond          Angle    Proper Dih. Per. Imp. Dih.          LJ-14
    1.30271e+03    3.61282e+03    3.86576e+03    2.00406e+02    1.51174e+03
     Coulomb-14        LJ (SR)  Disper. corr.   Coulomb (SR)   Coul. recip.
    2.22150e+04    1.10268e+05   -3.89332e+03   -9.15298e+05    2.73377e+03
      Potential    Kinetic En.   Total Energy  Conserved En.    Temperature
   -7.73477e+05    1.40015e+05   -6.33463e+05   -6.33367e+05    3.01514e+02
 Pres. DC (bar) Pressure (bar)   Constr. rmsd
   -1.15735e+02   -1.27796e+01    3.99350e-06

           Step           Time
         191000      382.00000

   Energies (kJ/mol)
           Bond          Angle    Proper Dih. Per. Imp. Dih.          LJ-14
    1.20339e+03    3.57228e+03    3.97939e+03    2.01160e+02    1.59325e+03
     Coulomb-14        LJ (SR)  Disper. corr.   Coulomb (SR)   Coul. recip.
    2.23482e+04    1.10834e+05   -3.89274e+03   -9.15480e+05    2.67830e+03
      Potential    Kinetic En.   Total Energy  Conserved En.    Temperature
   -7.72952e+05    1.39964e+05   -6.32988e+05   -6.33290e+05    3.01406e+02
 Pres. DC (bar) Pressure (bar)   Constr. rmsd
   -1.15701e+02    1.46837e+02    3.99350e-06

           Step           Time
         191500      383.00000

   Energies (kJ/mol)
           Bond          Angle    Proper Dih. Per. Imp. Dih.          LJ-14
    1.18182e+03    3.63153e+03    3.88828e+03    2.05086e+02    1.59568e+03
     Coulomb-14        LJ (SR)  Disper. corr.   Coulomb (SR)   Coul. recip.
    2.23180e+04    1.09319e+05   -3.89460e+03   -9.14950e+05    2.65444e+03
      Potential    Kinetic En.   Total Energy  Conserved En.    Temperature
   -7.74040e+05    1.40069e+05   -6.33971e+05   -6.33260e+05    3.01631e+02
 Pres. DC (bar) Pressure (bar)   Constr. rmsd
   -1.15811e+02   -3.55195e+01    3.99350e-06

           Step           Time
         192000      384.00000

   Energies (kJ/mol)
           Bond          Angle    Proper Dih. Per. Imp. Dih.          LJ-14
    1.25594e+03    3.52485e+03    3.91701e+03    2.30695e+02    1.58439e+03
     Coulomb-14        LJ (SR)  Disper. corr.   Coulomb (SR)   Coul. recip.
    2.23308e+04    1.09827e+05   -3.89605e+03   -9.15624e+05    2.72195e+03
      Potential    Kinetic En.   Total Energy  Conserved En.    Temperature
   -7.74117e+05    1.38834e+05   -6.35283e+05   -6.33207e+05    2.98972e+02
 Pres. DC (bar) Pressure (bar)   Constr. rmsd
   -1.15897e+02   -5.66780e+01    3.99350e-06

           Step           Time
         192500      385.00000

   Energies (kJ/mol)
           Bond          Angle    Proper Dih. Per. Imp. Dih.          LJ-14
    1.22696e+03    3.54402e+03    3.91948e+03    2.07348e+02    1.58915e+03
     Coulomb-14        LJ (SR)  Disper. corr.   Coulomb (SR)   Coul. recip.
    2.23071e+04    1.10635e+05   -3.89789e+03   -9.16733e+05    2.76422e+03
      Potential    Kinetic En.   Total Energy  Conserved En.    Temperature
   -7.74426e+05    1.40437e+05   -6.33989e+05   -6.33222e+05    3.02424e+02
 Pres. DC (bar) Pressure (bar)   Constr. rmsd
   -1.16007e+02    9.67449e+01    3.99350e-06

           Step           Time
         193000      386.00000

   Energies (kJ/mol)
           Bond          Angle    Proper Dih. Per. Imp. Dih.          LJ-14
    1.20516e+03    3.56445e+03    3.86656e+03    1.94594e+02    1.60536e+03
     Coulomb-14        LJ (SR)  Disper. corr.   Coulomb (SR)   Coul. recip.
    2.22633e+04    1.10589e+05   -3.89210e+03   -9.16163e+05    2.73215e+03
      Potential    Kinetic En.   Total Energy  Conserved En.    Temperature
   -7.74015e+05    1.40275e+05   -6.33740e+05   -6.33377e+05    3.02076e+02
 Pres. DC (bar) Pressure (bar)   Constr. rmsd
   -1.15662e+02    1.13908e+02    3.99350e-06

           Step           Time
         193500      387.00000

   Energies (kJ/mol)
           Bond          Angle    Proper Dih. Per. Imp. Dih.          LJ-14
    1.19361e+03    3.46548e+03    4.01239e+03    2.05965e+02    1.56277e+03
     Coulomb-14        LJ (SR)  Disper. corr.   Coulomb (SR)   Coul. recip.
    2.23902e+04    1.09355e+05   -3.88058e+03   -9.14732e+05    2.72300e+03
      Potential    Kinetic En.   Total Energy  Conserved En.    Temperature
   -7.73693e+05    1.39249e+05   -6.34444e+05   -6.33522e+05    2.99865e+02
 Pres. DC (bar) Pressure (bar)   Constr. rmsd
   -1.14980e+02   -8.99886e+01    3.99350e-06

           Step           Time
         194000      388.00000

   Energies (kJ/mol)
           Bond          Angle    Proper Dih. Per. Imp. Dih.          LJ-14
    1.27298e+03    3.66744e+03    3.91854e+03    2.11990e+02    1.55282e+03
     Coulomb-14        LJ (SR)  Disper. corr.   Coulomb (SR)   Coul. recip.
    2.21613e+04    1.09971e+05   -3.88539e+03   -9.14289e+05    2.70129e+03
      Potential    Kinetic En.   Total Energy  Conserved En.    Temperature
   -7.72705e+05    1.39484e+05   -6.33222e+05   -6.33452e+05    3.00371e+02
 Pres. DC (bar) Pressure (bar)   Constr. rmsd
   -1.15264e+02    4.03916e+01    3.99350e-06

           Step           Time
         194500      389.00000

   Energies (kJ/mol)
           Bond          Angle    Proper Dih. Per. Imp. Dih.          LJ-14
    1.20784e+03    3.62001e+03    3.99469e+03    2.36401e+02    1.59264e+03
     Coulomb-14        LJ (SR)  Disper. corr.   Coulomb (SR)   Coul. recip.
    2.23082e+04    1.09634e+05   -3.88848e+03   -9.15201e+05    2.76708e+03
      Potential    Kinetic En.   Total Energy  Conserved En.    Temperature
   -7.73717e+05    1.39919e+05   -6.33798e+05   -6.33400e+05    3.01309e+02
 Pres. DC (bar) Pressure (bar)   Constr. rmsd
   -1.15448e+02   -5.38146e+01    3.99350e-06

           Step           Time
         195000      390.00000

   Energies (kJ/mol)
           Bond          Angle    Proper Dih. Per. Imp. Dih.          LJ-14
    1.18488e+03    3.60017e+03    4.02753e+03    2.38072e+02    1.51439e+03
     Coulomb-14        LJ (SR)  Disper. corr.   Coulomb (SR)   Coul. recip.
    2.22903e+04    1.10905e+05   -3.88976e+03   -9.16380e+05    2.69870e+03
      Potential    Kinetic En.   Total Energy  Conserved En.    Temperature
   -7.73798e+05    1.39319e+05   -6.34478e+05   -6.33386e+05    3.00017e+02
 Pres. DC (bar) Pressure (bar)   Constr. rmsd
   -1.15524e+02    6.77679e+01    3.99350e-06

           Step           Time
         195500      391.00000

   Energies (kJ/mol)
           Bond          Angle    Proper Dih. Per. Imp. Dih.          LJ-14
    1.24192e+03    3.49938e+03    4.11117e+03    2.06722e+02    1.51801e+03
     Coulomb-14        LJ (SR)  Disper. corr.   Coulomb (SR)   Coul. recip.
    2.23779e+04    1.08894e+05   -3.89276e+03   -9.15069e+05    2.76366e+03
      Potential    Kinetic En.   Total Energy  Conserved En.    Temperature
   -7.74337e+05    1.38189e+05   -6.36148e+05   -6.33188e+05    2.97582e+02
 Pres. DC (bar) Pressure (bar)   Constr. rmsd
   -1.15702e+02   -2.06778e+02    3.99350e-06

           Step           Time
         196000      392.00000

   Energies (kJ/mol)
           Bond          Angle    Proper Dih. Per. Imp. Dih.          LJ-14
    1.27793e+03    3.39385e+03    3.94603e+03    1.88479e+02    1.58699e+03
     Coulomb-14        LJ (SR)  Disper. corr.   Coulomb (SR)   Coul. recip.
    2.23470e+04    1.10882e+05   -3.89323e+03   -9.16357e+05    2.66236e+03
      Potential    Kinetic En.   Total Energy  Conserved En.    Temperature
   -7.73952e+05    1.39096e+05   -6.34856e+05   -6.33248e+05    2.99537e+02
 Pres. DC (bar) Pressure (bar)   Constr. rmsd
   -1.15730e+02    5.49379e+01    3.99350e-06

           Step           Time
         196500      393.00000

   Energies (kJ/mol)
           Bond          Angle    Proper Dih. Per. Imp. Dih.          LJ-14
    1.19971e+03    3.41458e+03    3.91616e+03    2.07133e+02    1.61357e+03
     Coulomb-14        LJ (SR)  Disper. corr.   Coulomb (SR)   Coul. recip.
    2.22656e+04    1.10247e+05   -3.88697e+03   -9.16710e+05    2.69930e+03
      Potential    Kinetic En.   Total Energy  Conserved En.    Temperature
   -7.75032e+05    1.39967e+05   -6.35066e+05   -6.33424e+05    3.01411e+02
 Pres. DC (bar) Pressure (bar)   Constr. rmsd
   -1.15358e+02   -2.27215e+01    3.99350e-06

           Step           Time
         197000      394.00000

   Energies (kJ/mol)
           Bond          Angle    Proper Dih. Per. Imp. Dih.          LJ-14
    1.25040e+03    3.56168e+03    3.91601e+03    2.37675e+02    1.61735e+03
     Coulomb-14        LJ (SR)  Disper. corr.   Coulomb (SR)   Coul. recip.
    2.23312e+04    1.09623e+05   -3.88482e+03   -9.14681e+05    2.70884e+03
      Potential    Kinetic En.   Total Energy  Conserved En.    Temperature
   -7.73314e+05    1.39572e+05   -6.33741e+05   -6.33429e+05    3.00562e+02
 Pres. DC (bar) Pressure (bar)   Constr. rmsd
   -1.15231e+02    1.00769e+01    3.99350e-06

           Step           Time
         197500      395.00000

   Energies (kJ/mol)
           Bond          Angle    Proper Dih. Per. Imp. Dih.          LJ-14
    1.29395e+03    3.57268e+03    3.89946e+03    2.21753e+02    1.56218e+03
     Coulomb-14        LJ (SR)  Disper. corr.   Coulomb (SR)   Coul. recip.
    2.21419e+04    1.11132e+05   -3.89108e+03   -9.16210e+05    2.72784e+03
      Potential    Kinetic En.   Total Energy  Conserved En.    Temperature
   -7.73543e+05    1.39444e+05   -6.34099e+05   -6.33292e+05    3.00286e+02
 Pres. DC (bar) Pressure (bar)   Constr. rmsd
   -1.15602e+02    8.18446e+01    3.99350e-06

           Step           Time
         198000      396.00000

   Energies (kJ/mol)
           Bond          Angle    Proper Dih. Per. Imp. Dih.          LJ-14
    1.36834e+03    3.56070e+03    3.93040e+03    2.12570e+02    1.53500e+03
     Coulomb-14        LJ (SR)  Disper. corr.   Coulomb (SR)   Coul. recip.
    2.21521e+04    1.10448e+05   -3.89073e+03   -9.15993e+05    2.76604e+03
      Potential    Kinetic En.   Total Energy  Conserved En.    Temperature
   -7.73904e+05    1.39368e+05   -6.34536e+05   -6.33234e+05    3.00121e+02
 Pres. DC (bar) Pressure (bar)   Constr. rmsd
   -1.15581e+02    4.73417e+00    3.99350e-06

           Step           Time
         198500      397.00000

   Energies (kJ/mol)
           Bond          Angle    Proper Dih. Per. Imp. Dih.          LJ-14
    1.15854e+03    3.52202e+03    3.91894e+03    2.24186e+02    1.56658e+03
     Coulomb-14        LJ (SR)  Disper. corr.   Coulomb (SR)   Coul. recip.
    2.22762e+04    1.10341e+05   -3.89390e+03   -9.15733e+05    2.68717e+03
      Potential    Kinetic En.   Total Energy  Conserved En.    Temperature
   -7.73925e+05    1.39418e+05   -6.34507e+05   -6.33242e+05    3.00231e+02
 Pres. DC (bar) Pressure (bar)   Constr. rmsd
   -1.15770e+02    8.38256e+01    3.99350e-06

           Step           Time
         199000      398.00000

   Energies (kJ/mol)
           Bond          Angle    Proper Dih. Per. Imp. Dih.          LJ-14
    1.22191e+03    3.47682e+03    3.97601e+03    2.04817e+02    1.56804e+03
     Coulomb-14        LJ (SR)  Disper. corr.   Coulomb (SR)   Coul. recip.
    2.21789e+04    1.08280e+05   -3.89325e+03   -9.13371e+05    2.75191e+03
      Potential    Kinetic En.   Total Energy  Conserved En.    Temperature
   -7.73604e+05    1.39139e+05   -6.34465e+05   -6.33179e+05    2.99629e+02
 Pres. DC (bar) Pressure (bar)   Constr. rmsd
   -1.15731e+02   -2.00254e+02    3.99350e-06

           Step           Time
         199500      399.00000

   Energies (kJ/mol)
           Bond          Angle    Proper Dih. Per. Imp. Dih.          LJ-14
    1.27975e+03    3.50592e+03    4.00406e+03    1.87405e+02    1.55318e+03
     Coulomb-14        LJ (SR)  Disper. corr.   Coulomb (SR)   Coul. recip.
    2.21932e+04    1.09789e+05   -3.89613e+03   -9.15550e+05    2.75546e+03
      Potential    Kinetic En.   Total Energy  Conserved En.    Temperature
   -7.74171e+05    1.39387e+05   -6.34784e+05   -6.33155e+05    3.00163e+02
 Pres. DC (bar) Pressure (bar)   Constr. rmsd
   -1.15902e+02   -4.41734e+01    3.99350e-06

           Step           Time
         200000      400.00000

   Energies (kJ/mol)
           Bond          Angle    Proper Dih. Per. Imp. Dih.          LJ-14
    1.19740e+03    3.71921e+03    4.00760e+03    2.03861e+02    1.56827e+03
     Coulomb-14        LJ (SR)  Disper. corr.   Coulomb (SR)   Coul. recip.
    2.22741e+04    1.09099e+05   -3.89414e+03   -9.14415e+05    2.68585e+03
      Potential    Kinetic En.   Total Energy  Conserved En.    Temperature
   -7.73546e+05    1.39298e+05   -6.34249e+05   -6.33165e+05    2.99970e+02
 Pres. DC (bar) Pressure (bar)   Constr. rmsd
   -1.15784e+02    1.13563e+01    3.99350e-06

           Step           Time
         200500      401.00000

   Energies (kJ/mol)
           Bond          Angle    Proper Dih. Per. Imp. Dih.          LJ-14
    1.28988e+03    3.58478e+03    3.89608e+03    1.97216e+02    1.53314e+03
     Coulomb-14        LJ (SR)  Disper. corr.   Coulomb (SR)   Coul. recip.
    2.22958e+04    1.10632e+05   -3.89717e+03   -9.16570e+05    2.80010e+03
      Potential    Kinetic En.   Total Energy  Conserved En.    Temperature
   -7.74224e+05    1.40560e+05   -6.33664e+05   -6.33068e+05    3.02689e+02
 Pres. DC (bar) Pressure (bar)   Constr. rmsd
   -1.15964e+02   -1.35226e+00    3.99350e-06

           Step           Time
         201000      402.00000

   Energies (kJ/mol)
           Bond          Angle    Proper Dih. Per. Imp. Dih.          LJ-14
    1.28136e+03    3.60592e+03    3.96207e+03    1.78415e+02    1.55206e+03
     Coulomb-14        LJ (SR)  Disper. corr.   Coulomb (SR)   Coul. recip.
    2.22884e+04    1.10717e+05   -3.89698e+03   -9.16575e+05    2.67954e+03
      Potential    Kinetic En.   Total Energy  Conserved En.    Temperature
   -7.74199e+05    1.39221e+05   -6.34978e+05   -6.33083e+05    2.99806e+02
 Pres. DC (bar) Pressure (bar)   Constr. rmsd
   -1.15953e+02    5.96677e+01    3.99350e-06

           Step           Time
         201500      403.00000

   Energies (kJ/mol)
           Bond          Angle    Proper Dih. Per. Imp. Dih.          LJ-14
    1.23010e+03    3.45380e+03    4.00658e+03    1.69174e+02    1.49420e+03
     Coulomb-14        LJ (SR)  Disper. corr.   Coulomb (SR)   Coul. recip.
    2.22690e+04    1.09738e+05   -3.89726e+03   -9.16094e+05    2.66721e+03
      Potential    Kinetic En.   Total Energy  Conserved En.    Temperature
   -7.74955e+05    1.39092e+05   -6.35863e+05   -6.33125e+05    2.99527e+02
 Pres. DC (bar) Pressure (bar)   Constr. rmsd
   -1.15970e+02   -5.20492e+01    3.99350e-06

           Step           Time
         202000      404.00000

   Energies (kJ/mol)
           Bond          Angle    Proper Dih. Per. Imp. Dih.          LJ-14
    1.21690e+03    3.62853e+03    3.95810e+03    2.12407e+02    1.52277e+03
     Coulomb-14        LJ (SR)  Disper. corr.   Coulomb (SR)   Coul. recip.
    2.22673e+04    1.10676e+05   -3.89568e+03   -9.17144e+05    2.79255e+03
      Potential    Kinetic En.   Total Energy  Conserved En.    Temperature
   -7.74750e+05    1.38901e+05   -6.35849e+05   -6.33119e+05    2.99116e+02
 Pres. DC (bar) Pressure (bar)   Constr. rmsd
   -1.15876e+02   -4.46887e+01    3.99350e-06

           Step           Time
         202500      405.00000

   Energies (kJ/mol)
           Bond          Angle    Proper Dih. Per. Imp. Dih.          LJ-14
    1.29771e+03    3.64150e+03    3.93946e+03    1.92626e+02    1.51073e+03
     Coulomb-14        LJ (SR)  Disper. corr.   Coulomb (SR)   Coul. recip.
    2.21124e+04    1.10585e+05   -3.90150e+03   -9.16753e+05    2.70411e+03
      Potential    Kinetic En.   Total Energy  Conserved En.    Temperature
   -7.74656e+05    1.38959e+05   -6.35696e+05   -6.32953e+05    2.99242e+02
 Pres. DC (bar) Pressure (bar)   Constr. rmsd
   -1.16222e+02    4.02456e+01    3.99350e-06

           Step           Time
         203000      406.00000

   Energies (kJ/mol)
           Bond          Angle    Proper Dih. Per. Imp. Dih.          LJ-14
    1.17702e+03    3.43468e+03    4.02217e+03    2.09047e+02    1.59518e+03
     Coulomb-14        LJ (SR)  Disper. corr.   Coulomb (SR)   Coul. recip.
    2.22984e+04    1.10013e+05   -3.89735e+03   -9.16978e+05    2.64681e+03
      Potential    Kinetic En.   Total Energy  Conserved En.    Temperature
   -7.75470e+05    1.38152e+05   -6.37318e+05   -6.33087e+05    2.97504e+02
 Pres. DC (bar) Pressure (bar)   Constr. rmsd
   -1.15975e+02   -1.09973e+01    3.99350e-06

           Step           Time
         203500      407.00000

   Energies (kJ/mol)
           Bond          Angle    Proper Dih. Per. Imp. Dih.          LJ-14
    1.32116e+03    3.57618e+03    3.91013e+03    2.14312e+02    1.52604e+03
     Coulomb-14        LJ (SR)  Disper. corr.   Coulomb (SR)   Coul. recip.
    2.21384e+04    1.12069e+05   -3.89771e+03   -9.19113e+05    2.77401e+03
      Potential    Kinetic En.   Total Energy  Conserved En.    Temperature
   -7.75472e+05    1.38937e+05   -6.36536e+05   -6.33124e+05    2.99193e+02
 Pres. DC (bar) Pressure (bar)   Constr. rmsd
   -1.15996e+02    9.97994e+01    3.99350e-06

           Step           Time
         204000      408.00000

   Energies (kJ/mol)
           Bond          Angle    Proper Dih. Per. Imp. Dih.          LJ-14
    1.20763e+03    3.47970e+03    3.96453e+03    1.88457e+02    1.57902e+03
     Coulomb-14        LJ (SR)  Disper. corr.   Coulomb (SR)   Coul. recip.
    2.23674e+04    1.10529e+05   -3.89469e+03   -9.16581e+05    2.73212e+03
      Potential    Kinetic En.   Total Energy  Conserved En.    Temperature
   -7.74419e+05    1.37744e+05   -6.36674e+05   -6.33148e+05    2.96625e+02
 Pres. DC (bar) Pressure (bar)   Constr. rmsd
   -1.15817e+02    4.83000e+01    3.99350e-06

           Step           Time
         204500      409.00000

   Energies (kJ/mol)
           Bond          Angle    Proper Dih. Per. Imp. Dih.          LJ-14
    1.31960e+03    3.44218e+03    3.90366e+03    2.09739e+02    1.55900e+03
     Coulomb-14        LJ (SR)  Disper. corr.   Coulomb (SR)   Coul. recip.
    2.22940e+04    1.09355e+05   -3.89238e+03   -9.15694e+05    2.75401e+03
      Potential    Kinetic En.   Total Energy  Conserved En.    Temperature
   -7.74733e+05    1.37917e+05   -6.36816e+05   -6.33194e+05    2.96998e+02
 Pres. DC (bar) Pressure (bar)   Constr. rmsd
   -1.15679e+02   -1.31356e+02    3.99350e-06

           Step           Time
         205000      410.00000

   Energies (kJ/mol)
           Bond          Angle    Proper Dih. Per. Imp. Dih.          LJ-14
    1.33893e+03    3.56001e+03    3.94559e+03    2.18094e+02    1.57341e+03
     Coulomb-14        LJ (SR)  Disper. corr.   Coulomb (SR)   Coul. recip.
    2.23084e+04    1.09973e+05   -3.89331e+03   -9.15825e+05    2.73256e+03
      Potential    Kinetic En.   Total Energy  Conserved En.    Temperature
   -7.74058e+05    1.38782e+05   -6.35275e+05   -6.33114e+05    2.98861e+02
 Pres. DC (bar) Pressure (bar)   Constr. rmsd
   -1.15735e+02    1.73494e+01    3.99350e-06

           Step           Time
         205500      411.00000

   Energies (kJ/mol)
           Bond          Angle    Proper Dih. Per. Imp. Dih.          LJ-14
    1.24813e+03    3.73037e+03    3.93434e+03    2.15173e+02    1.52067e+03
     Coulomb-14        LJ (SR)  Disper. corr.   Coulomb (SR)   Coul. recip.
    2.22859e+04    1.10408e+05   -3.89740e+03   -9.15900e+05    2.70581e+03
      Potential    Kinetic En.   Total Energy  Conserved En.    Temperature
   -7.73738e+05    1.38967e+05   -6.34772e+05   -6.32988e+05    2.99258e+02
 Pres. DC (bar) Pressure (bar)   Constr. rmsd
   -1.15978e+02    1.97270e+01    3.99350e-06

           Step           Time
         206000      412.00000

   Energies (kJ/mol)
           Bond          Angle    Proper Dih. Per. Imp. Dih.          LJ-14
    1.24903e+03    3.52512e+03    3.96866e+03    1.90871e+02    1.53284e+03
     Coulomb-14        LJ (SR)  Disper. corr.   Coulomb (SR)   Coul. recip.
    2.22911e+04    1.10625e+05   -3.89953e+03   -9.16378e+05    2.81436e+03
      Potential    Kinetic En.   Total Energy  Conserved En.    Temperature
   -7.74070e+05    1.39700e+05   -6.34370e+05   -6.33005e+05    3.00836e+02
 Pres. DC (bar) Pressure (bar)   Constr. rmsd
   -1.16105e+02    3.40298e+01    3.99350e-06

           Step           Time
         206500      413.00000

   Energies (kJ/mol)
           Bond          Angle    Proper Dih. Per. Imp. Dih.          LJ-14
    1.18958e+03    3.71387e+03    3.98564e+03    2.25949e+02    1.58272e+03
     Coulomb-14        LJ (SR)  Disper. corr.   Coulomb (SR)   Coul. recip.
    2.22398e+04    1.08867e+05   -3.89735e+03   -9.14488e+05    2.75500e+03
      Potential    Kinetic En.   Total Energy  Conserved En.    Temperature
   -7.73816e+05    1.38934e+05   -6.34882e+05   -6.33081e+05    2.99187e+02
 Pres. DC (bar) Pressure (bar)   Constr. rmsd
   -1.15975e+02   -9.69608e+01    3.99350e-06

           Step           Time
         207000      414.00000

   Energies (kJ/mol)
           Bond          Angle    Proper Dih. Per. Imp. Dih.          LJ-14
    1.27259e+03    3.49765e+03    3.93022e+03    2.20446e+02    1.57829e+03
     Coulomb-14        LJ (SR)  Disper. corr.   Coulomb (SR)   Coul. recip.
    2.22249e+04    1.09539e+05   -3.90201e+03   -9.15632e+05    2.61919e+03
      Potential    Kinetic En.   Total Energy  Conserved En.    Temperature
   -7.74640e+05    1.39185e+05   -6.35455e+05   -6.33026e+05    2.99727e+02
 Pres. DC (bar) Pressure (bar)   Constr. rmsd
   -1.16252e+02   -2.34116e+01    3.99350e-06

           Step           Time
         207500      415.00000

   Energies (kJ/mol)
           Bond          Angle    Proper Dih. Per. Imp. Dih.          LJ-14
    1.11982e+03    3.50173e+03    4.06362e+03    2.26414e+02    1.60189e+03
     Coulomb-14        LJ (SR)  Disper. corr.   Coulomb (SR)   Coul. recip.
    2.23105e+04    1.10138e+05   -3.89140e+03   -9.17160e+05    2.75726e+03
      Potential    Kinetic En.   Total Energy  Conserved En.    Temperature
   -7.75322e+05    1.38138e+05   -6.37184e+05   -6.33188e+05    2.97473e+02
 Pres. DC (bar) Pressure (bar)   Constr. rmsd
   -1.15621e+02   -3.80928e+01    3.99350e-06

           Step           Time
         208000      416.00000

   Energies (kJ/mol)
           Bond          Angle    Proper Dih. Per. Imp. Dih.          LJ-14
    1.11045e+03    3.63159e+03    3.88020e+03    1.91488e+02    1.56267e+03
     Coulomb-14        LJ (SR)  Disper. corr.   Coulomb (SR)   Coul. recip.
    2.21964e+04    1.11392e+05   -3.88733e+03   -9.18541e+05    2.70386e+03
      Potential    Kinetic En.   Total Energy  Conserved En.    Temperature
   -7.75749e+05    1.38319e+05   -6.37430e+05   -6.33275e+05    2.97863e+02
 Pres. DC (bar) Pressure (bar)   Constr. rmsd
   -1.15379e+02    3.87557e+01    3.99350e-06

           Step           Time
         208500      417.00000

   Energies (kJ/mol)
           Bond          Angle    Proper Dih. Per. Imp. Dih.          LJ-14
    1.22705e+03    3.59338e+03    3.88462e+03    1.85302e+02    1.53012e+03
     Coulomb-14        LJ (SR)  Disper. corr.   Coulomb (SR)   Coul. recip.
    2.21232e+04    1.10505e+05   -3.89089e+03   -9.17158e+05    2.81344e+03
      Potential    Kinetic En.   Total Energy  Conserved En.    Temperature
   -7.75169e+05    1.38848e+05   -6.36321e+05   -6.33180e+05    2.99003e+02
 Pres. DC (bar) Pressure (bar)   Constr. rmsd
   -1.15591e+02   -6.39961e+01    3.99350e-06

           Step           Time
         209000      418.00000

   Energies (kJ/mol)
           Bond          Angle    Proper Dih. Per. Imp. Dih.          LJ-14
    1.26256e+03    3.74040e+03    3.94046e+03    2.27029e+02    1.50895e+03
     Coulomb-14        LJ (SR)  Disper. corr.   Coulomb (SR)   Coul. recip.
    2.21069e+04    1.10388e+05   -3.89285e+03   -9.15188e+05    2.68571e+03
      Potential    Kinetic En.   Total Energy  Conserved En.    Temperature
   -7.73208e+05    1.39043e+05   -6.34165e+05   -6.33142e+05    2.99423e+02
 Pres. DC (bar) Pressure (bar)   Constr. rmsd
   -1.15707e+02   -2.94857e+00    3.99350e-06

           Step           Time
         209500      419.00000

   Energies (kJ/mol)
           Bond          Angle    Proper Dih. Per. Imp. Dih.          LJ-14
    1.24759e+03    3.51016e+03    3.95299e+03    2.01700e+02    1.55787e+03
     Coulomb-14        LJ (SR)  Disper. corr.   Coulomb (SR)   Coul. recip.
    2.22241e+04    1.10548e+05   -3.89469e+03   -9.15126e+05    2.62777e+03
      Potential    Kinetic En.   Total Energy  Conserved En.    Temperature
   -7.73139e+05    1.39394e+05   -6.33745e+05   -6.33127e+05    3.00178e+02
 Pres. DC (bar) Pressure (bar)   Constr. rmsd
   -1.15817e+02    1.01201e+02    3.99350e-06

           Step           Time
         210000      420.00000

   Energies (kJ/mol)
           Bond          Angle    Proper Dih. Per. Imp. Dih.          LJ-14
    1.23054e+03    3.69247e+03    4.04317e+03    1.94508e+02    1.53587e+03
     Coulomb-14        LJ (SR)  Disper. corr.   Coulomb (SR)   Coul. recip.
    2.24542e+04    1.09037e+05   -3.89205e+03   -9.13454e+05    2.68948e+03
      Potential    Kinetic En.   Total Energy  Conserved En.    Temperature
   -7.72457e+05    1.38979e+05   -6.33478e+05   -6.33103e+05    2.99285e+02
 Pres. DC (bar) Pressure (bar)   Constr. rmsd
   -1.15660e+02   -5.20291e+01    3.99350e-06

           Step           Time
         210500      421.00000

   Energies (kJ/mol)
           Bond          Angle    Proper Dih. Per. Imp. Dih.          LJ-14
    1.33763e+03    3.59846e+03    3.92488e+03    2.30535e+02    1.53535e+03
     Coulomb-14        LJ (SR)  Disper. corr.   Coulomb (SR)   Coul. recip.
    2.21572e+04    1.10368e+05   -3.89610e+03   -9.15464e+05    2.78063e+03
      Potential    Kinetic En.   Total Energy  Conserved En.    Temperature
   -7.73415e+05    1.40502e+05   -6.32913e+05   -6.33096e+05    3.02564e+02
 Pres. DC (bar) Pressure (bar)   Constr. rmsd
   -1.15901e+02    5.11288e+01    3.99350e-06

           Step           Time
         211000      422.00000

   Energies (kJ/mol)
           Bond          Angle    Proper Dih. Per. Imp. Dih.          LJ-14
    1.27177e+03    3.52428e+03    3.91937e+03    2.06089e+02    1.58145e+03
     Coulomb-14        LJ (SR)  Disper. corr.   Coulomb (SR)   Coul. recip.
    2.22307e+04    1.11657e+05   -3.88934e+03   -9.18223e+05    2.67817e+03
      Potential    Kinetic En.   Total Energy  Conserved En.    Temperature
   -7.75031e+05    1.39706e+05   -6.35325e+05   -6.33244e+05    3.00849e+02
 Pres. DC (bar) Pressure (bar)   Constr. rmsd
   -1.15499e+02    1.04042e+02    3.99350e-06

           Step           Time
         211500      423.00000

   Energies (kJ/mol)
           Bond          Angle    Proper Dih. Per. Imp. Dih.          LJ-14
    1.22437e+03    3.53815e+03    3.93662e+03    1.89028e+02    1.48193e+03
     Coulomb-14        LJ (SR)  Disper. corr.   Coulomb (SR)   Coul. recip.
    2.22676e+04    1.10627e+05   -3.89001e+03   -9.17162e+05    2.67461e+03
      Potential    Kinetic En.   Total Energy  Conserved En.    Temperature
   -7.75095e+05    1.38700e+05   -6.36394e+05   -6.33223e+05    2.98685e+02
 Pres. DC (bar) Pressure (bar)   Constr. rmsd
   -1.15539e+02   -6.66638e+01    3.99350e-06

           Step           Time
         212000      424.00000

   Energies (kJ/mol)
           Bond          Angle    Proper Dih. Per. Imp. Dih.          LJ-14
    1.21920e+03    3.63488e+03    3.94113e+03    1.87901e+02    1.56114e+03
     Coulomb-14        LJ (SR)  Disper. corr.   Coulomb (SR)   Coul. recip.
    2.21066e+04    1.10123e+05   -3.88780e+03   -9.17218e+05    2.66163e+03
      Potential    Kinetic En.   Total Energy  Conserved En.    Temperature
   -7.75657e+05    1.38763e+05   -6.36894e+05   -6.33220e+05    2.98820e+02
 Pres. DC (bar) Pressure (bar)   Constr. rmsd
   -1.15408e+02   -1.06721e+02    3.99350e-06

           Step           Time
         212500      425.00000

   Energies (kJ/mol)
           Bond          Angle    Proper Dih. Per. Imp. Dih.          LJ-14
    1.26590e+03    3.58630e+03    3.93491e+03    2.14769e+02    1.53793e+03
     Coulomb-14        LJ (SR)  Disper. corr.   Coulomb (SR)   Coul. recip.
    2.23277e+04    1.10405e+05   -3.89355e+03   -9.16474e+05    2.77646e+03
      Potential    Kinetic En.   Total Energy  Conserved En.    Temperature
   -7.74313e+05    1.38688e+05   -6.35624e+05   -6.33143e+05    2.98659e+02
 Pres. DC (bar) Pressure (bar)   Constr. rmsd
   -1.15749e+02    3.25987e+00    3.99350e-06

           Step           Time
         213000      426.00000

   Energies (kJ/mol)
           Bond          Angle    Proper Dih. Per. Imp. Dih.          LJ-14
    1.17376e+03    3.68642e+03    3.79190e+03    1.90507e+02    1.54389e+03
     Coulomb-14        LJ (SR)  Disper. corr.   Coulomb (SR)   Coul. recip.
    2.22405e+04    1.10473e+05   -3.88505e+03   -9.15946e+05    2.75120e+03
      Potential    Kinetic En.   Total Energy  Conserved En.    Temperature
   -7.73967e+05    1.38222e+05   -6.35745e+05   -6.33240e+05    2.97654e+02
 Pres. DC (bar) Pressure (bar)   Constr. rmsd
   -1.15244e+02    2.70216e+01    3.99350e-06

           Step           Time
         213500      427.00000

   Energies (kJ/mol)
           Bond          Angle    Proper Dih. Per. Imp. Dih.          LJ-14
    1.26626e+03    3.31118e+03    3.91937e+03    2.27518e+02    1.59707e+03
     Coulomb-14        LJ (SR)  Disper. corr.   Coulomb (SR)   Coul. recip.
    2.22854e+04    1.10854e+05   -3.89013e+03   -9.17175e+05    2.64512e+03
      Potential    Kinetic En.   Total Energy  Conserved En.    Temperature
   -7.74946e+05    1.39464e+05   -6.35481e+05   -6.33186e+05    3.00330e+02
 Pres. DC (bar) Pressure (bar)   Constr. rmsd
   -1.15546e+02    9.52430e+01    3.99350e-06

           Step           Time
         214000      428.00000

   Energies (kJ/mol)
           Bond          Angle    Proper Dih. Per. Imp. Dih.          LJ-14
    1.18827e+03    3.72052e+03    3.94198e+03    2.16925e+02    1.50919e+03
     Coulomb-14        LJ (SR)  Disper. corr.   Coulomb (SR)   Coul. recip.
    2.21041e+04    1.10029e+05   -3.88469e+03   -9.15395e+05    2.74872e+03
      Potential    Kinetic En.   Total Energy  Conserved En.    Temperature
   -7.73815e+05    1.39208e+05   -6.34607e+05   -6.33184e+05    2.99778e+02
 Pres. DC (bar) Pressure (bar)   Constr. rmsd
   -1.15223e+02   -1.12365e+02    3.99350e-06

           Step           Time
         214500      429.00000

   Energies (kJ/mol)
           Bond          Angle    Proper Dih. Per. Imp. Dih.          LJ-14
    1.29882e+03    3.58979e+03    3.87565e+03    1.78550e+02    1.55966e+03
     Coulomb-14        LJ (SR)  Disper. corr.   Coulomb (SR)   Coul. recip.
    2.21673e+04    1.10424e+05   -3.88644e+03   -9.15362e+05    2.69850e+03
      Potential    Kinetic En.   Total Energy  Conserved En.    Temperature
   -7.73450e+05    1.38313e+05   -6.35138e+05   -6.33266e+05    2.97849e+02
 Pres. DC (bar) Pressure (bar)   Constr. rmsd
   -1.15327e+02    1.58124e+01    3.99350e-06

           Step           Time
         215000      430.00000

   Energies (kJ/mol)
           Bond          Angle    Proper Dih. Per. Imp. Dih.          LJ-14
    1.27669e+03    3.54814e+03    3.93017e+03    2.03543e+02    1.49277e+03
     Coulomb-14        LJ (SR)  Disper. corr.   Coulomb (SR)   Coul. recip.
    2.22347e+04    1.09818e+05   -3.88761e+03   -9.15568e+05    2.77129e+03
      Potential    Kinetic En.   Total Energy  Conserved En.    Temperature
   -7.74173e+05    1.39487e+05   -6.34687e+05   -6.33106e+05    3.00378e+02
 Pres. DC (bar) Pressure (bar)   Constr. rmsd
   -1.15396e+02   -1.25739e+02    3.99350e-06

           Step           Time
         215500      431.00000

   Energies (kJ/mol)
           Bond          Angle    Proper Dih. Per. Imp. Dih.          LJ-14
    1.21463e+03    3.49372e+03    3.90446e+03    1.69839e+02    1.60730e+03
     Coulomb-14        LJ (SR)  Disper. corr.   Coulomb (SR)   Coul. recip.
    2.23100e+04    1.11516e+05   -3.88964e+03   -9.17638e+05    2.73763e+03
      Potential    Kinetic En.   Total Energy  Conserved En.    Temperature
   -7.74567e+05    1.40136e+05   -6.34431e+05   -6.33202e+05    3.01776e+02
 Pres. DC (bar) Pressure (bar)   Constr. rmsd
   -1.15517e+02    9.86135e+01    3.99350e-06

           Step           Time
         216000      432.00000

   Energies (kJ/mol)
           Bond          Angle    Proper Dih. Per. Imp. Dih.          LJ-14
    1.24539e+03    3.48039e+03    3.88014e+03    1.73500e+02    1.60934e+03
     Coulomb-14        LJ (SR)  Disper. corr.   Coulomb (SR)   Coul. recip.
    2.23829e+04    1.10643e+05   -3.89256e+03   -9.15129e+05    2.68257e+03
      Potential    Kinetic En.   Total Energy  Conserved En.    Temperature
   -7.72916e+05    1.39495e+05   -6.33421e+05   -6.33055e+05    3.00395e+02
 Pres. DC (bar) Pressure (bar)   Constr. rmsd
   -1.15690e+02    9.49502e+01    3.99350e-06

           Step           Time
         216500      433.00000

   Energies (kJ/mol)
           Bond          Angle    Proper Dih. Per. Imp. Dih.          LJ-14
    1.20124e+03    3.59661e+03    3.93839e+03    1.71225e+02    1.56907e+03
     Coulomb-14        LJ (SR)  Disper. corr.   Coulomb (SR)   Coul. recip.
    2.21651e+04    1.10289e+05   -3.89377e+03   -9.15156e+05    2.62262e+03
      Potential    Kinetic En.   Total Energy  Conserved En.    Temperature
   -7.73488e+05    1.39300e+05   -6.34189e+05   -6.33050e+05    2.99975e+02
 Pres. DC (bar) Pressure (bar)   Constr. rmsd
   -1.15762e+02    9.29953e+01    3.99350e-06

           Step           Time
         217000      434.00000

   Energies (kJ/mol)
           Bond          Angle    Proper Dih. Per. Imp. Dih.          LJ-14
    1.18121e+03    3.59946e+03    3.91081e+03    2.37373e+02    1.58511e+03
     Coulomb-14        LJ (SR)  Disper. corr.   Coulomb (SR)   Coul. recip.
    2.22903e+04    1.10984e+05   -3.88890e+03   -9.17237e+05    2.64832e+03
      Potential    Kinetic En.   Total Energy  Conserved En.    Temperature
   -7.74682e+05    1.38394e+05   -6.36288e+05   -6.33199e+05    2.98025e+02
 Pres. DC (bar) Pressure (bar)   Constr. rmsd
   -1.15473e+02    2.80823e+01    3.99350e-06

           Step           Time
         217500      435.00000

   Energies (kJ/mol)
           Bond          Angle    Proper Dih. Per. Imp. Dih.          LJ-14
    1.19011e+03    3.53513e+03    3.90068e+03    1.79953e+02    1.54055e+03
     Coulomb-14        LJ (SR)  Disper. corr.   Coulomb (SR)   Coul. recip.
    2.23370e+04    1.11231e+05   -3.87909e+03   -9.17098e+05    2.67531e+03
      Potential    Kinetic En.   Total Energy  Conserved En.    Temperature
   -7.74379e+05    1.39083e+05   -6.35296e+05   -6.33343e+05    2.99508e+02
 Pres. DC (bar) Pressure (bar)   Constr. rmsd
   -1.14892e+02    2.76985e+01    3.99350e-06

           Step           Time
         218000      436.00000

   Energies (kJ/mol)
           Bond          Angle    Proper Dih. Per. Imp. Dih.          LJ-14
    1.29378e+03    3.52621e+03    3.92964e+03    2.13509e+02    1.58162e+03
     Coulomb-14        LJ (SR)  Disper. corr.   Coulomb (SR)   Coul. recip.
    2.24052e+04    1.09236e+05   -3.88794e+03   -9.15079e+05    2.73555e+03
      Potential    Kinetic En.   Total Energy  Conserved En.    Temperature
   -7.74037e+05    1.39496e+05   -6.34542e+05   -6.33148e+05    3.00397e+02
 Pres. DC (bar) Pressure (bar)   Constr. rmsd
   -1.15416e+02   -1.53777e+02    3.99350e-06

           Step           Time
         218500      437.00000

   Energies (kJ/mol)
           Bond          Angle    Proper Dih. Per. Imp. Dih.          LJ-14
    1.24003e+03    3.55405e+03    3.94961e+03    2.09726e+02    1.63551e+03
     Coulomb-14        LJ (SR)  Disper. corr.   Coulomb (SR)   Coul. recip.
    2.25049e+04    1.09091e+05   -3.89114e+03   -9.14569e+05    2.79375e+03
      Potential    Kinetic En.   Total Energy  Conserved En.    Temperature
   -7.73473e+05    1.39576e+05   -6.33897e+05   -6.33103e+05    3.00570e+02
 Pres. DC (bar) Pressure (bar)   Constr. rmsd
   -1.15605e+02   -3.62548e+01    3.99350e-06

           Step           Time
         219000      438.00000

   Energies (kJ/mol)
           Bond          Angle    Proper Dih. Per. Imp. Dih.          LJ-14
    1.26486e+03    3.67309e+03    3.98623e+03    1.64972e+02    1.51869e+03
     Coulomb-14        LJ (SR)  Disper. corr.   Coulomb (SR)   Coul. recip.
    2.21741e+04    1.09001e+05   -3.89125e+03   -9.14234e+05    2.74727e+03
      Potential    Kinetic En.   Total Energy  Conserved En.    Temperature
   -7.73586e+05    1.39774e+05   -6.33812e+05   -6.33029e+05    3.00996e+02
 Pres. DC (bar) Pressure (bar)   Constr. rmsd
   -1.15612e+02   -1.94074e+02    3.99350e-06

           Step           Time
         219500      439.00000

   Energies (kJ/mol)
           Bond          Angle    Proper Dih. Per. Imp. Dih.          LJ-14
    1.19299e+03    3.60195e+03    3.90617e+03    2.45731e+02    1.62213e+03
     Coulomb-14        LJ (SR)  Disper. corr.   Coulomb (SR)   Coul. recip.
    2.23291e+04    1.10485e+05   -3.89258e+03   -9.15058e+05    2.71848e+03
      Potential    Kinetic En.   Total Energy  Conserved En.    Temperature
   -7.72840e+05    1.40122e+05   -6.32718e+05   -6.33072e+05    3.01746e+02
 Pres. DC (bar) Pressure (bar)   Constr. rmsd
   -1.15691e+02    1.24843e+02    3.99350e-06

           Step           Time
         220000      440.00000

   Energies (kJ/mol)
           Bond          Angle    Proper Dih. Per. Imp. Dih.          LJ-14
    1.25440e+03    3.69971e+03    3.88548e+03    1.90914e+02    1.61057e+03
     Coulomb-14        LJ (SR)  Disper. corr.   Coulomb (SR)   Coul. recip.
    2.22209e+04    1.10056e+05   -3.89456e+03   -9.14284e+05    2.77439e+03
      Potential    Kinetic En.   Total Energy  Conserved En.    Temperature
   -7.72477e+05    1.39263e+05   -6.33214e+05   -6.33027e+05    2.99896e+02
 Pres. DC (bar) Pressure (bar)   Constr. rmsd
   -1.15809e+02   -1.40314e+01    3.99350e-06

           Step           Time
         220500      441.00000

   Energies (kJ/mol)
           Bond          Angle    Proper Dih. Per. Imp. Dih.          LJ-14
    1.18633e+03    3.60056e+03    3.98203e+03    1.87338e+02    1.58778e+03
     Coulomb-14        LJ (SR)  Disper. corr.   Coulomb (SR)   Coul. recip.
    2.22816e+04    1.11341e+05   -3.88571e+03   -9.16440e+05    2.74495e+03
      Potential    Kinetic En.   Total Energy  Conserved En.    Temperature
   -7.73404e+05    1.39584e+05   -6.33820e+05   -6.33238e+05    3.00586e+02
 Pres. DC (bar) Pressure (bar)   Constr. rmsd
   -1.15283e+02    1.50127e+02    3.99350e-06

           Step           Time
         221000      442.00000

   Energies (kJ/mol)
           Bond          Angle    Proper Dih. Per. Imp. Dih.          LJ-14
    1.23617e+03    3.54312e+03    3.92401e+03    2.02015e+02    1.54904e+03
     Coulomb-14        LJ (SR)  Disper. corr.   Coulomb (SR)   Coul. recip.
    2.23028e+04    1.10395e+05   -3.88901e+03   -9.16650e+05    2.83706e+03
      Potential    Kinetic En.   Total Energy  Conserved En.    Temperature
   -7.74540e+05    1.39979e+05   -6.34561e+05   -6.33103e+05    3.01438e+02
 Pres. DC (bar) Pressure (bar)   Constr. rmsd
   -1.15480e+02   -3.94014e+01    3.99350e-06

           Step           Time
         221500      443.00000

   Energies (kJ/mol)
           Bond          Angle    Proper Dih. Per. Imp. Dih.          LJ-14
    1.31654e+03    3.43062e+03    3.91837e+03    2.08995e+02    1.62104e+03
     Coulomb-14        LJ (SR)  Disper. corr.   Coulomb (SR)   Coul. recip.
    2.23004e+04    1.10028e+05   -3.89261e+03   -9.15662e+05    2.57080e+03
      Potential    Kinetic En.   Total Energy  Conserved En.    Temperature
   -7.74149e+05    1.39147e+05   -6.35002e+05   -6.33019e+05    2.99646e+02
 Pres. DC (bar) Pressure (bar)   Constr. rmsd
   -1.15693e+02   -2.00310e+01    3.99350e-06

           Step           Time
         222000      444.00000

   Energies (kJ/mol)
           Bond          Angle    Proper Dih. Per. Imp. Dih.          LJ-14
    1.22346e+03    3.55889e+03    3.93629e+03    2.29599e+02    1.60145e+03
     Coulomb-14        LJ (SR)  Disper. corr.   Coulomb (SR)   Coul. recip.
    2.22105e+04    1.09767e+05   -3.89317e+03   -9.14882e+05    2.69053e+03
      Potential    Kinetic En.   Total Energy  Conserved En.    Temperature
   -7.73547e+05    1.38818e+05   -6.34729e+05   -6.32936e+05    2.98937e+02
 Pres. DC (bar) Pressure (bar)   Constr. rmsd
   -1.15727e+02   -3.72623e+01    3.99350e-06

           Step           Time
         222500      445.00000

   Energies (kJ/mol)
           Bond          Angle    Proper Dih. Per. Imp. Dih.          LJ-14
    1.30381e+03    3.53566e+03    3.90211e+03    2.27695e+02    1.55407e+03
     Coulomb-14        LJ (SR)  Disper. corr.   Coulomb (SR)   Coul. recip.
    2.21580e+04    1.10379e+05   -3.88995e+03   -9.14784e+05    2.77073e+03
      Potential    Kinetic En.   Total Energy  Conserved En.    Temperature
   -7.72826e+05    1.38489e+05   -6.34337e+05   -6.32961e+05    2.98228e+02
 Pres. DC (bar) Pressure (bar)   Constr. rmsd
   -1.15535e+02   -2.99967e+01    3.99350e-06

           Step           Time
         223000      446.00000

   Energies (kJ/mol)
           Bond          Angle    Proper Dih. Per. Imp. Dih.          LJ-14
    1.24759e+03    3.58070e+03    3.87223e+03    1.87764e+02    1.60931e+03
     Coulomb-14        LJ (SR)  Disper. corr.   Coulomb (SR)   Coul. recip.
    2.22522e+04    1.11350e+05   -3.89658e+03   -9.16619e+05    2.77273e+03
      Potential    Kinetic En.   Total Energy  Conserved En.    Temperature
   -7.73626e+05    1.39113e+05   -6.34513e+05   -6.32878e+05    2.99573e+02
 Pres. DC (bar) Pressure (bar)   Constr. rmsd
   -1.15929e+02    1.90253e+02    3.99350e-06

           Step           Time
         223500      447.00000

   Energies (kJ/mol)
           Bond          Angle    Proper Dih. Per. Imp. Dih.          LJ-14
    1.18512e+03    3.60493e+03    3.91290e+03    2.09032e+02    1.50951e+03
     Coulomb-14        LJ (SR)  Disper. corr.   Coulomb (SR)   Coul. recip.
    2.22315e+04    1.10502e+05   -3.90039e+03   -9.17190e+05    2.71795e+03
      Potential    Kinetic En.   Total Energy  Conserved En.    Temperature
   -7.75200e+05    1.39161e+05   -6.36040e+05   -6.32815e+05    2.99676e+02
 Pres. DC (bar) Pressure (bar)   Constr. rmsd
   -1.16156e+02   -2.64217e+01    3.99350e-06

           Step           Time
         224000      448.00000

   Energies (kJ/mol)
           Bond          Angle    Proper Dih. Per. Imp. Dih.          LJ-14
    1.24081e+03    3.52050e+03    3.87550e+03    2.39042e+02    1.59505e+03
     Coulomb-14        LJ (SR)  Disper. corr.   Coulomb (SR)   Coul. recip.
    2.22332e+04    1.10328e+05   -3.90001e+03   -9.15614e+05    2.78131e+03
      Potential    Kinetic En.   Total Energy  Conserved En.    Temperature
   -7.73689e+05    1.39238e+05   -6.34451e+05   -6.32772e+05    2.99843e+02
 Pres. DC (bar) Pressure (bar)   Constr. rmsd
   -1.16133e+02    4.71836e+01    3.99350e-06

           Step           Time
         224500      449.00000

   Energies (kJ/mol)
           Bond          Angle    Proper Dih. Per. Imp. Dih.          LJ-14
    1.25923e+03    3.66628e+03    3.92081e+03    1.91980e+02    1.61814e+03
     Coulomb-14        LJ (SR)  Disper. corr.   Coulomb (SR)   Coul. recip.
    2.21690e+04    1.11355e+05   -3.90663e+03   -9.16554e+05    2.73791e+03
      Potential    Kinetic En.   Total Energy  Conserved En.    Temperature
   -7.73531e+05    1.39453e+05   -6.34078e+05   -6.32638e+05    3.00304e+02
 Pres. DC (bar) Pressure (bar)   Constr. rmsd
   -1.16527e+02    2.31510e+02    3.99350e-06

           Step           Time
         225000      450.00000

   Energies (kJ/mol)
           Bond          Angle    Proper Dih. Per. Imp. Dih.          LJ-14
    1.37256e+03    3.52679e+03    3.94179e+03    2.12472e+02    1.56088e+03
     Coulomb-14        LJ (SR)  Disper. corr.   Coulomb (SR)   Coul. recip.
    2.22730e+04    1.09302e+05   -3.90537e+03   -9.14191e+05    2.57317e+03
      Potential    Kinetic En.   Total Energy  Conserved En.    Temperature
   -7.73329e+05    1.39064e+05   -6.34264e+05   -6.32696e+05    2.99468e+02
 Pres. DC (bar) Pressure (bar)   Constr. rmsd
   -1.16452e+02   -1.36340e+01    3.99350e-06

           Step           Time
         225500      451.00000

   Energies (kJ/mol)
           Bond          Angle    Proper Dih. Per. Imp. Dih.          LJ-14
    1.29727e+03    3.42157e+03    3.96728e+03    1.75848e+02    1.52490e+03
     Coulomb-14        LJ (SR)  Disper. corr.   Coulomb (SR)   Coul. recip.
    2.22610e+04    1.10650e+05   -3.91709e+03   -9.17744e+05    2.69583e+03
      Potential    Kinetic En.   Total Energy  Conserved En.    Temperature
   -7.75662e+05    1.38617e+05   -6.37045e+05   -6.32445e+05    2.98504e+02
 Pres. DC (bar) Pressure (bar)   Constr. rmsd
   -1.17152e+02    6.58406e+01    3.99350e-06

           Step           Time
         226000      452.00000

   Energies (kJ/mol)
           Bond          Angle    Proper Dih. Per. Imp. Dih.          LJ-14
    1.26706e+03    3.45282e+03    3.90892e+03    2.03903e+02    1.54766e+03
     Coulomb-14        LJ (SR)  Disper. corr.   Coulomb (SR)   Coul. recip.
    2.22647e+04    1.09962e+05   -3.90811e+03   -9.15778e+05    2.68862e+03
      Potential    Kinetic En.   Total Energy  Conserved En.    Temperature
   -7.74378e+05    1.38178e+05   -6.36200e+05   -6.32631e+05    2.97560e+02
 Pres. DC (bar) Pressure (bar)   Constr. rmsd
   -1.16616e+02    1.15406e+01    3.99350e-06

           Step           Time
         226500      453.00000

   Energies (kJ/mol)
           Bond          Angle    Proper Dih. Per. Imp. Dih.          LJ-14
    1.21447e+03    3.70706e+03    3.92798e+03    1.96731e+02    1.53950e+03
     Coulomb-14        LJ (SR)  Disper. corr.   Coulomb (SR)   Coul. recip.
    2.21157e+04    1.10607e+05   -3.90144e+03   -9.16552e+05    2.70920e+03
      Potential    Kinetic En.   Total Energy  Conserved En.    Temperature
   -7.74423e+05    1.38967e+05   -6.35456e+05   -6.32634e+05    2.99259e+02
 Pres. DC (bar) Pressure (bar)   Constr. rmsd
   -1.16218e+02   -1.07325e+01    3.99350e-06

           Step           Time
         227000      454.00000

   Energies (kJ/mol)
           Bond          Angle    Proper Dih. Per. Imp. Dih.          LJ-14
    1.24087e+03    3.69097e+03    3.89916e+03    2.17569e+02    1.57657e+03
     Coulomb-14        LJ (SR)  Disper. corr.   Coulomb (SR)   Coul. recip.
    2.21881e+04    1.11157e+05   -3.90316e+03   -9.17292e+05    2.71420e+03
      Potential    Kinetic En.   Total Energy  Conserved En.    Temperature
   -7.74505e+05    1.38450e+05   -6.36056e+05   -6.32613e+05    2.98145e+02
 Pres. DC (bar) Pressure (bar)   Constr. rmsd
   -1.16321e+02    8.45527e+01    3.99350e-06

           Step           Time
         227500      455.00000

   Energies (kJ/mol)
           Bond          Angle    Proper Dih. Per. Imp. Dih.          LJ-14
    1.22714e+03    3.59757e+03    3.85255e+03    2.01055e+02    1.57821e+03
     Coulomb-14        LJ (SR)  Disper. corr.   Coulomb (SR)   Coul. recip.
    2.21738e+04    1.11744e+05   -3.90983e+03   -9.18336e+05    2.64155e+03
      Potential    Kinetic En.   Total Energy  Conserved En.    Temperature
   -7.75212e+05    1.39168e+05   -6.36044e+05   -6.32631e+05    2.99691e+02
 Pres. DC (bar) Pressure (bar)   Constr. rmsd
   -1.16718e+02    2.44022e+02    3.99350e-06

           Step           Time
         228000      456.00000

   Energies (kJ/mol)
           Bond          Angle    Proper Dih. Per. Imp. Dih.          LJ-14
    1.16582e+03    3.43016e+03    3.95979e+03    2.24594e+02    1.54195e+03
     Coulomb-14        LJ (SR)  Disper. corr.   Coulomb (SR)   Coul. recip.
    2.22070e+04    1.11858e+05   -3.90171e+03   -9.19593e+05    2.74025e+03
      Potential    Kinetic En.   Total Energy  Conserved En.    Temperature
   -7.76354e+05    1.39942e+05   -6.36412e+05   -6.32717e+05    3.01358e+02
 Pres. DC (bar) Pressure (bar)   Constr. rmsd
   -1.16234e+02    1.12297e+02    3.99350e-06

           Step           Time
         228500      457.00000

   Energies (kJ/mol)
           Bond          Angle    Proper Dih. Per. Imp. Dih.          LJ-14
    1.30388e+03    3.37236e+03    3.90978e+03    2.26432e+02    1.57561e+03
     Coulomb-14        LJ (SR)  Disper. corr.   Coulomb (SR)   Coul. recip.
    2.23242e+04    1.11237e+05   -3.90086e+03   -9.18563e+05    2.76262e+03
      Potential    Kinetic En.   Total Energy  Conserved En.    Temperature
   -7.75739e+05    1.39544e+05   -6.36196e+05   -6.32744e+05    3.00501e+02
 Pres. DC (bar) Pressure (bar)   Constr. rmsd
   -1.16183e+02    3.02802e+01    3.99350e-06

           Step           Time
         229000      458.00000

   Energies (kJ/mol)
           Bond          Angle    Proper Dih. Per. Imp. Dih.          LJ-14
    1.27350e+03    3.57052e+03    3.93136e+03    2.32016e+02    1.58454e+03
     Coulomb-14        LJ (SR)  Disper. corr.   Coulomb (SR)   Coul. recip.
    2.22858e+04    1.09798e+05   -3.89675e+03   -9.14959e+05    2.77380e+03
      Potential    Kinetic En.   Total Energy  Conserved En.    Temperature
   -7.73388e+05    1.38381e+05   -6.35007e+05   -6.32817e+05    2.97997e+02
 Pres. DC (bar) Pressure (bar)   Constr. rmsd
   -1.15939e+02    9.52703e+00    3.99350e-06

           Step           Time
         229500      459.00000

   Energies (kJ/mol)
           Bond          Angle    Proper Dih. Per. Imp. Dih.          LJ-14
    1.26174e+03    3.59433e+03    3.95355e+03    2.38869e+02    1.57624e+03
     Coulomb-14        LJ (SR)  Disper. corr.   Coulomb (SR)   Coul. recip.
    2.21006e+04    1.10794e+05   -3.90006e+03   -9.16317e+05    2.67564e+03
      Potential    Kinetic En.   Total Energy  Conserved En.    Temperature
   -7.74008e+05    1.39813e+05   -6.34195e+05   -6.32684e+05    3.01081e+02
 Pres. DC (bar) Pressure (bar)   Constr. rmsd
   -1.16136e+02    1.18845e+02    3.99350e-06

           Step           Time
         230000      460.00000

   Energies (kJ/mol)
           Bond          Angle    Proper Dih. Per. Imp. Dih.          LJ-14
    1.32943e+03    3.68556e+03    4.05153e+03    1.95842e+02    1.55120e+03
     Coulomb-14        LJ (SR)  Disper. corr.   Coulomb (SR)   Coul. recip.
    2.21567e+04    1.11315e+05   -3.89747e+03   -9.16775e+05    2.69034e+03
      Potential    Kinetic En.   Total Energy  Conserved En.    Temperature
   -7.73678e+05    1.40183e+05   -6.33494e+05   -6.32743e+05    3.01877e+02
 Pres. DC (bar) Pressure (bar)   Constr. rmsd
   -1.15982e+02    9.44973e+01    3.99350e-06

           Step           Time
         230500      461.00000

   Energies (kJ/mol)
           Bond          Angle    Proper Dih. Per. Imp. Dih.          LJ-14
    1.33048e+03    3.48949e+03    3.84409e+03    1.62777e+02    1.62012e+03
     Coulomb-14        LJ (SR)  Disper. corr.   Coulomb (SR)   Coul. recip.
    2.22982e+04    1.09884e+05   -3.89847e+03   -9.15122e+05    2.68428e+03
      Potential    Kinetic En.   Total Energy  Conserved En.    Temperature
   -7.73688e+05    1.39334e+05   -6.34354e+05   -6.32754e+05    3.00048e+02
 Pres. DC (bar) Pressure (bar)   Constr. rmsd
   -1.16041e+02    3.88918e+00    3.99350e-06

           Step           Time
         231000      462.00000

   Energies (kJ/mol)
           Bond          Angle    Proper Dih. Per. Imp. Dih.          LJ-14
    1.37994e+03    3.71835e+03    3.90696e+03    2.13637e+02    1.51142e+03
     Coulomb-14        LJ (SR)  Disper. corr.   Coulomb (SR)   Coul. recip.
    2.20863e+04    1.09370e+05   -3.90328e+03   -9.14510e+05    2.68625e+03
      Potential    Kinetic En.   Total Energy  Conserved En.    Temperature
   -7.73521e+05    1.39186e+05   -6.34335e+05   -6.32574e+05    2.99730e+02
 Pres. DC (bar) Pressure (bar)   Constr. rmsd
   -1.16328e+02   -3.04423e+01    3.99350e-06

           Step           Time
         231500      463.00000

   Energies (kJ/mol)
           Bond          Angle    Proper Dih. Per. Imp. Dih.          LJ-14
    1.23460e+03    3.62851e+03    3.90524e+03    2.23735e+02    1.51999e+03
     Coulomb-14        LJ (SR)  Disper. corr.   Coulomb (SR)   Coul. recip.
    2.22252e+04    1.11417e+05   -3.90164e+03   -9.17332e+05    2.67003e+03
      Potential    Kinetic En.   Total Energy  Conserved En.    Temperature
   -7.74395e+05    1.39696e+05   -6.34700e+05   -6.32763e+05    3.00827e+02
 Pres. DC (bar) Pressure (bar)   Constr. rmsd
   -1.16230e+02    7.25908e+01    3.99350e-06

           Step           Time
         232000      464.00000

   Energies (kJ/mol)
           Bond          Angle    Proper Dih. Per. Imp. Dih.          LJ-14
    1.25407e+03    3.68218e+03    4.03437e+03    2.35396e+02    1.54497e+03
     Coulomb-14        LJ (SR)  Disper. corr.   Coulomb (SR)   Coul. recip.
    2.20963e+04    1.09520e+05   -3.89865e+03   -9.15647e+05    2.66187e+03
      Potential    Kinetic En.   Total Energy  Conserved En.    Temperature
   -7.74497e+05    1.39729e+05   -6.34768e+05   -6.32746e+05    3.00901e+02
 Pres. DC (bar) Pressure (bar)   Constr. rmsd
   -1.16052e+02   -2.01018e+01    3.99350e-06

           Step           Time
         232500      465.00000

   Energies (kJ/mol)
           Bond          Angle    Proper Dih. Per. Imp. Dih.          LJ-14
    1.29321e+03    3.53094e+03    3.94148e+03    1.94853e+02    1.56043e+03
     Coulomb-14        LJ (SR)  Disper. corr.   Coulomb (SR)   Coul. recip.
    2.22645e+04    1.11466e+05   -3.89747e+03   -9.18087e+05    2.74191e+03
      Potential    Kinetic En.   Total Energy  Conserved En.    Temperature
   -7.74971e+05    1.40825e+05   -6.34146e+05   -6.32853e+05    3.03259e+02
 Pres. DC (bar) Pressure (bar)   Constr. rmsd
   -1.15982e+02    1.12202e+02    3.99350e-06

           Step           Time
         233000      466.00000

   Energies (kJ/mol)
           Bond          Angle    Proper Dih. Per. Imp. Dih.          LJ-14
    1.33224e+03    3.61719e+03    3.92854e+03    1.79866e+02    1.55236e+03
     Coulomb-14        LJ (SR)  Disper. corr.   Coulomb (SR)   Coul. recip.
    2.21296e+04    1.10343e+05   -3.89179e+03   -9.17190e+05    2.75457e+03
      Potential    Kinetic En.   Total Energy  Conserved En.    Temperature
   -7.75230e+05    1.39396e+05   -6.35834e+05   -6.32978e+05    3.00183e+02
 Pres. DC (bar) Pressure (bar)   Constr. rmsd
   -1.15644e+02   -1.72725e+01    3.99350e-06

           Step           Time
         233500      467.00000

   Energies (kJ/mol)
           Bond          Angle    Proper Dih. Per. Imp. Dih.          LJ-14
    1.23955e+03    3.58882e+03    4.00025e+03    1.92530e+02    1.49477e+03
     Coulomb-14        LJ (SR)  Disper. corr.   Coulomb (SR)   Coul. recip.
    2.21828e+04    1.10760e+05   -3.89315e+03   -9.16967e+05    2.72208e+03
      Potential    Kinetic En.   Total Energy  Conserved En.    Temperature
   -7.74672e+05    1.39508e+05   -6.35164e+05   -6.32849e+05    3.00424e+02
 Pres. DC (bar) Pressure (bar)   Constr. rmsd
   -1.15725e+02    1.26196e+01    3.99350e-06

           Step           Time
         234000      468.00000

   Energies (kJ/mol)
           Bond          Angle    Proper Dih. Per. Imp. Dih.          LJ-14
    1.22391e+03    3.57456e+03    3.94646e+03    1.88472e+02    1.53041e+03
     Coulomb-14        LJ (SR)  Disper. corr.   Coulomb (SR)   Coul. recip.
    2.21336e+04    1.09981e+05   -3.89155e+03   -9.16054e+05    2.70496e+03
      Potential    Kinetic En.   Total Energy  Conserved En.    Temperature
   -7.74647e+05    1.39325e+05   -6.35322e+05   -6.32827e+05    3.00030e+02
 Pres. DC (bar) Pressure (bar)   Constr. rmsd
   -1.15630e+02   -1.42973e+02    3.99350e-06

           Step           Time
         234500      469.00000

   Energies (kJ/mol)
           Bond          Angle    Proper Dih. Per. Imp. Dih.          LJ-14
    1.22792e+03    3.42236e+03    4.06798e+03    2.41630e+02    1.64143e+03
     Coulomb-14        LJ (SR)  Disper. corr.   Coulomb (SR)   Coul. recip.
    2.23193e+04    1.10523e+05   -3.89511e+03   -9.16604e+05    2.69454e+03
      Potential    Kinetic En.   Total Energy  Conserved En.    Temperature
   -7.74353e+05    1.39087e+05   -6.35266e+05   -6.32749e+05    2.99516e+02
 Pres. DC (bar) Pressure (bar)   Constr. rmsd
   -1.15841e+02    9.40364e+01    3.99350e-06

           Step           Time
         235000      470.00000

   Energies (kJ/mol)
           Bond          Angle    Proper Dih. Per. Imp. Dih.          LJ-14
    1.18457e+03    3.51264e+03    3.92948e+03    2.22298e+02    1.56051e+03
     Coulomb-14        LJ (SR)  Disper. corr.   Coulomb (SR)   Coul. recip.
    2.22315e+04    1.08693e+05   -3.89543e+03   -9.14622e+05    2.76345e+03
      Potential    Kinetic En.   Total Energy  Conserved En.    Temperature
   -7.74404e+05    1.39833e+05   -6.34571e+05   -6.32832e+05    3.01124e+02
 Pres. DC (bar) Pressure (bar)   Constr. rmsd
   -1.15861e+02   -1.40588e+02    3.99350e-06

           Step           Time
         235500      471.00000

   Energies (kJ/mol)
           Bond          Angle    Proper Dih. Per. Imp. Dih.          LJ-14
    1.20737e+03    3.67929e+03    3.94483e+03    1.65802e+02    1.55574e+03
     Coulomb-14        LJ (SR)  Disper. corr.   Coulomb (SR)   Coul. recip.
    2.22614e+04    1.08486e+05   -3.89243e+03   -9.13219e+05    2.67422e+03
      Potential    Kinetic En.   Total Energy  Conserved En.    Temperature
   -7.73129e+05    1.39034e+05   -6.34095e+05   -6.32889e+05    2.99403e+02
 Pres. DC (bar) Pressure (bar)   Constr. rmsd
   -1.15682e+02   -1.23975e+02    3.99350e-06

           Step           Time
         236000      472.00000

   Energies (kJ/mol)
           Bond          Angle    Proper Dih. Per. Imp. Dih.          LJ-14
    1.28902e+03    3.42418e+03    3.95724e+03    1.98637e+02    1.54267e+03
     Coulomb-14        LJ (SR)  Disper. corr.   Coulomb (SR)   Coul. recip.
    2.21734e+04    1.09262e+05   -3.89694e+03   -9.13830e+05    2.73049e+03
      Potential    Kinetic En.   Total Energy  Conserved En.    Temperature
   -7.73133e+05    1.38219e+05   -6.34913e+05   -6.32762e+05    2.97649e+02
 Pres. DC (bar) Pressure (bar)   Constr. rmsd
   -1.15950e+02   -5.47936e+01    3.99350e-06

           Step           Time
         236500      473.00000

   Energies (kJ/mol)
           Bond          Angle    Proper Dih. Per. Imp. Dih.          LJ-14
    1.30625e+03    3.68457e+03    3.90663e+03    1.81279e+02    1.46310e+03
     Coulomb-14        LJ (SR)  Disper. corr.   Coulomb (SR)   Coul. recip.
    2.21027e+04    1.10361e+05   -3.89467e+03   -9.15299e+05    2.67804e+03
      Potential    Kinetic En.   Total Energy  Conserved En.    Temperature
   -7.73502e+05    1.39943e+05   -6.33559e+05   -6.32727e+05    3.01360e+02
 Pres. DC (bar) Pressure (bar)   Constr. rmsd
   -1.15815e+02    4.40715e+01    3.99350e-06

           Step           Time
         237000      474.00000

   Energies (kJ/mol)
           Bond          Angle    Proper Dih. Per. Imp. Dih.          LJ-14
    1.26132e+03    3.52183e+03    3.94446e+03    1.98978e+02    1.51422e+03
     Coulomb-14        LJ (SR)  Disper. corr.   Coulomb (SR)   Coul. recip.
    2.22185e+04    1.11216e+05   -3.89621e+03   -9.16080e+05    2.80281e+03
      Potential    Kinetic En.   Total Energy  Conserved En.    Temperature
   -7.73289e+05    1.39325e+05   -6.33964e+05   -6.32749e+05    3.00030e+02
 Pres. DC (bar) Pressure (bar)   Constr. rmsd
   -1.15907e+02    1.11845e+02    3.99350e-06

           Step           Time
         237500      475.00000

   Energies (kJ/mol)
           Bond          Angle    Proper Dih. Per. Imp. Dih.          LJ-14
    1.17391e+03    3.53507e+03    3.87075e+03    1.92450e+02    1.60642e+03
     Coulomb-14        LJ (SR)  Disper. corr.   Coulomb (SR)   Coul. recip.
    2.24368e+04    1.09243e+05   -3.89565e+03   -9.13715e+05    2.78379e+03
      Potential    Kinetic En.   Total Energy  Conserved En.    Temperature
   -7.72752e+05    1.38577e+05   -6.34174e+05   -6.32754e+05    2.98419e+02
 Pres. DC (bar) Pressure (bar)   Constr. rmsd
   -1.15874e+02    3.11897e+01    3.99350e-06

           Step           Time
         238000      476.00000

   Energies (kJ/mol)
           Bond          Angle    Proper Dih. Per. Imp. Dih.          LJ-14
    1.14074e+03    3.61681e+03    3.88934e+03    1.83133e+02    1.58562e+03
     Coulomb-14        LJ (SR)  Disper. corr.   Coulomb (SR)   Coul. recip.
    2.24300e+04    1.10378e+05   -3.89598e+03   -9.14970e+05    2.79997e+03
      Potential    Kinetic En.   Total Energy  Conserved En.    Temperature
   -7.72833e+05    1.39672e+05   -6.33161e+05   -6.32821e+05    3.00777e+02
 Pres. DC (bar) Pressure (bar)   Constr. rmsd
   -1.15893e+02    1.35502e+02    3.99350e-06

           Step           Time
         238500      477.00000

   Energies (kJ/mol)
           Bond          Angle    Proper Dih. Per. Imp. Dih.          LJ-14
    1.31172e+03    3.51000e+03    4.03650e+03    2.00977e+02    1.56457e+03
     Coulomb-14        LJ (SR)  Disper. corr.   Coulomb (SR)   Coul. recip.
    2.23225e+04    1.10004e+05   -3.89807e+03   -9.14134e+05    2.75113e+03
      Potential    Kinetic En.   Total Energy  Conserved En.    Temperature
   -7.72313e+05    1.39296e+05   -6.33017e+05   -6.32635e+05    2.99966e+02
 Pres. DC (bar) Pressure (bar)   Constr. rmsd
   -1.16018e+02    4.23729e+01    3.99350e-06

           Step           Time
         239000      478.00000

   Energies (kJ/mol)
           Bond          Angle    Proper Dih. Per. Imp. Dih.          LJ-14
    1.18099e+03    3.59220e+03    3.86688e+03    1.77199e+02    1.57472e+03
     Coulomb-14        LJ (SR)  Disper. corr.   Coulomb (SR)   Coul. recip.
    2.23390e+04    1.10078e+05   -3.89810e+03   -9.14937e+05    2.66583e+03
      Potential    Kinetic En.   Total Energy  Conserved En.    Temperature
   -7.73339e+05    1.38544e+05   -6.34795e+05   -6.32694e+05    2.98347e+02
 Pres. DC (bar) Pressure (bar)   Constr. rmsd
   -1.16020e+02    5.12181e+01    3.99350e-06

           Step           Time
         239500      479.00000

   Energies (kJ/mol)
           Bond          Angle    Proper Dih. Per. Imp. Dih.          LJ-14
    1.23840e+03    3.58284e+03    3.91267e+03    2.42001e+02    1.60828e+03
     Coulomb-14        LJ (SR)  Disper. corr.   Coulomb (SR)   Coul. recip.
    2.22214e+04    1.10073e+05   -3.89721e+03   -9.15374e+05    2.67920e+03
      Potential    Kinetic En.   Total Energy  Conserved En.    Temperature
   -7.73696e+05    1.39242e+05   -6.34453e+05   -6.32659e+05    2.99851e+02
 Pres. DC (bar) Pressure (bar)   Constr. rmsd
   -1.15966e+02    4.41165e+01    3.99350e-06

           Step           Time
         240000      480.00000

   Energies (kJ/mol)
           Bond          Angle    Proper Dih. Per. Imp. Dih.          LJ-14
    1.20345e+03    3.67796e+03    3.80818e+03    2.02858e+02    1.62262e+03
     Coulomb-14        LJ (SR)  Disper. corr.   Coulomb (SR)   Coul. recip.
    2.23547e+04    1.10815e+05   -3.89908e+03   -9.16658e+05    2.69726e+03
      Potential    Kinetic En.   Total Energy  Conserved En.    Temperature
   -7.74153e+05    1.39814e+05   -6.34339e+05   -6.32669e+05    3.01083e+02
 Pres. DC (bar) Pressure (bar)   Constr. rmsd
   -1.16078e+02    1.48632e+02    3.99350e-06

           Step           Time
         240500      481.00000

   Energies (kJ/mol)
           Bond          Angle    Proper Dih. Per. Imp. Dih.          LJ-14
    1.27778e+03    3.54694e+03    3.90785e+03    2.16872e+02    1.51984e+03
     Coulomb-14        LJ (SR)  Disper. corr.   Coulomb (SR)   Coul. recip.
    2.21743e+04    1.10167e+05   -3.90298e+03   -9.14890e+05    2.70703e+03
      Potential    Kinetic En.   Total Energy  Conserved En.    Temperature
   -7.73257e+05    1.39227e+05   -6.34030e+05   -6.32586e+05    2.99819e+02
 Pres. DC (bar) Pressure (bar)   Constr. rmsd
   -1.16310e+02    1.52177e+01    3.99350e-06

           Step           Time
         241000      482.00000

   Energies (kJ/mol)
           Bond          Angle    Proper Dih. Per. Imp. Dih.          LJ-14
    1.31760e+03    3.66867e+03    3.91530e+03    2.38585e+02    1.52025e+03
     Coulomb-14        LJ (SR)  Disper. corr.   Coulomb (SR)   Coul. recip.
    2.23754e+04    1.09775e+05   -3.90113e+03   -9.15063e+05    2.71739e+03
      Potential    Kinetic En.   Total Energy  Conserved En.    Temperature
   -7.73414e+05    1.41093e+05   -6.32321e+05   -6.32679e+05    3.03836e+02
 Pres. DC (bar) Pressure (bar)   Constr. rmsd
   -1.16200e+02    3.87217e+01    3.99350e-06

           Step           Time
         241500      483.00000

   Energies (kJ/mol)
           Bond          Angle    Proper Dih. Per. Imp. Dih.          LJ-14
    1.18181e+03    3.67312e+03    3.79108e+03    2.20706e+02    1.61915e+03
     Coulomb-14        LJ (SR)  Disper. corr.   Coulomb (SR)   Coul. recip.
    2.23307e+04    1.10110e+05   -3.89991e+03   -9.14209e+05    2.73305e+03
      Potential    Kinetic En.   Total Energy  Conserved En.    Temperature
   -7.72428e+05    1.40618e+05   -6.31810e+05   -6.32697e+05    3.02814e+02
 Pres. DC (bar) Pressure (bar)   Constr. rmsd
   -1.16127e+02    1.22741e+02    3.99350e-06

           Step           Time
         242000      484.00000

   Energies (kJ/mol)
           Bond          Angle    Proper Dih. Per. Imp. Dih.          LJ-14
    1.29355e+03    3.62539e+03    3.85136e+03    1.95630e+02    1.58468e+03
     Coulomb-14        LJ (SR)  Disper. corr.   Coulomb (SR)   Coul. recip.
    2.21777e+04    1.09932e+05   -3.89693e+03   -9.14944e+05    2.55788e+03
      Potential    Kinetic En.   Total Energy  Conserved En.    Temperature
   -7.73600e+05    1.40284e+05   -6.33316e+05   -6.32650e+05    3.02095e+02
 Pres. DC (bar) Pressure (bar)   Constr. rmsd
   -1.15950e+02    3.52391e+01    3.99350e-06

           Step           Time
         242500      485.00000

   Energies (kJ/mol)
           Bond          Angle    Proper Dih. Per. Imp. Dih.          LJ-14
    1.15368e+03    3.63570e+03    3.93078e+03    2.29597e+02    1.55649e+03
     Coulomb-14        LJ (SR)  Disper. corr.   Coulomb (SR)   Coul. recip.
    2.21384e+04    1.09425e+05   -3.89249e+03   -9.14214e+05    2.65423e+03
      Potential    Kinetic En.   Total Energy  Conserved En.    Temperature
   -7.73364e+05    1.40078e+05   -6.33286e+05   -6.32870e+05    3.01650e+02
 Pres. DC (bar) Pressure (bar)   Constr. rmsd
   -1.15686e+02   -1.19514e+01    3.99350e-06

           Step           Time
         243000      486.00000

   Energies (kJ/mol)
           Bond          Angle    Proper Dih. Per. Imp. Dih.          LJ-14
    1.26964e+03    3.62220e+03    3.84235e+03    2.15093e+02    1.60609e+03
     Coulomb-14        LJ (SR)  Disper. corr.   Coulomb (SR)   Coul. recip.
    2.23099e+04    1.10080e+05   -3.88733e+03   -9.14735e+05    2.67668e+03
      Potential    Kinetic En.   Total Energy  Conserved En.    Temperature
   -7.72981e+05    1.40183e+05   -6.32798e+05   -6.32939e+05    3.01878e+02
 Pres. DC (bar) Pressure (bar)   Constr. rmsd
   -1.15380e+02    2.00140e+01    3.99350e-06

           Step           Time
         243500      487.00000

   Energies (kJ/mol)
           Bond          Angle    Proper Dih. Per. Imp. Dih.          LJ-14
    1.36336e+03    3.54052e+03    3.86478e+03    1.75876e+02    1.54730e+03
     Coulomb-14        LJ (SR)  Disper. corr.   Coulomb (SR)   Coul. recip.
    2.22149e+04    1.09036e+05   -3.88905e+03   -9.13588e+05    2.72052e+03
      Potential    Kinetic En.   Total Energy  Conserved En.    Temperature
   -7.72991e+05    1.38750e+05   -6.34241e+05   -6.32778e+05    2.98791e+02
 Pres. DC (bar) Pressure (bar)   Constr. rmsd
   -1.15481e+02   -1.04812e+02    3.99350e-06

           Step           Time
         244000      488.00000

   Energies (kJ/mol)
           Bond          Angle    Proper Dih. Per. Imp. Dih.          LJ-14
    1.32465e+03    3.61368e+03    3.85845e+03    1.83382e+02    1.54895e+03
     Coulomb-14        LJ (SR)  Disper. corr.   Coulomb (SR)   Coul. recip.
    2.21992e+04    1.09531e+05   -3.89220e+03   -9.14993e+05    2.65744e+03
      Potential    Kinetic En.   Total Energy  Conserved En.    Temperature
   -7.73946e+05    1.39582e+05   -6.34364e+05   -6.32775e+05    3.00582e+02
 Pres. DC (bar) Pressure (bar)   Constr. rmsd
   -1.15669e+02   -6.46124e+01    3.99350e-06

           Step           Time
         244500      489.00000

   Energies (kJ/mol)
           Bond          Angle    Proper Dih. Per. Imp. Dih.          LJ-14
    1.23570e+03    3.62808e+03    3.86850e+03    2.12846e+02    1.61875e+03
     Coulomb-14        LJ (SR)  Disper. corr.   Coulomb (SR)   Coul. recip.
    2.23172e+04    1.10180e+05   -3.89819e+03   -9.16314e+05    2.69518e+03
      Potential    Kinetic En.   Total Energy  Conserved En.    Temperature
   -7.74436e+05    1.39789e+05   -6.34647e+05   -6.32698e+05    3.01029e+02
 Pres. DC (bar) Pressure (bar)   Constr. rmsd
   -1.16025e+02    7.58924e+01    3.99350e-06

           Step           Time
         245000      490.00000

   Energies (kJ/mol)
           Bond          Angle    Proper Dih. Per. Imp. Dih.          LJ-14
    1.17610e+03    3.61983e+03    3.91651e+03    2.06601e+02    1.56350e+03
     Coulomb-14        LJ (SR)  Disper. corr.   Coulomb (SR)   Coul. recip.
    2.22367e+04    1.10490e+05   -3.90325e+03   -9.16630e+05    2.67642e+03
      Potential    Kinetic En.   Total Energy  Conserved En.    Temperature
   -7.74628e+05    1.38013e+05   -6.36615e+05   -6.32527e+05    2.97204e+02
 Pres. DC (bar) Pressure (bar)   Constr. rmsd
   -1.16326e+02    8.38011e+00    3.99350e-06

           Step           Time
         245500      491.00000

   Energies (kJ/mol)
           Bond          Angle    Proper Dih. Per. Imp. Dih.          LJ-14
    1.14680e+03    3.53732e+03    3.90345e+03    2.46381e+02    1.59371e+03
     Coulomb-14        LJ (SR)  Disper. corr.   Coulomb (SR)   Coul. recip.
    2.23797e+04    1.11438e+05   -3.89929e+03   -9.18293e+05    2.76069e+03
      Potential    Kinetic En.   Total Energy  Conserved En.    Temperature
   -7.75166e+05    1.39153e+05   -6.36013e+05   -6.32566e+05    2.99660e+02
 Pres. DC (bar) Pressure (bar)   Constr. rmsd
   -1.16090e+02    1.51332e+02    3.99350e-06

           Step           Time
         246000      492.00000

   Energies (kJ/mol)
           Bond          Angle    Proper Dih. Per. Imp. Dih.          LJ-14
    1.19964e+03    3.59502e+03    3.89828e+03    2.13949e+02    1.58997e+03
     Coulomb-14        LJ (SR)  Disper. corr.   Coulomb (SR)   Coul. recip.
    2.22363e+04    1.09098e+05   -3.88869e+03   -9.14511e+05    2.74133e+03
      Potential    Kinetic En.   Total Energy  Conserved En.    Temperature
   -7.73804e+05    1.39062e+05   -6.34742e+05   -6.32898e+05    2.99462e+02
 Pres. DC (bar) Pressure (bar)   Constr. rmsd
   -1.15460e+02   -9.45099e+01    3.99350e-06

           Step           Time
         246500      493.00000

   Energies (kJ/mol)
           Bond          Angle    Proper Dih. Per. Imp. Dih.          LJ-14
    1.27619e+03    3.58152e+03    3.93664e+03    2.30402e+02    1.51441e+03
     Coulomb-14        LJ (SR)  Disper. corr.   Coulomb (SR)   Coul. recip.
    2.23777e+04    1.09818e+05   -3.88918e+03   -9.15677e+05    2.70538e+03
      Potential    Kinetic En.   Total Energy  Conserved En.    Temperature
   -7.74105e+05    1.39704e+05   -6.34401e+05   -6.32726e+05    3.00847e+02
 Pres. DC (bar) Pressure (bar)   Constr. rmsd
   -1.15489e+02   -1.45190e+02    3.99350e-06

           Step           Time
         247000      494.00000

   Energies (kJ/mol)
           Bond          Angle    Proper Dih. Per. Imp. Dih.          LJ-14
    1.14387e+03    3.75692e+03    3.85721e+03    1.97269e+02    1.60343e+03
     Coulomb-14        LJ (SR)  Disper. corr.   Coulomb (SR)   Coul. recip.
    2.22376e+04    1.09888e+05   -3.88719e+03   -9.14953e+05    2.76667e+03
      Potential    Kinetic En.   Total Energy  Conserved En.    Temperature
   -7.73368e+05    1.38946e+05   -6.34421e+05   -6.32895e+05    2.99214e+02
 Pres. DC (bar) Pressure (bar)   Constr. rmsd
   -1.15371e+02    3.18034e+01    3.99350e-06

           Step           Time
         247500      495.00000

   Energies (kJ/mol)
           Bond          Angle    Proper Dih. Per. Imp. Dih.          LJ-14
    1.20150e+03    3.58202e+03    3.81464e+03    1.94583e+02    1.57566e+03
     Coulomb-14        LJ (SR)  Disper. corr.   Coulomb (SR)   Coul. recip.
    2.22521e+04    1.09444e+05   -3.88820e+03   -9.14820e+05    2.76712e+03
      Potential    Kinetic En.   Total Energy  Conserved En.    Temperature
   -7.73852e+05    1.39290e+05   -6.34563e+05   -6.32909e+05    2.99954e+02
 Pres. DC (bar) Pressure (bar)   Constr. rmsd
   -1.15431e+02   -1.37981e+02    3.99350e-06

           Step           Time
         248000      496.00000

   Energies (kJ/mol)
           Bond          Angle    Proper Dih. Per. Imp. Dih.          LJ-14
    1.17862e+03    3.54741e+03    3.93553e+03    2.01039e+02    1.59235e+03
     Coulomb-14        LJ (SR)  Disper. corr.   Coulomb (SR)   Coul. recip.
    2.23406e+04    1.11118e+05   -3.88269e+03   -9.16100e+05    2.68734e+03
      Potential    Kinetic En.   Total Energy  Conserved En.    Temperature
   -7.73361e+05    1.39893e+05   -6.33468e+05   -6.32892e+05    3.01254e+02
 Pres. DC (bar) Pressure (bar)   Constr. rmsd
   -1.15105e+02    8.63536e+01    3.99350e-06

           Step           Time
         248500      497.00000

   Energies (kJ/mol)
           Bond          Angle    Proper Dih. Per. Imp. Dih.          LJ-14
    1.36716e+03    3.49132e+03    3.84150e+03    1.97113e+02    1.53327e+03
     Coulomb-14        LJ (SR)  Disper. corr.   Coulomb (SR)   Coul. recip.
    2.22891e+04    1.10697e+05   -3.88007e+03   -9.15552e+05    2.78570e+03
      Potential    Kinetic En.   Total Energy  Conserved En.    Temperature
   -7.73208e+05    1.40516e+05   -6.32692e+05   -6.32994e+05    3.02594e+02
 Pres. DC (bar) Pressure (bar)   Constr. rmsd
   -1.14949e+02   -5.02406e+01    3.99350e-06

           Step           Time
         249000      498.00000

   Energies (kJ/mol)
           Bond          Angle    Proper Dih. Per. Imp. Dih.          LJ-14
    1.23632e+03    3.53367e+03    3.83902e+03    2.16732e+02    1.56907e+03
     Coulomb-14        LJ (SR)  Disper. corr.   Coulomb (SR)   Coul. recip.
    2.21777e+04    1.10181e+05   -3.88737e+03   -9.14518e+05    2.70310e+03
      Potential    Kinetic En.   Total Energy  Conserved En.    Temperature
   -7.72927e+05    1.39935e+05   -6.32992e+05   -6.32885e+05    3.01343e+02
 Pres. DC (bar) Pressure (bar)   Constr. rmsd
   -1.15382e+02    3.30350e+01    3.99350e-06

           Step           Time
         249500      499.00000

   Energies (kJ/mol)
           Bond          Angle    Proper Dih. Per. Imp. Dih.          LJ-14
    1.20724e+03    3.34762e+03    3.94702e+03    1.82577e+02    1.57249e+03
     Coulomb-14        LJ (SR)  Disper. corr.   Coulomb (SR)   Coul. recip.
    2.23550e+04    1.10089e+05   -3.89625e+03   -9.14737e+05    2.72752e+03
      Potential    Kinetic En.   Total Energy  Conserved En.    Temperature
   -7.73183e+05    1.39778e+05   -6.33405e+05   -6.32712e+05    3.01005e+02
 Pres. DC (bar) Pressure (bar)   Constr. rmsd
   -1.15909e+02    2.05166e+01    3.99350e-06

           Step           Time
         250000      500.00000

   Energies (kJ/mol)
           Bond          Angle    Proper Dih. Per. Imp. Dih.          LJ-14
    1.11680e+03    3.64002e+03    3.86601e+03    2.07371e+02    1.56085e+03
     Coulomb-14        LJ (SR)  Disper. corr.   Coulomb (SR)   Coul. recip.
    2.23276e+04    1.09858e+05   -3.89367e+03   -9.14880e+05    2.58299e+03
      Potential    Kinetic En.   Total Energy  Conserved En.    Temperature
   -7.73592e+05    1.39085e+05   -6.34507e+05   -6.32642e+05    2.99513e+02
 Pres. DC (bar) Pressure (bar)   Constr. rmsd
   -1.15756e+02    3.64209e+01    3.99350e-06

           Step           Time
         250500      501.00000

   Energies (kJ/mol)
           Bond          Angle    Proper Dih. Per. Imp. Dih.          LJ-14
    1.27794e+03    3.45737e+03    3.89484e+03    1.92233e+02    1.65710e+03
     Coulomb-14        LJ (SR)  Disper. corr.   Coulomb (SR)   Coul. recip.
    2.22599e+04    1.09742e+05   -3.90205e+03   -9.15787e+05    2.74323e+03
      Potential    Kinetic En.   Total Energy  Conserved En.    Temperature
   -7.74442e+05    1.40026e+05   -6.34416e+05   -6.32376e+05    3.01538e+02
 Pres. DC (bar) Pressure (bar)   Constr. rmsd
   -1.16254e+02    2.37314e+01    3.99350e-06

           Step           Time
         251000      502.00000

   Energies (kJ/mol)
           Bond          Angle    Proper Dih. Per. Imp. Dih.          LJ-14
    1.27280e+03    3.82423e+03    3.80864e+03    1.99905e+02    1.55547e+03
     Coulomb-14        LJ (SR)  Disper. corr.   Coulomb (SR)   Coul. recip.
    2.22837e+04    1.10083e+05   -3.90808e+03   -9.15692e+05    2.71004e+03
      Potential    Kinetic En.   Total Energy  Conserved En.    Temperature
   -7.73840e+05    1.40574e+05   -6.33266e+05   -6.32353e+05    3.02720e+02
 Pres. DC (bar) Pressure (bar)   Constr. rmsd
   -1.16614e+02    3.93123e+01    3.99350e-06

           Step           Time
         251500      503.00000

   Energies (kJ/mol)
           Bond          Angle    Proper Dih. Per. Imp. Dih.          LJ-14
    1.25451e+03    3.72437e+03    3.92691e+03    2.25410e+02    1.58474e+03
     Coulomb-14        LJ (SR)  Disper. corr.   Coulomb (SR)   Coul. recip.
    2.23562e+04    1.08547e+05   -3.90686e+03   -9.13680e+05    2.71989e+03
      Potential    Kinetic En.   Total Energy  Conserved En.    Temperature
   -7.73225e+05    1.39937e+05   -6.33288e+05   -6.32365e+05    3.01348e+02
 Pres. DC (bar) Pressure (bar)   Constr. rmsd
   -1.16541e+02   -6.91610e+01    3.99350e-06

           Step           Time
         252000      504.00000

   Energies (kJ/mol)
           Bond          Angle    Proper Dih. Per. Imp. Dih.          LJ-14
    1.35212e+03    3.71918e+03    3.93825e+03    1.87091e+02    1.59434e+03
     Coulomb-14        LJ (SR)  Disper. corr.   Coulomb (SR)   Coul. recip.
    2.22369e+04    1.09252e+05   -3.90442e+03   -9.15079e+05    2.70342e+03
      Potential    Kinetic En.   Total Energy  Conserved En.    Temperature
   -7.73974e+05    1.40444e+05   -6.33530e+05   -6.32368e+05    3.02440e+02
 Pres. DC (bar) Pressure (bar)   Constr. rmsd
   -1.16395e+02   -2.80719e+01    3.99350e-06

           Step           Time
         252500      505.00000

   Energies (kJ/mol)
           Bond          Angle    Proper Dih. Per. Imp. Dih.          LJ-14
    1.23464e+03    3.48808e+03    3.89345e+03    2.28165e+02    1.61005e+03
     Coulomb-14        LJ (SR)  Disper. corr.   Coulomb (SR)   Coul. recip.
    2.23231e+04    1.10886e+05   -3.90403e+03   -9.16127e+05    2.68360e+03
      Potential    Kinetic En.   Total Energy  Conserved En.    Temperature
   -7.73658e+05    1.39540e+05   -6.34118e+05   -6.32447e+05    3.00492e+02
 Pres. DC (bar) Pressure (bar)   Constr. rmsd
   -1.16372e+02    9.12475e+01    3.99350e-06

           Step           Time
         253000      506.00000

   Energies (kJ/mol)
           Bond          Angle    Proper Dih. Per. Imp. Dih.          LJ-14
    1.19711e+03    3.71227e+03    3.91941e+03    2.59129e+02    1.60974e+03
     Coulomb-14        LJ (SR)  Disper. corr.   Coulomb (SR)   Coul. recip.
    2.21138e+04    1.11458e+05   -3.90327e+03   -9.17430e+05    2.72670e+03
      Potential    Kinetic En.   Total Energy  Conserved En.    Temperature
   -7.74310e+05    1.39535e+05   -6.34775e+05   -6.32501e+05    3.00482e+02
 Pres. DC (bar) Pressure (bar)   Constr. rmsd
   -1.16327e+02    1.90238e+02    3.99350e-06

           Step           Time
         253500      507.00000

   Energies (kJ/mol)
           Bond          Angle    Proper Dih. Per. Imp. Dih.          LJ-14
    1.29683e+03    3.42914e+03    3.88955e+03    2.16007e+02    1.56446e+03
     Coulomb-14        LJ (SR)  Disper. corr.   Coulomb (SR)   Coul. recip.
    2.22908e+04    1.09687e+05   -3.89510e+03   -9.14931e+05    2.67226e+03
      Potential    Kinetic En.   Total Energy  Conserved En.    Temperature
   -7.73756e+05    1.38881e+05   -6.34876e+05   -6.32612e+05    2.99073e+02
 Pres. DC (bar) Pressure (bar)   Constr. rmsd
   -1.15841e+02   -2.35677e+01    3.99350e-06

           Step           Time
         254000      508.00000

   Energies (kJ/mol)
           Bond          Angle    Proper Dih. Per. Imp. Dih.          LJ-14
    1.20314e+03    3.66156e+03    3.84214e+03    2.03812e+02    1.60491e+03
     Coulomb-14        LJ (SR)  Disper. corr.   Coulomb (SR)   Coul. recip.
    2.22246e+04    1.09103e+05   -3.89813e+03   -9.14331e+05    2.73405e+03
      Potential    Kinetic En.   Total Energy  Conserved En.    Temperature
   -7.73628e+05    1.40348e+05   -6.33280e+05   -6.32541e+05    3.02232e+02
 Pres. DC (bar) Pressure (bar)   Constr. rmsd
   -1.16021e+02   -2.35707e+01    3.99350e-06

           Step           Time
         254500      509.00000

   Energies (kJ/mol)
           Bond          Angle    Proper Dih. Per. Imp. Dih.          LJ-14
    1.26735e+03    3.73983e+03    3.90134e+03    2.28544e+02    1.64426e+03
     Coulomb-14        LJ (SR)  Disper. corr.   Coulomb (SR)   Coul. recip.
    2.22480e+04    1.10381e+05   -3.89517e+03   -9.15089e+05    2.72521e+03
      Potential    Kinetic En.   Total Energy  Conserved En.    Temperature
   -7.72825e+05    1.40501e+05   -6.32324e+05   -6.32608e+05    3.02561e+02
 Pres. DC (bar) Pressure (bar)   Constr. rmsd
   -1.15845e+02    1.31900e+02    3.99350e-06

           Step           Time
         255000      510.00000

   Energies (kJ/mol)
           Bond          Angle    Proper Dih. Per. Imp. Dih.          LJ-14
    1.21622e+03    3.70696e+03    3.98613e+03    1.96509e+02    1.61665e+03
     Coulomb-14        LJ (SR)  Disper. corr.   Coulomb (SR)   Coul. recip.
    2.22304e+04    1.10948e+05   -3.89049e+03   -9.16017e+05    2.69917e+03
      Potential    Kinetic En.   Total Energy  Conserved En.    Temperature
   -7.73283e+05    1.39252e+05   -6.34031e+05   -6.32734e+05    2.99872e+02
 Pres. DC (bar) Pressure (bar)   Constr. rmsd
   -1.15567e+02    6.97926e+01    3.99350e-06

           Step           Time
         255500      511.00000

   Energies (kJ/mol)
           Bond          Angle    Proper Dih. Per. Imp. Dih.          LJ-14
    1.29542e+03    3.63236e+03    3.88026e+03    2.16133e+02    1.51894e+03
     Coulomb-14        LJ (SR)  Disper. corr.   Coulomb (SR)   Coul. recip.
    2.23097e+04    1.11054e+05   -3.89354e+03   -9.16215e+05    2.81491e+03
      Potential    Kinetic En.   Total Energy  Conserved En.    Temperature
   -7.73362e+05    1.39275e+05   -6.34087e+05   -6.32717e+05    2.99922e+02
 Pres. DC (bar) Pressure (bar)   Constr. rmsd
   -1.15748e+02    9.89323e+01    3.99350e-06

           Step           Time
         256000      512.00000

   Energies (kJ/mol)
           Bond          Angle    Proper Dih. Per. Imp. Dih.          LJ-14
    1.33201e+03    3.57767e+03    3.94641e+03    1.99531e+02    1.55413e+03
     Coulomb-14        LJ (SR)  Disper. corr.   Coulomb (SR)   Coul. recip.
    2.21790e+04    1.07875e+05   -3.89194e+03   -9.13284e+05    2.78332e+03
      Potential    Kinetic En.   Total Energy  Conserved En.    Temperature
   -7.73705e+05    1.39611e+05   -6.34094e+05   -6.32676e+05    3.00645e+02
 Pres. DC (bar) Pressure (bar)   Constr. rmsd
   -1.15653e+02   -1.91473e+02    3.99350e-06

           Step           Time
         256500      513.00000

   Energies (kJ/mol)
           Bond          Angle    Proper Dih. Per. Imp. Dih.          LJ-14
    1.35986e+03    3.52983e+03    3.90307e+03    2.33033e+02    1.54498e+03
     Coulomb-14        LJ (SR)  Disper. corr.   Coulomb (SR)   Coul. recip.
    2.23844e+04    1.09766e+05   -3.89744e+03   -9.13545e+05    2.73483e+03
      Potential    Kinetic En.   Total Energy  Conserved En.    Temperature
   -7.71962e+05    1.39206e+05   -6.32755e+05   -6.32494e+05    2.99774e+02
 Pres. DC (bar) Pressure (bar)   Constr. rmsd
   -1.15980e+02    2.53289e+01    3.99350e-06

           Step           Time
         257000      514.00000

   Energies (kJ/mol)
           Bond          Angle    Proper Dih. Per. Imp. Dih.          LJ-14
    1.36149e+03    3.50460e+03    3.93930e+03    1.82458e+02    1.53672e+03
     Coulomb-14        LJ (SR)  Disper. corr.   Coulomb (SR)   Coul. recip.
    2.23667e+04    1.11338e+05   -3.88830e+03   -9.14953e+05    2.80121e+03
      Potential    Kinetic En.   Total Energy  Conserved En.    Temperature
   -7.71782e+05    1.39265e+05   -6.32518e+05   -6.32797e+05    2.99900e+02
 Pres. DC (bar) Pressure (bar)   Constr. rmsd
   -1.15437e+02    1.90125e+02    3.99350e-06

           Step           Time
         257500      515.00000

   Energies (kJ/mol)
           Bond          Angle    Proper Dih. Per. Imp. Dih.          LJ-14
    1.44070e+03    3.53835e+03    3.91288e+03    2.08592e+02    1.51975e+03
     Coulomb-14        LJ (SR)  Disper. corr.   Coulomb (SR)   Coul. recip.
    2.23462e+04    1.10235e+05   -3.88596e+03   -9.14318e+05    2.75151e+03
      Potential    Kinetic En.   Total Energy  Conserved En.    Temperature
   -7.72226e+05    1.40353e+05   -6.31873e+05   -6.32762e+05    3.02244e+02
 Pres. DC (bar) Pressure (bar)   Constr. rmsd
   -1.15298e+02   -2.70755e+01    3.99350e-06

           Step           Time
         258000      516.00000

   Energies (kJ/mol)
           Bond          Angle    Proper Dih. Per. Imp. Dih.          LJ-14
    1.24004e+03    3.69938e+03    3.89910e+03    2.06724e+02    1.60760e+03
     Coulomb-14        LJ (SR)  Disper. corr.   Coulomb (SR)   Coul. recip.
    2.23067e+04    1.10862e+05   -3.88851e+03   -9.14651e+05    2.73726e+03
      Potential    Kinetic En.   Total Energy  Conserved En.    Temperature
   -7.71955e+05    1.39655e+05   -6.32300e+05   -6.32752e+05    3.00741e+02
 Pres. DC (bar) Pressure (bar)   Constr. rmsd
   -1.15450e+02    1.43494e+02    3.99350e-06

           Step           Time
         258500      517.00000

   Energies (kJ/mol)
           Bond          Angle    Proper Dih. Per. Imp. Dih.          LJ-14
    1.19517e+03    3.48877e+03    3.95446e+03    2.29309e+02    1.58977e+03
     Coulomb-14        LJ (SR)  Disper. corr.   Coulomb (SR)   Coul. recip.
    2.23587e+04    1.09854e+05   -3.88820e+03   -9.14974e+05    2.76799e+03
      Potential    Kinetic En.   Total Energy  Conserved En.    Temperature
   -7.73398e+05    1.39492e+05   -6.33907e+05   -6.32776e+05    3.00388e+02
 Pres. DC (bar) Pressure (bar)   Constr. rmsd
   -1.15431e+02    4.99712e+01    3.99350e-06

           Step           Time
         259000      518.00000

   Energies (kJ/mol)
           Bond          Angle    Proper Dih. Per. Imp. Dih.          LJ-14
    1.26301e+03    3.67419e+03    3.89040e+03    1.82428e+02    1.56829e+03
     Coulomb-14        LJ (SR)  Disper. corr.   Coulomb (SR)   Coul. recip.
    2.23355e+04    1.10820e+05   -3.88920e+03   -9.15419e+05    2.63955e+03
      Potential    Kinetic En.   Total Energy  Conserved En.    Temperature
   -7.72909e+05    1.38979e+05   -6.33930e+05   -6.32808e+05    2.99285e+02
 Pres. DC (bar) Pressure (bar)   Constr. rmsd
   -1.15490e+02    5.06763e+01    3.99350e-06

           Step           Time
         259500      519.00000

   Energies (kJ/mol)
           Bond          Angle    Proper Dih. Per. Imp. Dih.          LJ-14
    1.23084e+03    3.59701e+03    3.87038e+03    2.68997e+02    1.52302e+03
     Coulomb-14        LJ (SR)  Disper. corr.   Coulomb (SR)   Coul. recip.
    2.21906e+04    1.08176e+05   -3.88396e+03   -9.12862e+05    2.73850e+03
      Potential    Kinetic En.   Total Energy  Conserved En.    Temperature
   -7.73125e+05    1.38906e+05   -6.34219e+05   -6.32852e+05    2.99127e+02
 Pres. DC (bar) Pressure (bar)   Constr. rmsd
   -1.15180e+02   -1.51102e+02    3.99350e-06

           Step           Time
         260000      520.00000

   Energies (kJ/mol)
           Bond          Angle    Proper Dih. Per. Imp. Dih.          LJ-14
    1.26730e+03    3.62267e+03    3.90718e+03    2.21071e+02    1.52542e+03
     Coulomb-14        LJ (SR)  Disper. corr.   Coulomb (SR)   Coul. recip.
    2.22341e+04    1.10613e+05   -3.89176e+03   -9.16691e+05    2.75637e+03
      Potential    Kinetic En.   Total Energy  Conserved En.    Temperature
   -7.74409e+05    1.39279e+05   -6.35130e+05   -6.32740e+05    2.99930e+02
 Pres. DC (bar) Pressure (bar)   Constr. rmsd
   -1.15643e+02   -8.26538e+00    3.99350e-06

           Step           Time
         260500      521.00000

   Energies (kJ/mol)
           Bond          Angle    Proper Dih. Per. Imp. Dih.          LJ-14
    1.25819e+03    3.41827e+03    3.91429e+03    1.90584e+02    1.57109e+03
     Coulomb-14        LJ (SR)  Disper. corr.   Coulomb (SR)   Coul. recip.
    2.22445e+04    1.09031e+05   -3.88816e+03   -9.14358e+05    2.79649e+03
      Potential    Kinetic En.   Total Energy  Conserved En.    Temperature
   -7.73797e+05    1.39668e+05   -6.34129e+05   -6.32611e+05    3.00769e+02
 Pres. DC (bar) Pressure (bar)   Constr. rmsd
   -1.15429e+02   -9.64811e+01    3.99350e-06

           Step           Time
         261000      522.00000

   Energies (kJ/mol)
           Bond          Angle    Proper Dih. Per. Imp. Dih.          LJ-14
    1.26967e+03    3.62547e+03    3.91812e+03    1.91585e+02    1.55830e+03
     Coulomb-14        LJ (SR)  Disper. corr.   Coulomb (SR)   Coul. recip.
    2.22199e+04    1.10027e+05   -3.89356e+03   -9.14957e+05    2.75966e+03
      Potential    Kinetic En.   Total Energy  Conserved En.    Temperature
   -7.73251e+05    1.39661e+05   -6.33590e+05   -6.32589e+05    3.00754e+02
 Pres. DC (bar) Pressure (bar)   Constr. rmsd
   -1.15749e+02   -5.28280e+01    3.99350e-06

           Step           Time
         261500      523.00000

   Energies (kJ/mol)
           Bond          Angle    Proper Dih. Per. Imp. Dih.          LJ-14
    1.16317e+03    3.53553e+03    3.88552e+03    2.15508e+02    1.61951e+03
     Coulomb-14        LJ (SR)  Disper. corr.   Coulomb (SR)   Coul. recip.
    2.23996e+04    1.11490e+05   -3.89651e+03   -9.17747e+05    2.74704e+03
      Potential    Kinetic En.   Total Energy  Conserved En.    Temperature
   -7.74560e+05    1.38587e+05   -6.35973e+05   -6.32503e+05    2.98441e+02
 Pres. DC (bar) Pressure (bar)   Constr. rmsd
   -1.15925e+02    1.42444e+02    3.99350e-06

           Step           Time
         262000      524.00000

   Energies (kJ/mol)
           Bond          Angle    Proper Dih. Per. Imp. Dih.          LJ-14
    1.23877e+03    3.55489e+03    3.83440e+03    1.88964e+02    1.56794e+03
     Coulomb-14        LJ (SR)  Disper. corr.   Coulomb (SR)   Coul. recip.
    2.23947e+04    1.11192e+05   -3.89232e+03   -9.16581e+05    2.68025e+03
      Potential    Kinetic En.   Total Energy  Conserved En.    Temperature
   -7.73796e+05    1.38637e+05   -6.35159e+05   -6.32561e+05    2.98548e+02
 Pres. DC (bar) Pressure (bar)   Constr. rmsd
   -1.15676e+02    6.95918e+01    3.99350e-06

           Step           Time
         262500      525.00000

   Energies (kJ/mol)
           Bond          Angle    Proper Dih. Per. Imp. Dih.          LJ-14
    1.29021e+03    3.51500e+03    3.91634e+03    2.33945e+02    1.54775e+03
     Coulomb-14        LJ (SR)  Disper. corr.   Coulomb (SR)   Coul. recip.
    2.22321e+04    1.09601e+05   -3.89225e+03   -9.15491e+05    2.77216e+03
      Potential    Kinetic En.   Total Energy  Conserved En.    Temperature
   -7.74262e+05    1.39675e+05   -6.34587e+05   -6.32691e+05    3.00784e+02
 Pres. DC (bar) Pressure (bar)   Constr. rmsd
   -1.15672e+02   -8.20907e+01    3.99350e-06

           Step           Time
         263000      526.00000

   Energies (kJ/mol)
           Bond          Angle    Proper Dih. Per. Imp. Dih.          LJ-14
    1.28928e+03    3.58157e+03    3.92553e+03    1.67451e+02    1.52962e+03
     Coulomb-14        LJ (SR)  Disper. corr.   Coulomb (SR)   Coul. recip.
    2.22460e+04    1.09897e+05   -3.88927e+03   -9.14145e+05    2.70547e+03
      Potential    Kinetic En.   Total Energy  Conserved En.    Temperature
   -7.72667e+05    1.39250e+05   -6.33417e+05   -6.32658e+05    2.99869e+02
 Pres. DC (bar) Pressure (bar)   Constr. rmsd
   -1.15495e+02   -6.44727e+01    3.99350e-06

           Step           Time
         263500      527.00000

   Energies (kJ/mol)
           Bond          Angle    Proper Dih. Per. Imp. Dih.          LJ-14
    1.20839e+03    3.49336e+03    3.90697e+03    2.24574e+02    1.62910e+03
     Coulomb-14        LJ (SR)  Disper. corr.   Coulomb (SR)   Coul. recip.
    2.24151e+04    1.10740e+05   -3.89191e+03   -9.16716e+05    2.69857e+03
      Potential    Kinetic En.   Total Energy  Conserved En.    Temperature
   -7.74279e+05    1.39977e+05   -6.34302e+05   -6.32677e+05    3.01434e+02
 Pres. DC (bar) Pressure (bar)   Constr. rmsd
   -1.15652e+02    4.97018e+01    3.99350e-06

           Step           Time
         264000      528.00000

   Energies (kJ/mol)
           Bond          Angle    Proper Dih. Per. Imp. Dih.          LJ-14
    1.34535e+03    3.58888e+03    3.91828e+03    2.15399e+02    1.51588e+03
     Coulomb-14        LJ (SR)  Disper. corr.   Coulomb (SR)   Coul. recip.
    2.23409e+04    1.11521e+05   -3.89226e+03   -9.17136e+05    2.70863e+03
      Potential    Kinetic En.   Total Energy  Conserved En.    Temperature
   -7.73860e+05    1.39608e+05   -6.34252e+05   -6.32674e+05    3.00639e+02
 Pres. DC (bar) Pressure (bar)   Constr. rmsd
   -1.15672e+02    7.12983e+01    3.99350e-06

           Step           Time
         264500      529.00000

   Energies (kJ/mol)
           Bond          Angle    Proper Dih. Per. Imp. Dih.          LJ-14
    1.34847e+03    3.50740e+03    3.94677e+03    2.37159e+02    1.51297e+03
     Coulomb-14        LJ (SR)  Disper. corr.   Coulomb (SR)   Coul. recip.
    2.24993e+04    1.08578e+05   -3.89123e+03   -9.14174e+05    2.70482e+03
      Potential    Kinetic En.   Total Energy  Conserved En.    Temperature
   -7.73705e+05    1.38246e+05   -6.35459e+05   -6.32452e+05    2.97707e+02
 Pres. DC (bar) Pressure (bar)   Constr. rmsd
   -1.15611e+02   -2.13451e+02    3.99350e-06

           Step           Time
         265000      530.00000

   Energies (kJ/mol)
           Bond          Angle    Proper Dih. Per. Imp. Dih.          LJ-14
    1.36486e+03    3.42249e+03    3.85590e+03    2.01664e+02    1.51541e+03
     Coulomb-14        LJ (SR)  Disper. corr.   Coulomb (SR)   Coul. recip.
    2.24677e+04    1.10867e+05   -3.89224e+03   -9.16634e+05    2.76804e+03
      Potential    Kinetic En.   Total Energy  Conserved En.    Temperature
   -7.74038e+05    1.38840e+05   -6.35198e+05   -6.32555e+05    2.98985e+02
 Pres. DC (bar) Pressure (bar)   Constr. rmsd
   -1.15671e+02   -1.75078e+01    3.99350e-06

           Step           Time
         265500      531.00000

   Energies (kJ/mol)
           Bond          Angle    Proper Dih. Per. Imp. Dih.          LJ-14
    1.36481e+03    3.50309e+03    3.94217e+03    2.33304e+02    1.61428e+03
     Coulomb-14        LJ (SR)  Disper. corr.   Coulomb (SR)   Coul. recip.
    2.24344e+04    1.10550e+05   -3.88544e+03   -9.16100e+05    2.77845e+03
      Potential    Kinetic En.   Total Energy  Conserved En.    Temperature
   -7.73540e+05    1.40255e+05   -6.33285e+05   -6.32729e+05    3.02031e+02
 Pres. DC (bar) Pressure (bar)   Constr. rmsd
   -1.15267e+02    1.43923e+01    3.99350e-06

           Step           Time
         266000      532.00000

   Energies (kJ/mol)
           Bond          Angle    Proper Dih. Per. Imp. Dih.          LJ-14
    1.29387e+03    3.67378e+03    3.90811e+03    2.08434e+02    1.57526e+03
     Coulomb-14        LJ (SR)  Disper. corr.   Coulomb (SR)   Coul. recip.
    2.23089e+04    1.11089e+05   -3.88845e+03   -9.15197e+05    2.77633e+03
      Potential    Kinetic En.   Total Energy  Conserved En.    Temperature
   -7.72226e+05    1.38887e+05   -6.33339e+05   -6.32718e+05    2.99086e+02
 Pres. DC (bar) Pressure (bar)   Constr. rmsd
   -1.15446e+02    9.99569e+01    3.99350e-06

           Step           Time
         266500      533.00000

   Energies (kJ/mol)
           Bond          Angle    Proper Dih. Per. Imp. Dih.          LJ-14
    1.39262e+03    3.68354e+03    3.93980e+03    2.17545e+02    1.51412e+03
     Coulomb-14        LJ (SR)  Disper. corr.   Coulomb (SR)   Coul. recip.
    2.23539e+04    1.09550e+05   -3.88763e+03   -9.13653e+05    2.76382e+03
      Potential    Kinetic En.   Total Energy  Conserved En.    Temperature
   -7.72111e+05    1.39770e+05   -6.32341e+05   -6.32652e+05    3.00988e+02
 Pres. DC (bar) Pressure (bar)   Constr. rmsd
   -1.15397e+02   -6.53750e+01    3.99350e-06

           Step           Time
         267000      534.00000

   Energies (kJ/mol)
           Bond          Angle    Proper Dih. Per. Imp. Dih.          LJ-14
    1.23526e+03    3.66956e+03    3.91293e+03    2.00291e+02    1.52208e+03
     Coulomb-14        LJ (SR)  Disper. corr.   Coulomb (SR)   Coul. recip.
    2.22853e+04    1.10972e+05   -3.88610e+03   -9.15075e+05    2.74573e+03
      Potential    Kinetic En.   Total Energy  Conserved En.    Temperature
   -7.72392e+05    1.39202e+05   -6.33190e+05   -6.32693e+05    2.99764e+02
 Pres. DC (bar) Pressure (bar)   Constr. rmsd
   -1.15307e+02    6.92798e+01    3.99350e-06

           Step           Time
         267500      535.00000

   Energies (kJ/mol)
           Bond          Angle    Proper Dih. Per. Imp. Dih.          LJ-14
    1.23384e+03    3.63944e+03    3.88952e+03    2.22377e+02    1.48683e+03
     Coulomb-14        LJ (SR)  Disper. corr.   Coulomb (SR)   Coul. recip.
    2.21945e+04    1.08726e+05   -3.88678e+03   -9.13341e+05    2.77251e+03
      Potential    Kinetic En.   Total Energy  Conserved En.    Temperature
   -7.73036e+05    1.39472e+05   -6.33564e+05   -6.32687e+05    3.00346e+02
 Pres. DC (bar) Pressure (bar)   Constr. rmsd
   -1.15347e+02   -2.08960e+02    3.99350e-06

           Step           Time
         268000      536.00000

   Energies (kJ/mol)
           Bond          Angle    Proper Dih. Per. Imp. Dih.          LJ-14
    1.23470e+03    3.58285e+03    3.86325e+03    2.13562e+02    1.57788e+03
     Coulomb-14        LJ (SR)  Disper. corr.   Coulomb (SR)   Coul. recip.
    2.23042e+04    1.09643e+05   -3.88643e+03   -9.15032e+05    2.71463e+03
      Potential    Kinetic En.   Total Energy  Conserved En.    Temperature
   -7.73757e+05    1.40092e+05   -6.33665e+05   -6.32740e+05    3.01682e+02
 Pres. DC (bar) Pressure (bar)   Constr. rmsd
   -1.15326e+02   -7.07439e+01    3.99350e-06

           Step           Time
         268500      537.00000

   Energies (kJ/mol)
           Bond          Angle    Proper Dih. Per. Imp. Dih.          LJ-14
    1.26350e+03    3.45578e+03    3.90888e+03    2.03009e+02    1.65278e+03
     Coulomb-14        LJ (SR)  Disper. corr.   Coulomb (SR)   Coul. recip.
    2.23804e+04    1.09030e+05   -3.88501e+03   -9.13371e+05    2.81957e+03
      Potential    Kinetic En.   Total Energy  Conserved En.    Temperature
   -7.72528e+05    1.39781e+05   -6.32747e+05   -6.32796e+05    3.01012e+02
 Pres. DC (bar) Pressure (bar)   Constr. rmsd
   -1.15242e+02   -6.54190e+01    3.99350e-06

           Step           Time
         269000      538.00000

   Energies (kJ/mol)
           Bond          Angle    Proper Dih. Per. Imp. Dih.          LJ-14
    1.35112e+03    3.54868e+03    3.88066e+03    2.19065e+02    1.57723e+03
     Coulomb-14        LJ (SR)  Disper. corr.   Coulomb (SR)   Coul. recip.
    2.23037e+04    1.09915e+05   -3.88289e+03   -9.13913e+05    2.74112e+03
      Potential    Kinetic En.   Total Energy  Conserved En.    Temperature
   -7.72244e+05    1.39652e+05   -6.32593e+05   -6.32658e+05    3.00733e+02
 Pres. DC (bar) Pressure (bar)   Constr. rmsd
   -1.15116e+02   -2.40672e+01    3.99350e-06

           Step           Time
         269500      539.00000

   Energies (kJ/mol)
           Bond          Angle    Proper Dih. Per. Imp. Dih.          LJ-14
    1.39676e+03    3.54144e+03    3.90130e+03    1.85923e+02    1.58368e+03
     Coulomb-14        LJ (SR)  Disper. corr.   Coulomb (SR)   Coul. recip.
    2.22046e+04    1.11309e+05   -3.89306e+03   -9.15649e+05    2.76208e+03
      Potential    Kinetic En.   Total Energy  Conserved En.    Temperature
   -7.72629e+05    1.40798e+05   -6.31832e+05   -6.32441e+05    3.03201e+02
 Pres. DC (bar) Pressure (bar)   Constr. rmsd
   -1.15720e+02    2.08096e+02    3.99350e-06

           Step           Time
         270000      540.00000

   Energies (kJ/mol)
           Bond          Angle    Proper Dih. Per. Imp. Dih.          LJ-14
    1.24530e+03    3.79889e+03    3.89487e+03    2.07994e+02    1.52612e+03
     Coulomb-14        LJ (SR)  Disper. corr.   Coulomb (SR)   Coul. recip.
    2.22107e+04    1.09473e+05   -3.89411e+03   -9.12767e+05    2.73639e+03
      Potential    Kinetic En.   Total Energy  Conserved En.    Temperature
   -7.71540e+05    1.39603e+05   -6.31937e+05   -6.32560e+05    3.00628e+02
 Pres. DC (bar) Pressure (bar)   Constr. rmsd
   -1.15782e+02    2.71347e+01    3.99350e-06

           Step           Time
         270500      541.00000

   Energies (kJ/mol)
           Bond          Angle    Proper Dih. Per. Imp. Dih.          LJ-14
    1.25346e+03    3.60976e+03    3.82319e+03    2.06374e+02    1.56794e+03
     Coulomb-14        LJ (SR)  Disper. corr.   Coulomb (SR)   Coul. recip.
    2.22587e+04    1.08994e+05   -3.88899e+03   -9.12946e+05    2.73324e+03
      Potential    Kinetic En.   Total Energy  Conserved En.    Temperature
   -7.72360e+05    1.40556e+05   -6.31804e+05   -6.32635e+05    3.02681e+02
 Pres. DC (bar) Pressure (bar)   Constr. rmsd
   -1.15478e+02   -4.33713e+01    3.99350e-06

           Step           Time
         271000      542.00000

   Energies (kJ/mol)
           Bond          Angle    Proper Dih. Per. Imp. Dih.          LJ-14
    1.26916e+03    3.68813e+03    3.83894e+03    2.03846e+02    1.52339e+03
     Coulomb-14        LJ (SR)  Disper. corr.   Coulomb (SR)   Coul. recip.
    2.22705e+04    1.08742e+05   -3.88861e+03   -9.12125e+05    2.77356e+03
      Potential    Kinetic En.   Total Energy  Conserved En.    Temperature
   -7.71688e+05    1.39312e+05   -6.32376e+05   -6.32553e+05    3.00001e+02
 Pres. DC (bar) Pressure (bar)   Constr. rmsd
   -1.15455e+02   -6.72631e+01    3.99350e-06

           Step           Time
         271500      543.00000

   Energies (kJ/mol)
           Bond          Angle    Proper Dih. Per. Imp. Dih.          LJ-14
    1.22464e+03    3.50470e+03    3.96282e+03    2.09968e+02    1.53894e+03
     Coulomb-14        LJ (SR)  Disper. corr.   Coulomb (SR)   Coul. recip.
    2.24239e+04    1.11272e+05   -3.89250e+03   -9.15636e+05    2.76787e+03
      Potential    Kinetic En.   Total Energy  Conserved En.    Temperature
   -7.72607e+05    1.40260e+05   -6.32347e+05   -6.32539e+05    3.02043e+02
 Pres. DC (bar) Pressure (bar)   Constr. rmsd
   -1.15687e+02    1.35620e+02    3.99350e-06

           Step           Time
         272000      544.00000

   Energies (kJ/mol)
           Bond          Angle    Proper Dih. Per. Imp. Dih.          LJ-14
    1.22674e+03    3.69084e+03    3.94192e+03    2.42942e+02    1.55510e+03
     Coulomb-14        LJ (SR)  Disper. corr.   Coulomb (SR)   Coul. recip.
    2.23102e+04    1.10684e+05   -3.88976e+03   -9.14638e+05    2.74980e+03
      Potential    Kinetic En.   Total Energy  Conserved En.    Temperature
   -7.72110e+05    1.40118e+05   -6.31992e+05   -6.32670e+05    3.01736e+02
 Pres. DC (bar) Pressure (bar)   Constr. rmsd
   -1.15524e+02    1.29349e+02    3.99350e-06

           Step           Time
         272500      545.00000

   Energies (kJ/mol)
           Bond          Angle    Proper Dih. Per. Imp. Dih.          LJ-14
    1.32480e+03    3.61401e+03    3.89075e+03    2.24460e+02    1.57526e+03
     Coulomb-14        LJ (SR)  Disper. corr.   Coulomb (SR)   Coul. recip.
    2.23517e+04    1.09920e+05   -3.88725e+03   -9.15478e+05    2.68256e+03
      Potential    Kinetic En.   Total Energy  Conserved En.    Temperature
   -7.73777e+05    1.40046e+05   -6.33731e+05   -6.32642e+05    3.01583e+02
 Pres. DC (bar) Pressure (bar)   Constr. rmsd
   -1.15375e+02   -6.74664e+00    3.99350e-06

           Step           Time
         273000      546.00000

   Energies (kJ/mol)
           Bond          Angle    Proper Dih. Per. Imp. Dih.          LJ-14
    1.34597e+03    3.73474e+03    3.90905e+03    2.30247e+02    1.54096e+03
     Coulomb-14        LJ (SR)  Disper. corr.   Coulomb (SR)   Coul. recip.
    2.22689e+04    1.08929e+05   -3.88689e+03   -9.12983e+05    2.69953e+03
      Potential    Kinetic En.   Total Energy  Conserved En.    Temperature
   -7.72182e+05    1.38914e+05   -6.33268e+05   -6.32570e+05    2.99144e+02
 Pres. DC (bar) Pressure (bar)   Constr. rmsd
   -1.15353e+02   -1.89600e+02    3.99350e-06

           Step           Time
         273500      547.00000

   Energies (kJ/mol)
           Bond          Angle    Proper Dih. Per. Imp. Dih.          LJ-14
    1.28501e+03    3.61034e+03    3.93952e+03    1.81900e+02    1.56488e+03
     Coulomb-14        LJ (SR)  Disper. corr.   Coulomb (SR)   Coul. recip.
    2.22570e+04    1.10541e+05   -3.88944e+03   -9.14939e+05    2.82445e+03
      Potential    Kinetic En.   Total Energy  Conserved En.    Temperature
   -7.72608e+05    1.39887e+05   -6.32721e+05   -6.32616e+05    3.01240e+02
 Pres. DC (bar) Pressure (bar)   Constr. rmsd
   -1.15505e+02    7.08539e+01    3.99350e-06

           Step           Time
         274000      548.00000

   Energies (kJ/mol)
           Bond          Angle    Proper Dih. Per. Imp. Dih.          LJ-14
    1.28028e+03    3.63143e+03    3.91185e+03    2.04281e+02    1.51953e+03
     Coulomb-14        LJ (SR)  Disper. corr.   Coulomb (SR)   Coul. recip.
    2.23647e+04    1.09399e+05   -3.89092e+03   -9.15320e+05    2.79279e+03
      Potential    Kinetic En.   Total Energy  Conserved En.    Temperature
   -7.74078e+05    1.39344e+05   -6.34733e+05   -6.32524e+05    3.00071e+02
 Pres. DC (bar) Pressure (bar)   Constr. rmsd
   -1.15593e+02   -1.24723e+02    3.99350e-06

           Step           Time
         274500      549.00000

   Energies (kJ/mol)
           Bond          Angle    Proper Dih. Per. Imp. Dih.          LJ-14
    1.24879e+03    3.56016e+03    3.94287e+03    1.87714e+02    1.54078e+03
     Coulomb-14        LJ (SR)  Disper. corr.   Coulomb (SR)   Coul. recip.
    2.23312e+04    1.09835e+05   -3.89464e+03   -9.15937e+05    2.78169e+03
      Potential    Kinetic En.   Total Energy  Conserved En.    Temperature
   -7.74387e+05    1.39333e+05   -6.35053e+05   -6.32445e+05    3.00047e+02
 Pres. DC (bar) Pressure (bar)   Constr. rmsd
   -1.15814e+02   -9.37747e+01    3.99350e-06

           Step           Time
         275000      550.00000

   Energies (kJ/mol)
           Bond          Angle    Proper Dih. Per. Imp. Dih.          LJ-14
    1.23429e+03    3.52034e+03    3.95032e+03    1.99182e+02    1.60516e+03
     Coulomb-14        LJ (SR)  Disper. corr.   Coulomb (SR)   Coul. recip.
    2.23184e+04    1.10830e+05   -3.89100e+03   -9.16618e+05    2.64088e+03
      Potential    Kinetic En.   Total Energy  Conserved En.    Temperature
   -7.74194e+05    1.39513e+05   -6.34681e+05   -6.32514e+05    3.00434e+02
 Pres. DC (bar) Pressure (bar)   Constr. rmsd
   -1.15597e+02   -1.44065e+00    3.99350e-06

           Step           Time
         275500      551.00000

   Energies (kJ/mol)
           Bond          Angle    Proper Dih. Per. Imp. Dih.          LJ-14
    1.19426e+03    3.58034e+03    3.83174e+03    2.42249e+02    1.61161e+03
     Coulomb-14        LJ (SR)  Disper. corr.   Coulomb (SR)   Coul. recip.
    2.22037e+04    1.10366e+05   -3.88848e+03   -9.16759e+05    2.79079e+03
      Potential    Kinetic En.   Total Energy  Conserved En.    Temperature
   -7.74810e+05    1.39611e+05   -6.35199e+05   -6.32696e+05    3.00645e+02
 Pres. DC (bar) Pressure (bar)   Constr. rmsd
   -1.15448e+02    2.34750e+01    3.99350e-06

           Step           Time
         276000      552.00000

   Energies (kJ/mol)
           Bond          Angle    Proper Dih. Per. Imp. Dih.          LJ-14
    1.10262e+03    3.70264e+03    3.89580e+03    2.22219e+02    1.56004e+03
     Coulomb-14        LJ (SR)  Disper. corr.   Coulomb (SR)   Coul. recip.
    2.23265e+04    1.10579e+05   -3.88403e+03   -9.16387e+05    2.68494e+03
      Potential    Kinetic En.   Total Energy  Conserved En.    Temperature
   -7.74179e+05    1.38685e+05   -6.35494e+05   -6.32653e+05    2.98652e+02
 Pres. DC (bar) Pressure (bar)   Constr. rmsd
   -1.15184e+02    6.19950e+01    3.99350e-06

           Step           Time
         276500      553.00000

   Energies (kJ/mol)
           Bond          Angle    Proper Dih. Per. Imp. Dih.          LJ-14
    1.16477e+03    3.73741e+03    3.88243e+03    1.98068e+02    1.57479e+03
     Coulomb-14        LJ (SR)  Disper. corr.   Coulomb (SR)   Coul. recip.
    2.22595e+04    1.11644e+05   -3.88506e+03   -9.18022e+05    2.76351e+03
      Potential    Kinetic En.   Total Energy  Conserved En.    Temperature
   -7.74664e+05    1.39906e+05   -6.34758e+05   -6.32737e+05    3.01280e+02
 Pres. DC (bar) Pressure (bar)   Constr. rmsd
   -1.15245e+02    1.02501e+02    3.99350e-06

           Step           Time
         277000      554.00000

   Energies (kJ/mol)
           Bond          Angle    Proper Dih. Per. Imp. Dih.          LJ-14
    1.27910e+03    3.55277e+03    3.92497e+03    1.95673e+02    1.50580e+03
     Coulomb-14        LJ (SR)  Disper. corr.   Coulomb (SR)   Coul. recip.
    2.22700e+04    1.10925e+05   -3.88766e+03   -9.16844e+05    2.70982e+03
      Potential    Kinetic En.   Total Energy  Conserved En.    Temperature
   -7.74338e+05    1.39241e+05   -6.35096e+05   -6.32505e+05    2.99850e+02
 Pres. DC (bar) Pressure (bar)   Constr. rmsd
   -1.15399e+02   -8.05737e+01    3.99350e-06

           Step           Time
         277500      555.00000

   Energies (kJ/mol)
           Bond          Angle    Proper Dih. Per. Imp. Dih.          LJ-14
    1.30729e+03    3.57002e+03    3.91232e+03    1.89044e+02    1.51999e+03
     Coulomb-14        LJ (SR)  Disper. corr.   Coulomb (SR)   Coul. recip.
    2.24141e+04    1.09442e+05   -3.89170e+03   -9.14406e+05    2.75005e+03
      Potential    Kinetic En.   Total Energy  Conserved En.    Temperature
   -7.73174e+05    1.38780e+05   -6.34394e+05   -6.32410e+05    2.98855e+02
 Pres. DC (bar) Pressure (bar)   Constr. rmsd
   -1.15639e+02   -1.38651e+02    3.99350e-06

           Step           Time
         278000      556.00000

   Energies (kJ/mol)
           Bond          Angle    Proper Dih. Per. Imp. Dih.          LJ-14
    1.36981e+03    3.55368e+03    4.02080e+03    2.14361e+02    1.54811e+03
     Coulomb-14        LJ (SR)  Disper. corr.   Coulomb (SR)   Coul. recip.
    2.23961e+04    1.10787e+05   -3.89106e+03   -9.15478e+05    2.77557e+03
      Potential    Kinetic En.   Total Energy  Conserved En.    Temperature
   -7.72673e+05    1.40154e+05   -6.32519e+05   -6.32473e+05    3.01816e+02
 Pres. DC (bar) Pressure (bar)   Constr. rmsd
   -1.15601e+02    1.05874e+02    3.99350e-06

           Step           Time
         278500      557.00000

   Energies (kJ/mol)
           Bond          Angle    Proper Dih. Per. Imp. Dih.          LJ-14
    1.14572e+03    3.47845e+03    3.91720e+03    2.30130e+02    1.58139e+03
     Coulomb-14        LJ (SR)  Disper. corr.   Coulomb (SR)   Coul. recip.
    2.24669e+04    1.09718e+05   -3.88584e+03   -9.14674e+05    2.73322e+03
      Potential    Kinetic En.   Total Energy  Conserved En.    Temperature
   -7.73269e+05    1.39966e+05   -6.33303e+05   -6.32585e+05    3.01411e+02
 Pres. DC (bar) Pressure (bar)   Constr. rmsd
   -1.15291e+02   -7.89092e+00    3.99350e-06

           Step           Time
         279000      558.00000

   Energies (kJ/mol)
           Bond          Angle    Proper Dih. Per. Imp. Dih.          LJ-14
    1.21038e+03    3.47696e+03    3.93611e+03    2.23680e+02    1.64273e+03
     Coulomb-14        LJ (SR)  Disper. corr.   Coulomb (SR)   Coul. recip.
    2.24585e+04    1.08163e+05   -3.88907e+03   -9.11644e+05    2.73251e+03
      Potential    Kinetic En.   Total Energy  Conserved En.    Temperature
   -7.71670e+05    1.39064e+05   -6.32606e+05   -6.32447e+05    2.99468e+02
 Pres. DC (bar) Pressure (bar)   Constr. rmsd
   -1.15483e+02   -1.14662e+02    3.99350e-06

           Step           Time
         279500      559.00000

   Energies (kJ/mol)
           Bond          Angle    Proper Dih. Per. Imp. Dih.          LJ-14
    1.18788e+03    3.68133e+03    3.86502e+03    1.87625e+02    1.57698e+03
     Coulomb-14        LJ (SR)  Disper. corr.   Coulomb (SR)   Coul. recip.
    2.23101e+04    1.11769e+05   -3.89134e+03   -9.16506e+05    2.82743e+03
      Potential    Kinetic En.   Total Energy  Conserved En.    Temperature
   -7.72961e+05    1.39936e+05   -6.33025e+05   -6.32501e+05    3.01345e+02
 Pres. DC (bar) Pressure (bar)   Constr. rmsd
   -1.15617e+02    1.76808e+02    3.99350e-06

           Step           Time
         280000      560.00000

   Energies (kJ/mol)
           Bond          Angle    Proper Dih. Per. Imp. Dih.          LJ-14
    1.28248e+03    3.62015e+03    3.96232e+03    2.19339e+02    1.65821e+03
     Coulomb-14        LJ (SR)  Disper. corr.   Coulomb (SR)   Coul. recip.
    2.22726e+04    1.10027e+05   -3.89301e+03   -9.14612e+05    2.72636e+03
      Potential    Kinetic En.   Total Energy  Conserved En.    Temperature
   -7.72717e+05    1.39954e+05   -6.32763e+05   -6.32402e+05    3.01384e+02
 Pres. DC (bar) Pressure (bar)   Constr. rmsd
   -1.15717e+02    1.24796e+02    3.99350e-06

           Step           Time
         280500      561.00000

   Energies (kJ/mol)
           Bond          Angle    Proper Dih. Per. Imp. Dih.          LJ-14
    1.36284e+03    3.59642e+03    3.86081e+03    1.93498e+02    1.57686e+03
     Coulomb-14        LJ (SR)  Disper. corr.   Coulomb (SR)   Coul. recip.
    2.22965e+04    1.10870e+05   -3.88681e+03   -9.15400e+05    2.78659e+03
      Potential    Kinetic En.   Total Energy  Conserved En.    Temperature
   -7.72724e+05    1.39655e+05   -6.33068e+05   -6.32562e+05    3.00741e+02
 Pres. DC (bar) Pressure (bar)   Constr. rmsd
   -1.15349e+02    7.29887e+01    3.99350e-06

           Step           Time
         281000      562.00000

   Energies (kJ/mol)
           Bond          Angle    Proper Dih. Per. Imp. Dih.          LJ-14
    1.30867e+03    3.52919e+03    3.89113e+03    1.61090e+02    1.52917e+03
     Coulomb-14        LJ (SR)  Disper. corr.   Coulomb (SR)   Coul. recip.
    2.21900e+04    1.11043e+05   -3.88455e+03   -9.16638e+05    2.71310e+03
      Potential    Kinetic En.   Total Energy  Conserved En.    Temperature
   -7.74138e+05    1.40562e+05   -6.33576e+05   -6.32646e+05    3.02693e+02
 Pres. DC (bar) Pressure (bar)   Constr. rmsd
   -1.15215e+02    6.09582e+01    3.99350e-06

           Step           Time
         281500      563.00000

   Energies (kJ/mol)
           Bond          Angle    Proper Dih. Per. Imp. Dih.          LJ-14
    1.18876e+03    3.63732e+03    3.89263e+03    1.97039e+02    1.58444e+03
     Coulomb-14        LJ (SR)  Disper. corr.   Coulomb (SR)   Coul. recip.
    2.22594e+04    1.10536e+05   -3.89111e+03   -9.15460e+05    2.84608e+03
      Potential    Kinetic En.   Total Energy  Conserved En.    Temperature
   -7.73178e+05    1.38744e+05   -6.34433e+05   -6.32430e+05    2.98779e+02
 Pres. DC (bar) Pressure (bar)   Constr. rmsd
   -1.15604e+02    9.52065e+01    3.99350e-06

           Step           Time
         282000      564.00000

   Energies (kJ/mol)
           Bond          Angle    Proper Dih. Per. Imp. Dih.          LJ-14
    1.26560e+03    3.55109e+03    3.88796e+03    1.86048e+02    1.56497e+03
     Coulomb-14        LJ (SR)  Disper. corr.   Coulomb (SR)   Coul. recip.
    2.24162e+04    1.09645e+05   -3.89621e+03   -9.14813e+05    2.77013e+03
      Potential    Kinetic En.   Total Energy  Conserved En.    Temperature
   -7.73390e+05    1.38971e+05   -6.34419e+05   -6.32346e+05    2.99268e+02
 Pres. DC (bar) Pressure (bar)   Constr. rmsd
   -1.15907e+02    2.73399e+01    3.99350e-06

           Step           Time
         282500      565.00000

   Energies (kJ/mol)
           Bond          Angle    Proper Dih. Per. Imp. Dih.          LJ-14
    1.20157e+03    3.57955e+03    3.93835e+03    1.96173e+02    1.55524e+03
     Coulomb-14        LJ (SR)  Disper. corr.   Coulomb (SR)   Coul. recip.
    2.23807e+04    1.11777e+05   -3.89686e+03   -9.17630e+05    2.73730e+03
      Potential    Kinetic En.   Total Energy  Conserved En.    Temperature
   -7.74128e+05    1.39958e+05   -6.34170e+05   -6.32322e+05    3.01393e+02
 Pres. DC (bar) Pressure (bar)   Constr. rmsd
   -1.15946e+02    1.23522e+02    3.99350e-06

           Step           Time
         283000      566.00000

   Energies (kJ/mol)
           Bond          Angle    Proper Dih. Per. Imp. Dih.          LJ-14
    1.13686e+03    3.62783e+03    3.82246e+03    2.23823e+02    1.59544e+03
     Coulomb-14        LJ (SR)  Disper. corr.   Coulomb (SR)   Coul. recip.
    2.22855e+04    1.09573e+05   -3.89691e+03   -9.14020e+05    2.71322e+03
      Potential    Kinetic En.   Total Energy  Conserved En.    Temperature
   -7.72906e+05    1.39215e+05   -6.33692e+05   -6.32259e+05    2.99792e+02
 Pres. DC (bar) Pressure (bar)   Constr. rmsd
   -1.15949e+02   -2.26839e+01    3.99350e-06

           Step           Time
         283500      567.00000

   Energies (kJ/mol)
           Bond          Angle    Proper Dih. Per. Imp. Dih.          LJ-14
    1.17782e+03    3.60263e+03    3.87670e+03    2.00833e+02    1.59727e+03
     Coulomb-14        LJ (SR)  Disper. corr.   Coulomb (SR)   Coul. recip.
    2.23608e+04    1.10957e+05   -3.89224e+03   -9.16723e+05    2.83071e+03
      Potential    Kinetic En.   Total Energy  Conserved En.    Temperature
   -7.73991e+05    1.40206e+05   -6.33785e+05   -6.32373e+05    3.01926e+02
 Pres. DC (bar) Pressure (bar)   Constr. rmsd
   -1.15671e+02    4.72474e+01    3.99350e-06

           Step           Time
         284000      568.00000

   Energies (kJ/mol)
           Bond          Angle    Proper Dih. Per. Imp. Dih.          LJ-14
    1.35616e+03    3.67914e+03    3.90890e+03    2.11441e+02    1.51122e+03
     Coulomb-14        LJ (SR)  Disper. corr.   Coulomb (SR)   Coul. recip.
    2.22125e+04    1.10039e+05   -3.88820e+03   -9.13897e+05    2.69315e+03
      Potential    Kinetic En.   Total Energy  Conserved En.    Temperature
   -7.72153e+05    1.38930e+05   -6.33223e+05   -6.32380e+05    2.99180e+02
 Pres. DC (bar) Pressure (bar)   Constr. rmsd
   -1.15431e+02   -4.61905e+01    3.99350e-06

           Step           Time
         284500      569.00000

   Energies (kJ/mol)
           Bond          Angle    Proper Dih. Per. Imp. Dih.          LJ-14
    1.26919e+03    3.74590e+03    3.93593e+03    2.13192e+02    1.62166e+03
     Coulomb-14        LJ (SR)  Disper. corr.   Coulomb (SR)   Coul. recip.
    2.22586e+04    1.09909e+05   -3.88905e+03   -9.14029e+05    2.67399e+03
      Potential    Kinetic En.   Total Energy  Conserved En.    Temperature
   -7.72269e+05    1.39756e+05   -6.32512e+05   -6.32494e+05    3.00958e+02
 Pres. DC (bar) Pressure (bar)   Constr. rmsd
   -1.15481e+02    2.66802e+01    3.99350e-06

           Step           Time
         285000      570.00000

   Energies (kJ/mol)
           Bond          Angle    Proper Dih. Per. Imp. Dih.          LJ-14
    1.37422e+03    3.75727e+03    3.87199e+03    2.25647e+02    1.52575e+03
     Coulomb-14        LJ (SR)  Disper. corr.   Coulomb (SR)   Coul. recip.
    2.22010e+04    1.09701e+05   -3.88818e+03   -9.13654e+05    2.72696e+03
      Potential    Kinetic En.   Total Energy  Conserved En.    Temperature
   -7.72137e+05    1.40056e+05   -6.32080e+05   -6.32482e+05    3.01605e+02
 Pres. DC (bar) Pressure (bar)   Constr. rmsd
   -1.15430e+02    2.16165e-01    3.99350e-06

           Step           Time
         285500      571.00000

   Energies (kJ/mol)
           Bond          Angle    Proper Dih. Per. Imp. Dih.          LJ-14
    1.38588e+03    3.56470e+03    3.91805e+03    1.77890e+02    1.53163e+03
     Coulomb-14        LJ (SR)  Disper. corr.   Coulomb (SR)   Coul. recip.
    2.22811e+04    1.11006e+05   -3.89237e+03   -9.15203e+05    2.70300e+03
      Potential    Kinetic En.   Total Energy  Conserved En.    Temperature
   -7.72505e+05    1.40316e+05   -6.32190e+05   -6.32481e+05    3.02163e+02
 Pres. DC (bar) Pressure (bar)   Constr. rmsd
   -1.15679e+02    6.77965e+01    3.99350e-06

           Step           Time
         286000      572.00000

   Energies (kJ/mol)
           Bond          Angle    Proper Dih. Per. Imp. Dih.          LJ-14
    1.32193e+03    3.61011e+03    3.83260e+03    1.73776e+02    1.54120e+03
     Coulomb-14        LJ (SR)  Disper. corr.   Coulomb (SR)   Coul. recip.
    2.23370e+04    1.10136e+05   -3.89466e+03   -9.15228e+05    2.72372e+03
      Potential    Kinetic En.   Total Energy  Conserved En.    Temperature
   -7.73424e+05    1.40214e+05   -6.33209e+05   -6.32287e+05    3.01945e+02
 Pres. DC (bar) Pressure (bar)   Constr. rmsd
   -1.15815e+02    6.53138e+01    3.99350e-06

           Step           Time
         286500      573.00000

   Energies (kJ/mol)
           Bond          Angle    Proper Dih. Per. Imp. Dih.          LJ-14
    1.14536e+03    3.58707e+03    3.94752e+03    2.35289e+02    1.59748e+03
     Coulomb-14        LJ (SR)  Disper. corr.   Coulomb (SR)   Coul. recip.
    2.21927e+04    1.10059e+05   -3.89129e+03   -9.16272e+05    2.72148e+03
      Potential    Kinetic En.   Total Energy  Conserved En.    Temperature
   -7.74643e+05    1.39312e+05   -6.35331e+05   -6.32341e+05    3.00001e+02
 Pres. DC (bar) Pressure (bar)   Constr. rmsd
   -1.15615e+02   -5.22762e+01    3.99350e-06

           Step           Time
         287000      574.00000

   Energies (kJ/mol)
           Bond          Angle    Proper Dih. Per. Imp. Dih.          LJ-14
    1.24239e+03    3.65665e+03    3.99433e+03    1.70893e+02    1.58757e+03
     Coulomb-14        LJ (SR)  Disper. corr.   Coulomb (SR)   Coul. recip.
    2.23020e+04    1.10715e+05   -3.89411e+03   -9.15943e+05    2.81168e+03
      Potential    Kinetic En.   Total Energy  Conserved En.    Temperature
   -7.73334e+05    1.38645e+05   -6.34689e+05   -6.32385e+05    2.98565e+02
 Pres. DC (bar) Pressure (bar)   Constr. rmsd
   -1.15782e+02    7.32432e+01    3.99350e-06

           Step           Time
         287500      575.00000

   Energies (kJ/mol)
           Bond          Angle    Proper Dih. Per. Imp. Dih.          LJ-14
    1.31091e+03    3.56991e+03    3.97580e+03    2.19740e+02    1.56302e+03
     Coulomb-14        LJ (SR)  Disper. corr.   Coulomb (SR)   Coul. recip.
    2.22776e+04    1.11470e+05   -3.88860e+03   -9.17490e+05    2.74237e+03
      Potential    Kinetic En.   Total Energy  Conserved En.    Temperature
   -7.74226e+05    1.39001e+05   -6.35226e+05   -6.32454e+05    2.99331e+02
 Pres. DC (bar) Pressure (bar)   Constr. rmsd
   -1.15455e+02    5.94915e+01    3.99350e-06

           Step           Time
         288000      576.00000

   Energies (kJ/mol)
           Bond          Angle    Proper Dih. Per. Imp. Dih.          LJ-14
    1.28686e+03    3.64265e+03    3.98406e+03    2.26160e+02    1.56406e+03
     Coulomb-14        LJ (SR)  Disper. corr.   Coulomb (SR)   Coul. recip.
    2.23499e+04    1.10346e+05   -3.88855e+03   -9.16428e+05    2.74076e+03
      Potential    Kinetic En.   Total Energy  Conserved En.    Temperature
   -7.74153e+05    1.39639e+05   -6.34514e+05   -6.32431e+05    3.00705e+02
 Pres. DC (bar) Pressure (bar)   Constr. rmsd
   -1.15452e+02    4.80785e+01    3.99350e-06

           Step           Time
         288500      577.00000

   Energies (kJ/mol)
           Bond          Angle    Proper Dih. Per. Imp. Dih.          LJ-14
    1.21645e+03    3.58009e+03    3.99670e+03    2.44302e+02    1.58240e+03
     Coulomb-14        LJ (SR)  Disper. corr.   Coulomb (SR)   Coul. recip.
    2.24244e+04    1.09517e+05   -3.88899e+03   -9.15231e+05    2.72417e+03
      Potential    Kinetic En.   Total Energy  Conserved En.    Temperature
   -7.73811e+05    1.38548e+05   -6.35264e+05   -6.32375e+05    2.98355e+02
 Pres. DC (bar) Pressure (bar)   Constr. rmsd
   -1.15478e+02    1.28645e+01    3.99350e-06

           Step           Time
         289000      578.00000

   Energies (kJ/mol)
           Bond          Angle    Proper Dih. Per. Imp. Dih.          LJ-14
    1.21395e+03    3.57732e+03    3.93783e+03    2.27550e+02    1.61602e+03
     Coulomb-14        LJ (SR)  Disper. corr.   Coulomb (SR)   Coul. recip.
    2.22902e+04    1.09328e+05   -3.89479e+03   -9.14344e+05    2.76128e+03
      Potential    Kinetic En.   Total Energy  Conserved En.    Temperature
   -7.73277e+05    1.38910e+05   -6.34367e+05   -6.32270e+05    2.99137e+02
 Pres. DC (bar) Pressure (bar)   Constr. rmsd
   -1.15823e+02    7.07769e+01    3.99350e-06

           Step           Time
         289500      579.00000

   Energies (kJ/mol)
           Bond          Angle    Proper Dih. Per. Imp. Dih.          LJ-14
    1.23752e+03    3.64880e+03    3.96981e+03    2.04024e+02    1.52018e+03
     Coulomb-14        LJ (SR)  Disper. corr.   Coulomb (SR)   Coul. recip.
    2.22625e+04    1.10341e+05   -3.89651e+03   -9.16215e+05    2.64585e+03
      Potential    Kinetic En.   Total Energy  Conserved En.    Temperature
   -7.74258e+05    1.40040e+05   -6.34218e+05   -6.32165e+05    3.01569e+02
 Pres. DC (bar) Pressure (bar)   Constr. rmsd
   -1.15925e+02    7.66235e+01    3.99350e-06

           Step           Time
         290000      580.00000

   Energies (kJ/mol)
           Bond          Angle    Proper Dih. Per. Imp. Dih.          LJ-14
    1.32157e+03    3.60421e+03    3.89878e+03    2.30501e+02    1.54099e+03
     Coulomb-14        LJ (SR)  Disper. corr.   Coulomb (SR)   Coul. recip.
    2.21742e+04    1.11756e+05   -3.89402e+03   -9.17205e+05    2.70640e+03
      Potential    Kinetic En.   Total Energy  Conserved En.    Temperature
   -7.73843e+05    1.38827e+05   -6.35016e+05   -6.32292e+05    2.98957e+02
 Pres. DC (bar) Pressure (bar)   Constr. rmsd
   -1.15777e+02    6.68658e+01    3.99350e-06

           Step           Time
         290500      581.00000

   Energies (kJ/mol)
           Bond          Angle    Proper Dih. Per. Imp. Dih.          LJ-14
    1.12294e+03    3.51772e+03    3.86325e+03    2.12879e+02    1.59782e+03
     Coulomb-14        LJ (SR)  Disper. corr.   Coulomb (SR)   Coul. recip.
    2.24389e+04    1.11466e+05   -3.89190e+03   -9.17665e+05    2.65914e+03
      Potential    Kinetic En.   Total Energy  Conserved En.    Temperature
   -7.74654e+05    1.37714e+05   -6.36941e+05   -6.32320e+05    2.96560e+02
 Pres. DC (bar) Pressure (bar)   Constr. rmsd
   -1.15651e+02    1.02015e+02    3.99350e-06

           Step           Time
         291000      582.00000

   Energies (kJ/mol)
           Bond          Angle    Proper Dih. Per. Imp. Dih.          LJ-14
    1.23394e+03    3.60483e+03    3.82022e+03    1.94376e+02    1.55230e+03
     Coulomb-14        LJ (SR)  Disper. corr.   Coulomb (SR)   Coul. recip.
    2.24174e+04    1.11384e+05   -3.89347e+03   -9.17611e+05    2.76651e+03
      Potential    Kinetic En.   Total Energy  Conserved En.    Temperature
   -7.74530e+05    1.39077e+05   -6.35452e+05   -6.32382e+05    2.99496e+02
 Pres. DC (bar) Pressure (bar)   Constr. rmsd
   -1.15744e+02    1.09437e+02    3.99350e-06

           Step           Time
         291500      583.00000

   Energies (kJ/mol)
           Bond          Angle    Proper Dih. Per. Imp. Dih.          LJ-14
    1.21443e+03    3.51147e+03    3.93189e+03    2.13584e+02    1.56665e+03
     Coulomb-14        LJ (SR)  Disper. corr.   Coulomb (SR)   Coul. recip.
    2.23610e+04    1.10157e+05   -3.90502e+03   -9.15841e+05    2.72637e+03
      Potential    Kinetic En.   Total Energy  Conserved En.    Temperature
   -7.74053e+05    1.38622e+05   -6.35431e+05   -6.32077e+05    2.98516e+02
 Pres. DC (bar) Pressure (bar)   Constr. rmsd
   -1.16431e+02    1.64339e+01    3.99350e-06

           Step           Time
         292000      584.00000

   Energies (kJ/mol)
           Bond          Angle    Proper Dih. Per. Imp. Dih.          LJ-14
    1.24107e+03    3.58492e+03    3.97053e+03    2.13124e+02    1.54562e+03
     Coulomb-14        LJ (SR)  Disper. corr.   Coulomb (SR)   Coul. recip.
    2.24116e+04    1.08611e+05   -3.90233e+03   -9.14196e+05    2.69067e+03
      Potential    Kinetic En.   Total Energy  Conserved En.    Temperature
   -7.73804e+05    1.38477e+05   -6.35327e+05   -6.32076e+05    2.98204e+02
 Pres. DC (bar) Pressure (bar)   Constr. rmsd
   -1.16271e+02   -1.33296e+02    3.99350e-06

           Step           Time
         292500      585.00000

   Energies (kJ/mol)
           Bond          Angle    Proper Dih. Per. Imp. Dih.          LJ-14
    1.30472e+03    3.60291e+03    3.99976e+03    2.10089e+02    1.63032e+03
     Coulomb-14        LJ (SR)  Disper. corr.   Coulomb (SR)   Coul. recip.
    2.22419e+04    1.10420e+05   -3.90124e+03   -9.17021e+05    2.68151e+03
      Potential    Kinetic En.   Total Energy  Conserved En.    Temperature
   -7.74806e+05    1.39481e+05   -6.35326e+05   -6.32070e+05    3.00364e+02
 Pres. DC (bar) Pressure (bar)   Constr. rmsd
   -1.16206e+02    9.05070e+01    3.99350e-06

           Step           Time
         293000      586.00000

   Energies (kJ/mol)
           Bond          Angle    Proper Dih. Per. Imp. Dih.          LJ-14
    1.28590e+03    3.55570e+03    3.97000e+03    1.87777e+02    1.53027e+03
     Coulomb-14        LJ (SR)  Disper. corr.   Coulomb (SR)   Coul. recip.
    2.23143e+04    1.09460e+05   -3.90082e+03   -9.16608e+05    2.68454e+03
      Potential    Kinetic En.   Total Energy  Conserved En.    Temperature
   -7.75495e+05    1.39093e+05   -6.36402e+05   -6.32127e+05    2.99530e+02
 Pres. DC (bar) Pressure (bar)   Constr. rmsd
   -1.16181e+02   -1.07074e+02    3.99350e-06

           Step           Time
         293500      587.00000

   Energies (kJ/mol)
           Bond          Angle    Proper Dih. Per. Imp. Dih.          LJ-14
    1.29052e+03    3.54889e+03    3.97460e+03    2.26055e+02    1.62785e+03
     Coulomb-14        LJ (SR)  Disper. corr.   Coulomb (SR)   Coul. recip.
    2.23361e+04    1.11075e+05   -3.89809e+03   -9.18021e+05    2.75962e+03
      Potential    Kinetic En.   Total Energy  Conserved En.    Temperature
   -7.75070e+05    1.38781e+05   -6.36289e+05   -6.32159e+05    2.98857e+02
 Pres. DC (bar) Pressure (bar)   Constr. rmsd
   -1.16019e+02    4.92969e+01    3.99350e-06

           Step           Time
         294000      588.00000

   Energies (kJ/mol)
           Bond          Angle    Proper Dih. Per. Imp. Dih.          LJ-14
    1.28831e+03    3.54739e+03    3.96153e+03    2.05771e+02    1.62762e+03
     Coulomb-14        LJ (SR)  Disper. corr.   Coulomb (SR)   Coul. recip.
    2.22411e+04    1.10824e+05   -3.89549e+03   -9.16255e+05    2.73681e+03
      Potential    Kinetic En.   Total Energy  Conserved En.    Temperature
   -7.73707e+05    1.38485e+05   -6.35221e+05   -6.32248e+05    2.98221e+02
 Pres. DC (bar) Pressure (bar)   Constr. rmsd
   -1.15864e+02    1.12173e+02    3.99350e-06

           Step           Time
         294500      589.00000

   Energies (kJ/mol)
           Bond          Angle    Proper Dih. Per. Imp. Dih.          LJ-14
    1.21471e+03    3.52158e+03    3.90534e+03    2.02505e+02    1.62819e+03
     Coulomb-14        LJ (SR)  Disper. corr.   Coulomb (SR)   Coul. recip.
    2.22530e+04    1.10982e+05   -3.88876e+03   -9.15666e+05    2.83724e+03
      Potential    Kinetic En.   Total Energy  Conserved En.    Temperature
   -7.72984e+05    1.39643e+05   -6.33340e+05   -6.32417e+05    3.00715e+02
 Pres. DC (bar) Pressure (bar)   Constr. rmsd
   -1.15464e+02    1.03358e+02    3.99350e-06

           Step           Time
         295000      590.00000

   Energies (kJ/mol)
           Bond          Angle    Proper Dih. Per. Imp. Dih.          LJ-14
    1.23368e+03    3.52548e+03    3.92223e+03    2.10102e+02    1.56944e+03
     Coulomb-14        LJ (SR)  Disper. corr.   Coulomb (SR)   Coul. recip.
    2.22534e+04    1.10232e+05   -3.88333e+03   -9.15450e+05    2.77931e+03
      Potential    Kinetic En.   Total Energy  Conserved En.    Temperature
   -7.73582e+05    1.39830e+05   -6.33752e+05   -6.32531e+05    3.01116e+02
 Pres. DC (bar) Pressure (bar)   Constr. rmsd
   -1.15142e+02    7.18435e+00    3.99350e-06

           Step           Time
         295500      591.00000

   Energies (kJ/mol)
           Bond          Angle    Proper Dih. Per. Imp. Dih.          LJ-14
    1.25682e+03    3.63580e+03    3.92039e+03    1.72976e+02    1.57417e+03
     Coulomb-14        LJ (SR)  Disper. corr.   Coulomb (SR)   Coul. recip.
    2.24743e+04    1.10058e+05   -3.88834e+03   -9.14284e+05    2.78178e+03
      Potential    Kinetic En.   Total Energy  Conserved En.    Temperature
   -7.72272e+05    1.39072e+05   -6.33199e+05   -6.32310e+05    2.99486e+02
 Pres. DC (bar) Pressure (bar)   Constr. rmsd
   -1.15440e+02    1.44183e+01    3.99350e-06

           Step           Time
         296000      592.00000

   Energies (kJ/mol)
           Bond          Angle    Proper Dih. Per. Imp. Dih.          LJ-14
    1.25280e+03    3.48394e+03    3.93260e+03    2.05679e+02    1.53321e+03
     Coulomb-14        LJ (SR)  Disper. corr.   Coulomb (SR)   Coul. recip.
    2.22720e+04    1.10283e+05   -3.88786e+03   -9.15742e+05    2.73031e+03
      Potential    Kinetic En.   Total Energy  Conserved En.    Temperature
   -7.73900e+05    1.40115e+05   -6.33785e+05   -6.32341e+05    3.01732e+02
 Pres. DC (bar) Pressure (bar)   Constr. rmsd
   -1.15411e+02   -7.19998e+01    3.99350e-06

           Step           Time
         296500      593.00000

   Energies (kJ/mol)
           Bond          Angle    Proper Dih. Per. Imp. Dih.          LJ-14
    1.32104e+03    3.68784e+03    3.98236e+03    1.70804e+02    1.54155e+03
     Coulomb-14        LJ (SR)  Disper. corr.   Coulomb (SR)   Coul. recip.
    2.24357e+04    1.10457e+05   -3.89134e+03   -9.15998e+05    2.82658e+03
      Potential    Kinetic En.   Total Energy  Conserved En.    Temperature
   -7.73431e+05    1.39588e+05   -6.33843e+05   -6.32271e+05    3.00596e+02
 Pres. DC (bar) Pressure (bar)   Constr. rmsd
   -1.15618e+02   -2.23766e+01    3.99350e-06

           Step           Time
         297000      594.00000

   Energies (kJ/mol)
           Bond          Angle    Proper Dih. Per. Imp. Dih.          LJ-14
    1.22552e+03    3.59556e+03    3.97139e+03    2.00912e+02    1.57128e+03
     Coulomb-14        LJ (SR)  Disper. corr.   Coulomb (SR)   Coul. recip.
    2.23985e+04    1.11384e+05   -3.88630e+03   -9.16183e+05    2.84224e+03
      Potential    Kinetic En.   Total Energy  Conserved En.    Temperature
   -7.72843e+05    1.38726e+05   -6.34116e+05   -6.32424e+05    2.98740e+02
 Pres. DC (bar) Pressure (bar)   Constr. rmsd
   -1.15319e+02    9.95251e+01    3.99350e-06

           Step           Time
         297500      595.00000

   Energies (kJ/mol)
           Bond          Angle    Proper Dih. Per. Imp. Dih.          LJ-14
    1.23418e+03    3.47562e+03    3.87540e+03    2.14020e+02    1.55628e+03
     Coulomb-14        LJ (SR)  Disper. corr.   Coulomb (SR)   Coul. recip.
    2.23434e+04    1.09715e+05   -3.88240e+03   -9.15211e+05    2.68383e+03
      Potential    Kinetic En.   Total Energy  Conserved En.    Temperature
   -7.73961e+05    1.39464e+05   -6.34496e+05   -6.32553e+05    3.00329e+02
 Pres. DC (bar) Pressure (bar)   Constr. rmsd
   -1.15087e+02   -6.24893e+01    3.99350e-06

           Step           Time
         298000      596.00000

   Energies (kJ/mol)
           Bond          Angle    Proper Dih. Per. Imp. Dih.          LJ-14
    1.30436e+03    3.53132e+03    3.91691e+03    2.17100e+02    1.48624e+03
     Coulomb-14        LJ (SR)  Disper. corr.   Coulomb (SR)   Coul. recip.
    2.21736e+04    1.09827e+05   -3.88269e+03   -9.14664e+05    2.75157e+03
      Potential    Kinetic En.   Total Energy  Conserved En.    Temperature
   -7.73304e+05    1.39917e+05   -6.33387e+05   -6.32534e+05    3.01304e+02
 Pres. DC (bar) Pressure (bar)   Constr. rmsd
   -1.15104e+02   -6.43297e+01    3.99350e-06

           Step           Time
         298500      597.00000

   Energies (kJ/mol)
           Bond          Angle    Proper Dih. Per. Imp. Dih.          LJ-14
    1.29536e+03    3.50459e+03    3.93390e+03    2.24702e+02    1.57185e+03
     Coulomb-14        LJ (SR)  Disper. corr.   Coulomb (SR)   Coul. recip.
    2.24564e+04    1.09932e+05   -3.88593e+03   -9.15405e+05    2.74418e+03
      Potential    Kinetic En.   Total Energy  Conserved En.    Temperature
   -7.73593e+05    1.39715e+05   -6.33878e+05   -6.32436e+05    3.00870e+02
 Pres. DC (bar) Pressure (bar)   Constr. rmsd
   -1.15297e+02   -7.39447e+00    3.99350e-06

           Step           Time
         299000      598.00000

   Energies (kJ/mol)
           Bond          Angle    Proper Dih. Per. Imp. Dih.          LJ-14
    1.22354e+03    3.56485e+03    3.86587e+03    1.95853e+02    1.61301e+03
     Coulomb-14        LJ (SR)  Disper. corr.   Coulomb (SR)   Coul. recip.
    2.22234e+04    1.09977e+05   -3.87747e+03   -9.14654e+05    2.70977e+03
      Potential    Kinetic En.   Total Energy  Conserved En.    Temperature
   -7.73122e+05    1.39099e+05   -6.34024e+05   -6.32585e+05    2.99543e+02
 Pres. DC (bar) Pressure (bar)   Constr. rmsd
   -1.14795e+02   -5.06375e+01    3.99350e-06

           Step           Time
         299500      599.00000

   Energies (kJ/mol)
           Bond          Angle    Proper Dih. Per. Imp. Dih.          LJ-14
    1.33603e+03    3.46566e+03    3.91544e+03    1.92363e+02    1.52169e+03
     Coulomb-14        LJ (SR)  Disper. corr.   Coulomb (SR)   Coul. recip.
    2.22743e+04    1.09704e+05   -3.87835e+03   -9.14558e+05    2.70910e+03
      Potential    Kinetic En.   Total Energy  Conserved En.    Temperature
   -7.73282e+05    1.38499e+05   -6.34783e+05   -6.32566e+05    2.98251e+02
 Pres. DC (bar) Pressure (bar)   Constr. rmsd
   -1.14848e+02   -1.05455e+02    3.99350e-06

           Step           Time
         300000      600.00000

   Energies (kJ/mol)
           Bond          Angle    Proper Dih. Per. Imp. Dih.          LJ-14
    1.22807e+03    3.52661e+03    3.84442e+03    1.88548e+02    1.56461e+03
     Coulomb-14        LJ (SR)  Disper. corr.   Coulomb (SR)   Coul. recip.
    2.23277e+04    1.09178e+05   -3.88212e+03   -9.13947e+05    2.85782e+03
      Potential    Kinetic En.   Total Energy  Conserved En.    Temperature
   -7.73075e+05    1.39674e+05   -6.33401e+05   -6.32376e+05    3.00781e+02
 Pres. DC (bar) Pressure (bar)   Constr. rmsd
   -1.15071e+02   -1.01125e+02    3.99350e-06

           Step           Time
         300500      601.00000

   Energies (kJ/mol)
           Bond          Angle    Proper Dih. Per. Imp. Dih.          LJ-14
    1.22925e+03    3.44385e+03    3.94421e+03    2.12731e+02    1.59743e+03
     Coulomb-14        LJ (SR)  Disper. corr.   Coulomb (SR)   Coul. recip.
    2.25191e+04    1.09706e+05   -3.89515e+03   -9.15858e+05    2.74802e+03
      Potential    Kinetic En.   Total Energy  Conserved En.    Temperature
   -7.74314e+05    1.40822e+05   -6.33492e+05   -6.32195e+05    3.03253e+02
 Pres. DC (bar) Pressure (bar)   Constr. rmsd
   -1.15844e+02   -6.70797e+01    3.99350e-06

           Step           Time
         301000      602.00000

   Energies (kJ/mol)
           Bond          Angle    Proper Dih. Per. Imp. Dih.          LJ-14
    1.22039e+03    3.72384e+03    3.91349e+03    2.16341e+02    1.56447e+03
     Coulomb-14        LJ (SR)  Disper. corr.   Coulomb (SR)   Coul. recip.
    2.23168e+04    1.09275e+05   -3.88879e+03   -9.14368e+05    2.80450e+03
      Potential    Kinetic En.   Total Energy  Conserved En.    Temperature
   -7.73194e+05    1.40047e+05   -6.33147e+05   -6.32294e+05    3.01584e+02
 Pres. DC (bar) Pressure (bar)   Constr. rmsd
   -1.15466e+02   -6.11146e+01    3.99350e-06

           Step           Time
         301500      603.00000

   Energies (kJ/mol)
           Bond          Angle    Proper Dih. Per. Imp. Dih.          LJ-14
    1.19162e+03    3.67062e+03    4.04292e+03    2.19366e+02    1.55762e+03
     Coulomb-14        LJ (SR)  Disper. corr.   Coulomb (SR)   Coul. recip.
    2.24188e+04    1.08886e+05   -3.89271e+03   -9.13911e+05    2.71452e+03
      Potential    Kinetic En.   Total Energy  Conserved En.    Temperature
   -7.73090e+05    1.39084e+05   -6.34006e+05   -6.32194e+05    2.99510e+02
 Pres. DC (bar) Pressure (bar)   Constr. rmsd
   -1.15699e+02   -1.03128e+02    3.99350e-06

           Step           Time
         302000      604.00000

   Energies (kJ/mol)
           Bond          Angle    Proper Dih. Per. Imp. Dih.          LJ-14
    1.17548e+03    3.61098e+03    3.99015e+03    2.24176e+02    1.62510e+03
     Coulomb-14        LJ (SR)  Disper. corr.   Coulomb (SR)   Coul. recip.
    2.23479e+04    1.10409e+05   -3.89008e+03   -9.15314e+05    2.70635e+03
      Potential    Kinetic En.   Total Energy  Conserved En.    Temperature
   -7.73087e+05    1.39865e+05   -6.33222e+05   -6.32367e+05    3.01193e+02
 Pres. DC (bar) Pressure (bar)   Constr. rmsd
   -1.15543e+02    1.20617e+02    3.99350e-06

           Step           Time
         302500      605.00000

   Energies (kJ/mol)
           Bond          Angle    Proper Dih. Per. Imp. Dih.          LJ-14
    1.25189e+03    3.47584e+03    3.94135e+03    1.99613e+02    1.52439e+03
     Coulomb-14        LJ (SR)  Disper. corr.   Coulomb (SR)   Coul. recip.
    2.22939e+04    1.11429e+05   -3.88864e+03   -9.16996e+05    2.68409e+03
      Potential    Kinetic En.   Total Energy  Conserved En.    Temperature
   -7.74056e+05    1.39944e+05   -6.34112e+05   -6.32316e+05    3.01363e+02
 Pres. DC (bar) Pressure (bar)   Constr. rmsd
   -1.15457e+02    6.32820e+01    3.99350e-06

           Step           Time
         303000      606.00000

   Energies (kJ/mol)
           Bond          Angle    Proper Dih. Per. Imp. Dih.          LJ-14
    1.28244e+03    3.58570e+03    3.95401e+03    2.34870e+02    1.59581e+03
     Coulomb-14        LJ (SR)  Disper. corr.   Coulomb (SR)   Coul. recip.
    2.23392e+04    1.09853e+05   -3.88377e+03   -9.14420e+05    2.79704e+03
      Potential    Kinetic En.   Total Energy  Conserved En.    Temperature
   -7.72633e+05    1.39548e+05   -6.33086e+05   -6.32454e+05    3.00509e+02
 Pres. DC (bar) Pressure (bar)   Constr. rmsd
   -1.15169e+02   -2.86791e+01    3.99350e-06

           Step           Time
         303500      607.00000

   Energies (kJ/mol)
           Bond          Angle    Proper Dih. Per. Imp. Dih.          LJ-14
    1.30073e+03    3.40904e+03    3.89286e+03    1.99239e+02    1.48565e+03
     Coulomb-14        LJ (SR)  Disper. corr.   Coulomb (SR)   Coul. recip.
    2.23064e+04    1.09451e+05   -3.88304e+03   -9.14418e+05    2.71344e+03
      Potential    Kinetic En.   Total Energy  Conserved En.    Temperature
   -7.73514e+05    1.39650e+05   -6.33865e+05   -6.32455e+05    3.00728e+02
 Pres. DC (bar) Pressure (bar)   Constr. rmsd
   -1.15125e+02   -1.13286e+02    3.99350e-06

           Step           Time
         304000      608.00000

   Energies (kJ/mol)
           Bond          Angle    Proper Dih. Per. Imp. Dih.          LJ-14
    1.16496e+03    3.60474e+03    3.95616e+03    2.32932e+02    1.50131e+03
     Coulomb-14        LJ (SR)  Disper. corr.   Coulomb (SR)   Coul. recip.
    2.24211e+04    1.09279e+05   -3.88756e+03   -9.13868e+05    2.78036e+03
      Potential    Kinetic En.   Total Energy  Conserved En.    Temperature
   -7.72803e+05    1.39860e+05   -6.32943e+05   -6.32368e+05    3.01182e+02
 Pres. DC (bar) Pressure (bar)   Constr. rmsd
   -1.15393e+02   -6.75803e+01    3.99350e-06

           Step           Time
         304500      609.00000

   Energies (kJ/mol)
           Bond          Angle    Proper Dih. Per. Imp. Dih.          LJ-14
    1.19640e+03    3.60295e+03    3.88646e+03    1.99660e+02    1.60192e+03
     Coulomb-14        LJ (SR)  Disper. corr.   Coulomb (SR)   Coul. recip.
    2.23311e+04    1.09493e+05   -3.88825e+03   -9.13884e+05    2.67530e+03
      Potential    Kinetic En.   Total Energy  Conserved En.    Temperature
   -7.72773e+05    1.39450e+05   -6.33323e+05   -6.32311e+05    3.00299e+02
 Pres. DC (bar) Pressure (bar)   Constr. rmsd
   -1.15434e+02   -6.75571e+00    3.99350e-06

           Step           Time
         305000      610.00000

   Energies (kJ/mol)
           Bond          Angle    Proper Dih. Per. Imp. Dih.          LJ-14
    1.29086e+03    3.57352e+03    3.88278e+03    2.05416e+02    1.56505e+03
     Coulomb-14        LJ (SR)  Disper. corr.   Coulomb (SR)   Coul. recip.
    2.22881e+04    1.10073e+05   -3.88530e+03   -9.14818e+05    2.77192e+03
      Potential    Kinetic En.   Total Energy  Conserved En.    Temperature
   -7.73040e+05    1.39759e+05   -6.33281e+05   -6.32289e+05    3.00965e+02
 Pres. DC (bar) Pressure (bar)   Constr. rmsd
   -1.15259e+02   -2.73985e+01    3.99350e-06

           Step           Time
         305500      611.00000

   Energies (kJ/mol)
           Bond          Angle    Proper Dih. Per. Imp. Dih.          LJ-14
    1.26161e+03    3.49423e+03    3.97479e+03    2.07427e+02    1.60456e+03
     Coulomb-14        LJ (SR)  Disper. corr.   Coulomb (SR)   Coul. recip.
    2.23264e+04    1.10086e+05   -3.88143e+03   -9.14144e+05    2.72303e+03
      Potential    Kinetic En.   Total Energy  Conserved En.    Temperature
   -7.72318e+05    1.39242e+05   -6.33076e+05   -6.32506e+05    2.99851e+02
 Pres. DC (bar) Pressure (bar)   Constr. rmsd
   -1.15030e+02    4.29926e+01    3.99350e-06

           Step           Time
         306000      612.00000

   Energies (kJ/mol)
           Bond          Angle    Proper Dih. Per. Imp. Dih.          LJ-14
    1.31887e+03    3.57034e+03    3.85873e+03    2.08561e+02    1.59008e+03
     Coulomb-14        LJ (SR)  Disper. corr.   Coulomb (SR)   Coul. recip.
    2.23027e+04    1.10758e+05   -3.88411e+03   -9.15382e+05    2.81263e+03
      Potential    Kinetic En.   Total Energy  Conserved En.    Temperature
   -7.72833e+05    1.40199e+05   -6.32634e+05   -6.32363e+05    3.01911e+02
 Pres. DC (bar) Pressure (bar)   Constr. rmsd
   -1.15189e+02    3.10475e+01    3.99350e-06

           Step           Time
         306500      613.00000

   Energies (kJ/mol)
           Bond          Angle    Proper Dih. Per. Imp. Dih.          LJ-14
    1.28716e+03    3.62010e+03    3.84866e+03    2.23443e+02    1.58104e+03
     Coulomb-14        LJ (SR)  Disper. corr.   Coulomb (SR)   Coul. recip.
    2.22769e+04    1.09927e+05   -3.88867e+03   -9.14607e+05    2.75894e+03
      Potential    Kinetic En.   Total Energy  Conserved En.    Temperature
   -7.72959e+05    1.39939e+05   -6.33020e+05   -6.32331e+05    3.01352e+02
 Pres. DC (bar) Pressure (bar)   Constr. rmsd
   -1.15459e+02   -5.56607e+00    3.99350e-06

           Step           Time
         307000      614.00000

   Energies (kJ/mol)
           Bond          Angle    Proper Dih. Per. Imp. Dih.          LJ-14
    1.28184e+03    3.59875e+03    4.00713e+03    2.09894e+02    1.57134e+03
     Coulomb-14        LJ (SR)  Disper. corr.   Coulomb (SR)   Coul. recip.
    2.23973e+04    1.10391e+05   -3.88980e+03   -9.15762e+05    2.72342e+03
      Potential    Kinetic En.   Total Energy  Conserved En.    Temperature
   -7.73457e+05    1.39502e+05   -6.33955e+05   -6.32225e+05    3.00411e+02
 Pres. DC (bar) Pressure (bar)   Constr. rmsd
   -1.15526e+02    1.20782e+01    3.99350e-06

           Step           Time
         307500      615.00000

   Energies (kJ/mol)
           Bond          Angle    Proper Dih. Per. Imp. Dih.          LJ-14
    1.13412e+03    3.55413e+03    3.86365e+03    2.26724e+02    1.62338e+03
     Coulomb-14        LJ (SR)  Disper. corr.   Coulomb (SR)   Coul. recip.
    2.25087e+04    1.10195e+05   -3.89208e+03   -9.16371e+05    2.81236e+03
      Potential    Kinetic En.   Total Energy  Conserved En.    Temperature
   -7.74314e+05    1.39829e+05   -6.34485e+05   -6.32190e+05    3.01115e+02
 Pres. DC (bar) Pressure (bar)   Constr. rmsd
   -1.15661e+02   -2.80595e+01    3.99350e-06

           Step           Time
         308000      616.00000

   Energies (kJ/mol)
           Bond          Angle    Proper Dih. Per. Imp. Dih.          LJ-14
    1.19799e+03    3.44316e+03    3.85446e+03    1.91371e+02    1.61429e+03
     Coulomb-14        LJ (SR)  Disper. corr.   Coulomb (SR)   Coul. recip.
    2.24297e+04    1.10555e+05   -3.88894e+03   -9.16607e+05    2.73230e+03
      Potential    Kinetic En.   Total Energy  Conserved En.    Temperature
   -7.74464e+05    1.39332e+05   -6.35131e+05   -6.32352e+05    3.00045e+02
 Pres. DC (bar) Pressure (bar)   Constr. rmsd
   -1.15475e+02    5.58764e+01    3.99350e-06

           Step           Time
         308500      617.00000

   Energies (kJ/mol)
           Bond          Angle    Proper Dih. Per. Imp. Dih.          LJ-14
    1.15123e+03    3.70010e+03    3.88839e+03    2.18147e+02    1.56859e+03
     Coulomb-14        LJ (SR)  Disper. corr.   Coulomb (SR)   Coul. recip.
    2.22648e+04    1.11944e+05   -3.89202e+03   -9.18302e+05    2.65951e+03
      Potential    Kinetic En.   Total Energy  Conserved En.    Temperature
   -7.74784e+05    1.39460e+05   -6.35324e+05   -6.32201e+05    3.00320e+02
 Pres. DC (bar) Pressure (bar)   Constr. rmsd
   -1.15658e+02    1.93511e+02    3.99350e-06

           Step           Time
         309000      618.00000

   Energies (kJ/mol)
           Bond          Angle    Proper Dih. Per. Imp. Dih.          LJ-14
    1.25293e+03    3.58509e+03    3.89610e+03    2.33948e+02    1.55524e+03
     Coulomb-14        LJ (SR)  Disper. corr.   Coulomb (SR)   Coul. recip.
    2.23251e+04    1.09741e+05   -3.88918e+03   -9.15424e+05    2.75211e+03
      Potential    Kinetic En.   Total Energy  Conserved En.    Temperature
   -7.73967e+05    1.39136e+05   -6.34831e+05   -6.32294e+05    2.99623e+02
 Pres. DC (bar) Pressure (bar)   Constr. rmsd
   -1.15489e+02   -3.19851e+01    3.99350e-06

           Step           Time
         309500      619.00000

   Energies (kJ/mol)
           Bond          Angle    Proper Dih. Per. Imp. Dih.          LJ-14
    1.37022e+03    3.64652e+03    3.85513e+03    2.13932e+02    1.49352e+03
     Coulomb-14        LJ (SR)  Disper. corr.   Coulomb (SR)   Coul. recip.
    2.23216e+04    1.09868e+05   -3.88269e+03   -9.14486e+05    2.73423e+03
      Potential    Kinetic En.   Total Energy  Conserved En.    Temperature
   -7.72851e+05    1.38910e+05   -6.33941e+05   -6.32448e+05    2.99135e+02
 Pres. DC (bar) Pressure (bar)   Constr. rmsd
   -1.15105e+02   -1.34793e+02    3.99350e-06

           Step           Time
         310000      620.00000

   Energies (kJ/mol)
           Bond          Angle    Proper Dih. Per. Imp. Dih.          LJ-14
    1.14704e+03    3.63867e+03    3.84706e+03    1.99512e+02    1.57921e+03
     Coulomb-14        LJ (SR)  Disper. corr.   Coulomb (SR)   Coul. recip.
    2.23139e+04    1.10759e+05   -3.88130e+03   -9.15510e+05    2.70323e+03
      Potential    Kinetic En.   Total Energy  Conserved En.    Temperature
   -7.73188e+05    1.39024e+05   -6.34164e+05   -6.32386e+05    2.99382e+02
 Pres. DC (bar) Pressure (bar)   Constr. rmsd
   -1.15022e+02    1.43789e+02    3.99350e-06

           Step           Time
         310500      621.00000

   Energies (kJ/mol)
           Bond          Angle    Proper Dih. Per. Imp. Dih.          LJ-14
    1.25598e+03    3.36097e+03    3.84100e+03    2.21313e+02    1.65814e+03
     Coulomb-14        LJ (SR)  Disper. corr.   Coulomb (SR)   Coul. recip.
    2.23565e+04    1.10808e+05   -3.87895e+03   -9.16160e+05    2.65648e+03
      Potential    Kinetic En.   Total Energy  Conserved En.    Temperature
   -7.73865e+05    1.39106e+05   -6.34759e+05   -6.32438e+05    2.99558e+02
 Pres. DC (bar) Pressure (bar)   Constr. rmsd
   -1.14883e+02    6.70368e+01    3.99350e-06

           Step           Time
         311000      622.00000

   Energies (kJ/mol)
           Bond          Angle    Proper Dih. Per. Imp. Dih.          LJ-14
    1.23722e+03    3.61661e+03    3.87206e+03    2.05966e+02    1.56199e+03
     Coulomb-14        LJ (SR)  Disper. corr.   Coulomb (SR)   Coul. recip.
    2.23473e+04    1.11751e+05   -3.88472e+03   -9.16030e+05    2.74768e+03
      Potential    Kinetic En.   Total Energy  Conserved En.    Temperature
   -7.72559e+05    1.38871e+05   -6.33688e+05   -6.32349e+05    2.99052e+02
 Pres. DC (bar) Pressure (bar)   Constr. rmsd
   -1.15225e+02    9.27930e+01    3.99350e-06

           Step           Time
         311500      623.00000

   Energies (kJ/mol)
           Bond          Angle    Proper Dih. Per. Imp. Dih.          LJ-14
    1.28071e+03    3.53358e+03    3.84904e+03    2.16838e+02    1.60105e+03
     Coulomb-14        LJ (SR)  Disper. corr.   Coulomb (SR)   Coul. recip.
    2.24120e+04    1.10077e+05   -3.87615e+03   -9.13621e+05    2.71954e+03
      Potential    Kinetic En.   Total Energy  Conserved En.    Temperature
   -7.71791e+05    1.39916e+05   -6.31874e+05   -6.32605e+05    3.01303e+02
 Pres. DC (bar) Pressure (bar)   Constr. rmsd
   -1.14717e+02   -9.22701e+00    3.99350e-06

           Step           Time
         312000      624.00000

   Energies (kJ/mol)
           Bond          Angle    Proper Dih. Per. Imp. Dih.          LJ-14
    1.24642e+03    3.62656e+03    3.94314e+03    2.13215e+02    1.60061e+03
     Coulomb-14        LJ (SR)  Disper. corr.   Coulomb (SR)   Coul. recip.
    2.23210e+04    1.09423e+05   -3.87299e+03   -9.12886e+05    2.86205e+03
      Potential    Kinetic En.   Total Energy  Conserved En.    Temperature
   -7.71519e+05    1.39696e+05   -6.31823e+05   -6.32583e+05    3.00828e+02
 Pres. DC (bar) Pressure (bar)   Constr. rmsd
   -1.14530e+02   -2.38739e+00    3.99350e-06

           Step           Time
         312500      625.00000

   Energies (kJ/mol)
           Bond          Angle    Proper Dih. Per. Imp. Dih.          LJ-14
    1.23984e+03    3.72965e+03    3.91345e+03    1.78294e+02    1.53885e+03
     Coulomb-14        LJ (SR)  Disper. corr.   Coulomb (SR)   Coul. recip.
    2.23471e+04    1.09377e+05   -3.87664e+03   -9.13956e+05    2.68509e+03
      Potential    Kinetic En.   Total Energy  Conserved En.    Temperature
   -7.72807e+05    1.38986e+05   -6.33821e+05   -6.32418e+05    2.99300e+02
 Pres. DC (bar) Pressure (bar)   Constr. rmsd
   -1.14746e+02   -1.10622e+02    3.99350e-06

           Step           Time
         313000      626.00000

   Energies (kJ/mol)
           Bond          Angle    Proper Dih. Per. Imp. Dih.          LJ-14
    1.15461e+03    3.64440e+03    3.85627e+03    2.07779e+02    1.60061e+03
     Coulomb-14        LJ (SR)  Disper. corr.   Coulomb (SR)   Coul. recip.
    2.24076e+04    1.09045e+05   -3.87665e+03   -9.13527e+05    2.74287e+03
      Potential    Kinetic En.   Total Energy  Conserved En.    Temperature
   -7.72739e+05    1.38509e+05   -6.34230e+05   -6.32507e+05    2.98273e+02
 Pres. DC (bar) Pressure (bar)   Constr. rmsd
   -1.14747e+02   -1.29075e+02    3.99350e-06

           Step           Time
         313500      627.00000

   Energies (kJ/mol)
           Bond          Angle    Proper Dih. Per. Imp. Dih.          LJ-14
    1.25676e+03    3.60170e+03    3.93647e+03    2.05742e+02    1.56812e+03
     Coulomb-14        LJ (SR)  Disper. corr.   Coulomb (SR)   Coul. recip.
    2.22278e+04    1.10270e+05   -3.87869e+03   -9.15408e+05    2.65992e+03
      Potential    Kinetic En.   Total Energy  Conserved En.    Temperature
   -7.73543e+05    1.38460e+05   -6.35083e+05   -6.32438e+05    2.98168e+02
 Pres. DC (bar) Pressure (bar)   Constr. rmsd
   -1.14868e+02    1.11942e+01    3.99350e-06

           Step           Time
         314000      628.00000

   Energies (kJ/mol)
           Bond          Angle    Proper Dih. Per. Imp. Dih.          LJ-14
    1.18827e+03    3.50426e+03    3.95263e+03    2.33354e+02    1.59309e+03
     Coulomb-14        LJ (SR)  Disper. corr.   Coulomb (SR)   Coul. recip.
    2.23250e+04    1.10416e+05   -3.88396e+03   -9.16719e+05    2.72575e+03
      Potential    Kinetic En.   Total Energy  Conserved En.    Temperature
   -7.74659e+05    1.38715e+05   -6.35944e+05   -6.32399e+05    2.98715e+02
 Pres. DC (bar) Pressure (bar)   Constr. rmsd
   -1.15180e+02   -4.27577e+01    3.99350e-06

           Step           Time
         314500      629.00000

   Energies (kJ/mol)
           Bond          Angle    Proper Dih. Per. Imp. Dih.          LJ-14
    1.36365e+03    3.51201e+03    3.92741e+03    1.98382e+02    1.56297e+03
     Coulomb-14        LJ (SR)  Disper. corr.   Coulomb (SR)   Coul. recip.
    2.21101e+04    1.10031e+05   -3.88403e+03   -9.15836e+05    2.74710e+03
      Potential    Kinetic En.   Total Energy  Conserved En.    Temperature
   -7.74261e+05    1.38594e+05   -6.35667e+05   -6.32321e+05    2.98456e+02
 Pres. DC (bar) Pressure (bar)   Constr. rmsd
   -1.15184e+02   -8.76451e+01    3.99350e-06

           Step           Time
         315000      630.00000

   Energies (kJ/mol)
           Bond          Angle    Proper Dih. Per. Imp. Dih.          LJ-14
    1.31121e+03    3.65358e+03    3.87110e+03    1.96504e+02    1.54492e+03
     Coulomb-14        LJ (SR)  Disper. corr.   Coulomb (SR)   Coul. recip.
    2.23040e+04    1.10708e+05   -3.87927e+03   -9.16104e+05    2.70266e+03
      Potential    Kinetic En.   Total Energy  Conserved En.    Temperature
   -7.73685e+05    1.39739e+05   -6.33946e+05   -6.32303e+05    3.00922e+02
 Pres. DC (bar) Pressure (bar)   Constr. rmsd
   -1.14902e+02    3.73295e+01    3.99350e-06

           Step           Time
         315500      631.00000

   Energies (kJ/mol)
           Bond          Angle    Proper Dih. Per. Imp. Dih.          LJ-14
    1.27020e+03    3.75028e+03    3.99923e+03    2.21918e+02    1.57504e+03
     Coulomb-14        LJ (SR)  Disper. corr.   Coulomb (SR)   Coul. recip.
    2.22497e+04    1.09814e+05   -3.88497e+03   -9.14142e+05    2.73743e+03
      Potential    Kinetic En.   Total Energy  Conserved En.    Temperature
   -7.72391e+05    1.39219e+05   -6.33172e+05   -6.32197e+05    2.99801e+02
 Pres. DC (bar) Pressure (bar)   Constr. rmsd
   -1.15239e+02    1.35818e+01    3.99350e-06

           Step           Time
         316000      632.00000

   Energies (kJ/mol)
           Bond          Angle    Proper Dih. Per. Imp. Dih.          LJ-14
    1.33684e+03    3.50867e+03    3.93919e+03    2.22416e+02    1.54276e+03
     Coulomb-14        LJ (SR)  Disper. corr.   Coulomb (SR)   Coul. recip.
    2.23206e+04    1.09296e+05   -3.89142e+03   -9.13778e+05    2.67529e+03
      Potential    Kinetic En.   Total Energy  Conserved En.    Temperature
   -7.72809e+05    1.39106e+05   -6.33704e+05   -6.32054e+05    2.99557e+02
 Pres. DC (bar) Pressure (bar)   Constr. rmsd
   -1.15622e+02   -9.12340e+01    3.99350e-06

           Step           Time
         316500      633.00000

   Energies (kJ/mol)
           Bond          Angle    Proper Dih. Per. Imp. Dih.          LJ-14
    1.28068e+03    3.60146e+03    3.98455e+03    1.81496e+02    1.56908e+03
     Coulomb-14        LJ (SR)  Disper. corr.   Coulomb (SR)   Coul. recip.
    2.23757e+04    1.09519e+05   -3.89469e+03   -9.14223e+05    2.71247e+03
      Potential    Kinetic En.   Total Energy  Conserved En.    Temperature
   -7.72886e+05    1.39515e+05   -6.33371e+05   -6.32004e+05    3.00439e+02
 Pres. DC (bar) Pressure (bar)   Constr. rmsd
   -1.15817e+02    1.16603e+01    3.99350e-06

           Step           Time
         317000      634.00000

   Energies (kJ/mol)
           Bond          Angle    Proper Dih. Per. Imp. Dih.          LJ-14
    1.16383e+03    3.67622e+03    4.02248e+03    1.94378e+02    1.57894e+03
     Coulomb-14        LJ (SR)  Disper. corr.   Coulomb (SR)   Coul. recip.
    2.24223e+04    1.10181e+05   -3.89561e+03   -9.14824e+05    2.69467e+03
      Potential    Kinetic En.   Total Energy  Conserved En.    Temperature
   -7.72779e+05    1.40083e+05   -6.32695e+05   -6.32061e+05    3.01663e+02
 Pres. DC (bar) Pressure (bar)   Constr. rmsd
   -1.15871e+02    7.95598e+01    3.99350e-06

           Step           Time
         317500      635.00000

   Energies (kJ/mol)
           Bond          Angle    Proper Dih. Per. Imp. Dih.          LJ-14
    1.25843e+03    3.62312e+03    3.95957e+03    2.30045e+02    1.63714e+03
     Coulomb-14        LJ (SR)  Disper. corr.   Coulomb (SR)   Coul. recip.
    2.24242e+04    1.10419e+05   -3.89115e+03   -9.15902e+05    2.78100e+03
      Potential    Kinetic En.   Total Energy  Conserved En.    Temperature
   -7.73453e+05    1.40463e+05   -6.32990e+05   -6.32102e+05    3.02479e+02
 Pres. DC (bar) Pressure (bar)   Constr. rmsd
   -1.15606e+02    5.59580e+01    3.99350e-06

           Step           Time
         318000      636.00000

   Energies (kJ/mol)
           Bond          Angle    Proper Dih. Per. Imp. Dih.          LJ-14
    1.30068e+03    3.73895e+03    3.93101e+03    1.73046e+02    1.54610e+03
     Coulomb-14        LJ (SR)  Disper. corr.   Coulomb (SR)   Coul. recip.
    2.22542e+04    1.09910e+05   -3.88976e+03   -9.13816e+05    2.74922e+03
      Potential    Kinetic En.   Total Energy  Conserved En.    Temperature
   -7.72095e+05    1.39087e+05   -6.33008e+05   -6.32103e+05    2.99517e+02
 Pres. DC (bar) Pressure (bar)   Constr. rmsd
   -1.15524e+02   -1.85751e+01    3.99350e-06

           Step           Time
         318500      637.00000

   Energies (kJ/mol)
           Bond          Angle    Proper Dih. Per. Imp. Dih.          LJ-14
    1.19465e+03    3.59470e+03    3.90883e+03    2.23102e+02    1.58815e+03
     Coulomb-14        LJ (SR)  Disper. corr.   Coulomb (SR)   Coul. recip.
    2.24467e+04    1.09170e+05   -3.90020e+03   -9.14521e+05    2.71379e+03
      Potential    Kinetic En.   Total Energy  Conserved En.    Temperature
   -7.73573e+05    1.40063e+05   -6.33510e+05   -6.31769e+05    3.01619e+02
 Pres. DC (bar) Pressure (bar)   Constr. rmsd
   -1.16145e+02   -2.40237e+00    3.99350e-06

           Step           Time
         319000      638.00000

   Energies (kJ/mol)
           Bond          Angle    Proper Dih. Per. Imp. Dih.          LJ-14
    1.20316e+03    3.61180e+03    3.88499e+03    1.89298e+02    1.53655e+03
     Coulomb-14        LJ (SR)  Disper. corr.   Coulomb (SR)   Coul. recip.
    2.24085e+04    1.10255e+05   -3.90272e+03   -9.15632e+05    2.70631e+03
      Potential    Kinetic En.   Total Energy  Conserved En.    Temperature
   -7.73731e+05    1.39130e+05   -6.34602e+05   -6.31860e+05    2.99609e+02
 Pres. DC (bar) Pressure (bar)   Constr. rmsd
   -1.16294e+02    1.94306e+01    3.99350e-06

           Step           Time
         319500      639.00000

   Energies (kJ/mol)
           Bond          Angle    Proper Dih. Per. Imp. Dih.          LJ-14
    1.20191e+03    3.52057e+03    3.91126e+03    1.81844e+02    1.56314e+03
     Coulomb-14        LJ (SR)  Disper. corr.   Coulomb (SR)   Coul. recip.
    2.23740e+04    1.10668e+05   -3.90076e+03   -9.15782e+05    2.71835e+03
      Potential    Kinetic En.   Total Energy  Conserved En.    Temperature
   -7.73535e+05    1.39765e+05   -6.33770e+05   -6.31881e+05    3.00977e+02
 Pres. DC (bar) Pressure (bar)   Constr. rmsd
   -1.16177e+02    1.57600e+02    3.99350e-06

           Step           Time
         320000      640.00000

   Energies (kJ/mol)
           Bond          Angle    Proper Dih. Per. Imp. Dih.          LJ-14
    1.22427e+03    3.62631e+03    3.91682e+03    1.94562e+02    1.54054e+03
     Coulomb-14        LJ (SR)  Disper. corr.   Coulomb (SR)   Coul. recip.
    2.23837e+04    1.09591e+05   -3.89989e+03   -9.13850e+05    2.80576e+03
      Potential    Kinetic En.   Total Energy  Conserved En.    Temperature
   -7.72459e+05    1.39111e+05   -6.33348e+05   -6.31827e+05    2.99568e+02
 Pres. DC (bar) Pressure (bar)   Constr. rmsd
   -1.16126e+02   -1.39567e+01    3.99350e-06

           Step           Time
         320500      641.00000

   Energies (kJ/mol)
           Bond          Angle    Proper Dih. Per. Imp. Dih.          LJ-14
    1.20104e+03    3.62206e+03    3.84408e+03    2.08734e+02    1.56498e+03
     Coulomb-14        LJ (SR)  Disper. corr.   Coulomb (SR)   Coul. recip.
    2.21607e+04    1.10573e+05   -3.90036e+03   -9.16090e+05    2.72982e+03
      Potential    Kinetic En.   Total Energy  Conserved En.    Temperature
   -7.74077e+05    1.38372e+05   -6.35705e+05   -6.31837e+05    2.97978e+02
 Pres. DC (bar) Pressure (bar)   Constr. rmsd
   -1.16154e+02    6.40020e+01    3.99350e-06

           Step           Time
         321000      642.00000

   Energies (kJ/mol)
           Bond          Angle    Proper Dih. Per. Imp. Dih.          LJ-14
    1.21591e+03    3.62062e+03    3.82148e+03    1.90866e+02    1.56172e+03
     Coulomb-14        LJ (SR)  Disper. corr.   Coulomb (SR)   Coul. recip.
    2.22406e+04    1.10665e+05   -3.90003e+03   -9.15986e+05    2.68933e+03
      Potential    Kinetic En.   Total Energy  Conserved En.    Temperature
   -7.73871e+05    1.39088e+05   -6.34783e+05   -6.31818e+05    2.99519e+02
 Pres. DC (bar) Pressure (bar)   Constr. rmsd
   -1.16134e+02    9.28461e+01    3.99350e-06

           Step           Time
         321500      643.00000

   Energies (kJ/mol)
           Bond          Angle    Proper Dih. Per. Imp. Dih.          LJ-14
    1.28411e+03    3.60369e+03    3.88873e+03    1.96185e+02    1.55588e+03
     Coulomb-14        LJ (SR)  Disper. corr.   Coulomb (SR)   Coul. recip.
    2.23175e+04    1.10665e+05   -3.90342e+03   -9.16258e+05    2.73477e+03
      Potential    Kinetic En.   Total Energy  Conserved En.    Temperature
   -7.73896e+05    1.39201e+05   -6.34695e+05   -6.31828e+05    2.99762e+02
 Pres. DC (bar) Pressure (bar)   Constr. rmsd
   -1.16336e+02    9.00623e+01    3.99350e-06

           Step           Time
         322000      644.00000

   Energies (kJ/mol)
           Bond          Angle    Proper Dih. Per. Imp. Dih.          LJ-14
    1.22418e+03    3.62462e+03    3.88470e+03    2.45605e+02    1.53251e+03
     Coulomb-14        LJ (SR)  Disper. corr.   Coulomb (SR)   Coul. recip.
    2.23174e+04    1.11154e+05   -3.89862e+03   -9.17538e+05    2.68921e+03
      Potential    Kinetic En.   Total Energy  Conserved En.    Temperature
   -7.74744e+05    1.40062e+05   -6.34682e+05   -6.31864e+05    3.01616e+02
 Pres. DC (bar) Pressure (bar)   Constr. rmsd
   -1.16050e+02    1.56385e+02    3.99350e-06

           Step           Time
         322500      645.00000

   Energies (kJ/mol)
           Bond          Angle    Proper Dih. Per. Imp. Dih.          LJ-14
    1.21245e+03    3.59758e+03    3.87709e+03    1.91877e+02    1.54691e+03
     Coulomb-14        LJ (SR)  Disper. corr.   Coulomb (SR)   Coul. recip.
    2.22141e+04    1.09734e+05   -3.88911e+03   -9.14359e+05    2.72656e+03
      Potential    Kinetic En.   Total Energy  Conserved En.    Temperature
   -7.73126e+05    1.38900e+05   -6.34227e+05   -6.32106e+05    2.99114e+02
 Pres. DC (bar) Pressure (bar)   Constr. rmsd
   -1.15485e+02   -2.28746e+01    3.99350e-06

           Step           Time
         323000      646.00000

   Energies (kJ/mol)
           Bond          Angle    Proper Dih. Per. Imp. Dih.          LJ-14
    1.20668e+03    3.73491e+03    3.86258e+03    2.01730e+02    1.51256e+03
     Coulomb-14        LJ (SR)  Disper. corr.   Coulomb (SR)   Coul. recip.
    2.22853e+04    1.10101e+05   -3.88555e+03   -9.14466e+05    2.66294e+03
      Potential    Kinetic En.   Total Energy  Conserved En.    Temperature
   -7.72763e+05    1.39251e+05   -6.33512e+05   -6.32208e+05    2.99869e+02
 Pres. DC (bar) Pressure (bar)   Constr. rmsd
   -1.15274e+02   -4.12137e+01    3.99350e-06

           Step           Time
         323500      647.00000

   Energies (kJ/mol)
           Bond          Angle    Proper Dih. Per. Imp. Dih.          LJ-14
    1.20945e+03    3.53106e+03    3.89022e+03    2.08740e+02    1.51967e+03
     Coulomb-14        LJ (SR)  Disper. corr.   Coulomb (SR)   Coul. recip.
    2.22728e+04    1.11228e+05   -3.88554e+03   -9.16302e+05    2.80183e+03
      Potential    Kinetic En.   Total Energy  Conserved En.    Temperature
   -7.73505e+05    1.38345e+05   -6.35160e+05   -6.32249e+05    2.97920e+02
 Pres. DC (bar) Pressure (bar)   Constr. rmsd
   -1.15274e+02    9.36428e+01    3.99350e-06

           Step           Time
         324000      648.00000

   Energies (kJ/mol)
           Bond          Angle    Proper Dih. Per. Imp. Dih.          LJ-14
    1.31354e+03    3.48994e+03    3.83612e+03    1.91394e+02    1.56800e+03
     Coulomb-14        LJ (SR)  Disper. corr.   Coulomb (SR)   Coul. recip.
    2.23199e+04    1.10191e+05   -3.88842e+03   -9.15704e+05    2.69156e+03
      Potential    Kinetic En.   Total Energy  Conserved En.    Temperature
   -7.73969e+05    1.38765e+05   -6.35204e+05   -6.32070e+05    2.98825e+02
 Pres. DC (bar) Pressure (bar)   Constr. rmsd
   -1.15444e+02   -9.63617e+00    3.99350e-06

           Step           Time
         324500      649.00000

   Energies (kJ/mol)
           Bond          Angle    Proper Dih. Per. Imp. Dih.          LJ-14
    1.14511e+03    3.59359e+03    3.90741e+03    2.00482e+02    1.54581e+03
     Coulomb-14        LJ (SR)  Disper. corr.   Coulomb (SR)   Coul. recip.
    2.22666e+04    1.10421e+05   -3.88587e+03   -9.16524e+05    2.69264e+03
      Potential    Kinetic En.   Total Energy  Conserved En.    Temperature
   -7.74603e+05    1.38973e+05   -6.35630e+05   -6.32216e+05    2.99272e+02
 Pres. DC (bar) Pressure (bar)   Constr. rmsd
   -1.15293e+02   -5.20214e+01    3.99350e-06

           Step           Time
         325000      650.00000

   Energies (kJ/mol)
           Bond          Angle    Proper Dih. Per. Imp. Dih.          LJ-14
    1.30907e+03    3.54671e+03    3.91177e+03    2.05942e+02    1.57542e+03
     Coulomb-14        LJ (SR)  Disper. corr.   Coulomb (SR)   Coul. recip.
    2.22458e+04    1.09596e+05   -3.88502e+03   -9.15536e+05    2.81914e+03
      Potential    Kinetic En.   Total Energy  Conserved En.    Temperature
   -7.74189e+05    1.38434e+05   -6.35755e+05   -6.32064e+05    2.98112e+02
 Pres. DC (bar) Pressure (bar)   Constr. rmsd
   -1.15243e+02   -1.34750e+02    3.99350e-06

           Step           Time
         325500      651.00000

   Energies (kJ/mol)
           Bond          Angle    Proper Dih. Per. Imp. Dih.          LJ-14
    1.21851e+03    3.54222e+03    3.90339e+03    1.99386e+02    1.56373e+03
     Coulomb-14        LJ (SR)  Disper. corr.   Coulomb (SR)   Coul. recip.
    2.23289e+04    1.10591e+05   -3.88606e+03   -9.17238e+05    2.67314e+03
      Potential    Kinetic En.   Total Energy  Conserved En.    Temperature
   -7.75082e+05    1.39350e+05   -6.35732e+05   -6.32187e+05    3.00084e+02
 Pres. DC (bar) Pressure (bar)   Constr. rmsd
   -1.15304e+02   -2.65682e+01    3.99350e-06

           Step           Time
         326000      652.00000

   Energies (kJ/mol)
           Bond          Angle    Proper Dih. Per. Imp. Dih.          LJ-14
    1.33725e+03    3.46421e+03    3.89126e+03    1.87379e+02    1.60118e+03
     Coulomb-14        LJ (SR)  Disper. corr.   Coulomb (SR)   Coul. recip.
    2.22726e+04    1.11122e+05   -3.89495e+03   -9.16970e+05    2.64546e+03
      Potential    Kinetic En.   Total Energy  Conserved En.    Temperature
   -7.74322e+05    1.39832e+05   -6.34490e+05   -6.31979e+05    3.01121e+02
 Pres. DC (bar) Pressure (bar)   Constr. rmsd
   -1.15832e+02    4.92027e+01    3.99350e-06

           Step           Time
         326500      653.00000

   Energies (kJ/mol)
           Bond          Angle    Proper Dih. Per. Imp. Dih.          LJ-14
    1.26681e+03    3.63671e+03    3.83181e+03    2.43972e+02    1.60471e+03
     Coulomb-14        LJ (SR)  Disper. corr.   Coulomb (SR)   Coul. recip.
    2.22705e+04    1.09707e+05   -3.89486e+03   -9.14891e+05    2.67353e+03
      Potential    Kinetic En.   Total Energy  Conserved En.    Temperature
   -7.73529e+05    1.39082e+05   -6.34447e+05   -6.31935e+05    2.99506e+02
 Pres. DC (bar) Pressure (bar)   Constr. rmsd
   -1.15827e+02   -1.78034e+01    3.99350e-06

           Step           Time
         327000      654.00000

   Energies (kJ/mol)
           Bond          Angle    Proper Dih. Per. Imp. Dih.          LJ-14
    1.29412e+03    3.52355e+03    3.74313e+03    1.91306e+02    1.53145e+03
     Coulomb-14        LJ (SR)  Disper. corr.   Coulomb (SR)   Coul. recip.
    2.22265e+04    1.09476e+05   -3.88636e+03   -9.14279e+05    2.76485e+03
      Potential    Kinetic En.   Total Energy  Conserved En.    Temperature
   -7.73403e+05    1.39771e+05   -6.33632e+05   -6.32141e+05    3.00990e+02
 Pres. DC (bar) Pressure (bar)   Constr. rmsd
   -1.15322e+02   -5.22853e+01    3.99350e-06

           Step           Time
         327500      655.00000

   Energies (kJ/mol)
           Bond          Angle    Proper Dih. Per. Imp. Dih.          LJ-14
    1.17838e+03    3.65623e+03    3.84391e+03    2.16396e+02    1.55782e+03
     Coulomb-14        LJ (SR)  Disper. corr.   Coulomb (SR)   Coul. recip.
    2.23353e+04    1.08547e+05   -3.88995e+03   -9.13401e+05    2.74183e+03
      Potential    Kinetic En.   Total Energy  Conserved En.    Temperature
   -7.73202e+05    1.39288e+05   -6.33914e+05   -6.32029e+05    2.99950e+02
 Pres. DC (bar) Pressure (bar)   Constr. rmsd
   -1.15535e+02   -1.12630e+02    3.99350e-06

           Step           Time
         328000      656.00000

   Energies (kJ/mol)
           Bond          Angle    Proper Dih. Per. Imp. Dih.          LJ-14
    1.31068e+03    3.60467e+03    3.89020e+03    1.93203e+02    1.54728e+03
     Coulomb-14        LJ (SR)  Disper. corr.   Coulomb (SR)   Coul. recip.
    2.21508e+04    1.11148e+05   -3.89394e+03   -9.16383e+05    2.71937e+03
      Potential    Kinetic En.   Total Energy  Conserved En.    Temperature
   -7.73700e+05    1.39926e+05   -6.33774e+05   -6.31930e+05    3.01324e+02
 Pres. DC (bar) Pressure (bar)   Constr. rmsd
   -1.15772e+02    8.02645e+01    3.99350e-06

           Step           Time
         328500      657.00000

   Energies (kJ/mol)
           Bond          Angle    Proper Dih. Per. Imp. Dih.          LJ-14
    1.21347e+03    3.59488e+03    3.86172e+03    1.93297e+02    1.54060e+03
     Coulomb-14        LJ (SR)  Disper. corr.   Coulomb (SR)   Coul. recip.
    2.22896e+04    1.09568e+05   -3.89846e+03   -9.15229e+05    2.68030e+03
      Potential    Kinetic En.   Total Energy  Conserved En.    Temperature
   -7.74174e+05    1.39569e+05   -6.34606e+05   -6.31779e+05    3.00554e+02
 Pres. DC (bar) Pressure (bar)   Constr. rmsd
   -1.16041e+02   -5.15911e+01    3.99350e-06

           Step           Time
         329000      658.00000

   Energies (kJ/mol)
           Bond          Angle    Proper Dih. Per. Imp. Dih.          LJ-14
    1.28545e+03    3.66616e+03    3.86386e+03    1.91925e+02    1.50816e+03
     Coulomb-14        LJ (SR)  Disper. corr.   Coulomb (SR)   Coul. recip.
    2.21090e+04    1.09467e+05   -3.90065e+03   -9.13401e+05    2.69335e+03
      Potential    Kinetic En.   Total Energy  Conserved En.    Temperature
   -7.72505e+05    1.38737e+05   -6.33768e+05   -6.31741e+05    2.98763e+02
 Pres. DC (bar) Pressure (bar)   Constr. rmsd
   -1.16171e+02   -5.56292e+01    3.99350e-06

           Step           Time
         329500      659.00000

   Energies (kJ/mol)
           Bond          Angle    Proper Dih. Per. Imp. Dih.          LJ-14
    1.24571e+03    3.70388e+03    3.91588e+03    2.26384e+02    1.54280e+03
     Coulomb-14        LJ (SR)  Disper. corr.   Coulomb (SR)   Coul. recip.
    2.21829e+04    1.10542e+05   -3.90476e+03   -9.14689e+05    2.68736e+03
      Potential    Kinetic En.   Total Energy  Conserved En.    Temperature
   -7.72523e+05    1.39618e+05   -6.32906e+05   -6.31648e+05    3.00660e+02
 Pres. DC (bar) Pressure (bar)   Constr. rmsd
   -1.16416e+02    1.28251e+02    3.99350e-06

           Step           Time
         330000      660.00000

   Energies (kJ/mol)
           Bond          Angle    Proper Dih. Per. Imp. Dih.          LJ-14
    1.21475e+03    3.55124e+03    3.90735e+03    1.85689e+02    1.52744e+03
     Coulomb-14        LJ (SR)  Disper. corr.   Coulomb (SR)   Coul. recip.
    2.22932e+04    1.11540e+05   -3.90357e+03   -9.17851e+05    2.68903e+03
      Potential    Kinetic En.   Total Energy  Conserved En.    Temperature
   -7.74833e+05    1.39994e+05   -6.34839e+05   -6.31676e+05    3.01470e+02
 Pres. DC (bar) Pressure (bar)   Constr. rmsd
   -1.16345e+02    1.64619e+02    3.99350e-06

           Step           Time
         330500      661.00000

   Energies (kJ/mol)
           Bond          Angle    Proper Dih. Per. Imp. Dih.          LJ-14
    1.25450e+03    3.58704e+03    3.96092e+03    2.03760e+02    1.57853e+03
     Coulomb-14        LJ (SR)  Disper. corr.   Coulomb (SR)   Coul. recip.
    2.21604e+04    1.11444e+05   -3.89937e+03   -9.17904e+05    2.70050e+03
      Potential    Kinetic En.   Total Energy  Conserved En.    Temperature
   -7.74901e+05    1.40503e+05   -6.34398e+05   -6.31799e+05    3.02567e+02
 Pres. DC (bar) Pressure (bar)   Constr. rmsd
   -1.16095e+02    1.26018e+02    3.99350e-06

           Step           Time
         331000      662.00000

   Energies (kJ/mol)
           Bond          Angle    Proper Dih. Per. Imp. Dih.          LJ-14
    1.14573e+03    3.65183e+03    3.97974e+03    2.25564e+02    1.56164e+03
     Coulomb-14        LJ (SR)  Disper. corr.   Coulomb (SR)   Coul. recip.
    2.22466e+04    1.10601e+05   -3.89720e+03   -9.16106e+05    2.61543e+03
      Potential    Kinetic En.   Total Energy  Conserved En.    Temperature
   -7.73962e+05    1.39615e+05   -6.34346e+05   -6.31811e+05    3.00655e+02
 Pres. DC (bar) Pressure (bar)   Constr. rmsd
   -1.15966e+02    4.70342e+01    3.99350e-06

           Step           Time
         331500      663.00000

   Energies (kJ/mol)
           Bond          Angle    Proper Dih. Per. Imp. Dih.          LJ-14
    1.32770e+03    3.39191e+03    3.95975e+03    1.78347e+02    1.57680e+03
     Coulomb-14        LJ (SR)  Disper. corr.   Coulomb (SR)   Coul. recip.
    2.21304e+04    1.10383e+05   -3.89159e+03   -9.16078e+05    2.74682e+03
      Potential    Kinetic En.   Total Energy  Conserved En.    Temperature
   -7.74261e+05    1.38444e+05   -6.35817e+05   -6.31909e+05    2.98133e+02
 Pres. DC (bar) Pressure (bar)   Constr. rmsd
   -1.15632e+02   -1.70857e+01    3.99350e-06

           Step           Time
         332000      664.00000

   Energies (kJ/mol)
           Bond          Angle    Proper Dih. Per. Imp. Dih.          LJ-14
    1.19140e+03    3.41966e+03    3.82802e+03    1.91759e+02    1.57468e+03
     Coulomb-14        LJ (SR)  Disper. corr.   Coulomb (SR)   Coul. recip.
    2.23400e+04    1.10065e+05   -3.88676e+03   -9.15554e+05    2.72436e+03
      Potential    Kinetic En.   Total Energy  Conserved En.    Temperature
   -7.74092e+05    1.39562e+05   -6.34530e+05   -6.32096e+05    3.00539e+02
 Pres. DC (bar) Pressure (bar)   Constr. rmsd
   -1.15346e+02   -6.09338e+01    3.99350e-06

           Step           Time
         332500      665.00000

   Energies (kJ/mol)
           Bond          Angle    Proper Dih. Per. Imp. Dih.          LJ-14
    1.27395e+03    3.58323e+03    3.87638e+03    1.74838e+02    1.58085e+03
     Coulomb-14        LJ (SR)  Disper. corr.   Coulomb (SR)   Coul. recip.
    2.23092e+04    1.09988e+05   -3.88719e+03   -9.14237e+05    2.75331e+03
      Potential    Kinetic En.   Total Energy  Conserved En.    Temperature
   -7.72571e+05    1.39475e+05   -6.33096e+05   -6.32041e+05    3.00352e+02
 Pres. DC (bar) Pressure (bar)   Constr. rmsd
   -1.15371e+02   -5.90381e+01    3.99350e-06

           Step           Time
         333000      666.00000

   Energies (kJ/mol)
           Bond          Angle    Proper Dih. Per. Imp. Dih.          LJ-14
    1.31199e+03    3.64109e+03    3.93875e+03    2.19904e+02    1.50858e+03
     Coulomb-14        LJ (SR)  Disper. corr.   Coulomb (SR)   Coul. recip.
    2.22349e+04    1.09674e+05   -3.89443e+03   -9.14918e+05    2.71593e+03
      Potential    Kinetic En.   Total Energy  Conserved En.    Temperature
   -7.73554e+05    1.38786e+05   -6.34768e+05   -6.31795e+05    2.98868e+02
 Pres. DC (bar) Pressure (bar)   Constr. rmsd
   -1.15801e+02   -8.51452e+01    3.99350e-06

           Step           Time
         333500      667.00000

   Energies (kJ/mol)
           Bond          Angle    Proper Dih. Per. Imp. Dih.          LJ-14
    1.37760e+03    3.63846e+03    3.88434e+03    2.37094e+02    1.53139e+03
     Coulomb-14        LJ (SR)  Disper. corr.   Coulomb (SR)   Coul. recip.
    2.21159e+04    1.09476e+05   -3.88827e+03   -9.13385e+05    2.61216e+03
      Potential    Kinetic En.   Total Energy  Conserved En.    Temperature
   -7.72385e+05    1.39174e+05   -6.33211e+05   -6.31976e+05    2.99704e+02
 Pres. DC (bar) Pressure (bar)   Constr. rmsd
   -1.15436e+02   -7.41717e+01    3.99350e-06

           Step           Time
         334000      668.00000

   Energies (kJ/mol)
           Bond          Angle    Proper Dih. Per. Imp. Dih.          LJ-14
    1.29902e+03    3.61412e+03    3.93030e+03    2.10681e+02    1.57272e+03
     Coulomb-14        LJ (SR)  Disper. corr.   Coulomb (SR)   Coul. recip.
    2.22615e+04    1.10194e+05   -3.88542e+03   -9.14841e+05    2.68782e+03
      Potential    Kinetic En.   Total Energy  Conserved En.    Temperature
   -7.72941e+05    1.40386e+05   -6.32556e+05   -6.31928e+05    3.02314e+02
 Pres. DC (bar) Pressure (bar)   Constr. rmsd
   -1.15266e+02   -2.23976e+01    3.99350e-06

           Step           Time
         334500      669.00000

   Energies (kJ/mol)
           Bond          Angle    Proper Dih. Per. Imp. Dih.          LJ-14
    1.17202e+03    3.82751e+03    3.95098e+03    2.02220e+02    1.53468e+03
     Coulomb-14        LJ (SR)  Disper. corr.   Coulomb (SR)   Coul. recip.
    2.22731e+04    1.08830e+05   -3.89571e+03   -9.13924e+05    2.72625e+03
      Potential    Kinetic En.   Total Energy  Conserved En.    Temperature
   -7.73288e+05    1.39821e+05   -6.33466e+05   -6.31798e+05    3.01098e+02
 Pres. DC (bar) Pressure (bar)   Constr. rmsd
   -1.15877e+02   -5.76580e+01    3.99350e-06

           Step           Time
         335000      670.00000

   Energies (kJ/mol)
           Bond          Angle    Proper Dih. Per. Imp. Dih.          LJ-14
    1.34409e+03    3.41904e+03    3.87803e+03    2.14079e+02    1.55978e+03
     Coulomb-14        LJ (SR)  Disper. corr.   Coulomb (SR)   Coul. recip.
    2.24344e+04    1.10909e+05   -3.90015e+03   -9.16531e+05    2.75266e+03
      Potential    Kinetic En.   Total Energy  Conserved En.    Temperature
   -7.73906e+05    1.39553e+05   -6.34353e+05   -6.31741e+05    3.00521e+02
 Pres. DC (bar) Pressure (bar)   Constr. rmsd
   -1.16142e+02    8.94991e+01    3.99350e-06

           Step           Time
         335500      671.00000

   Energies (kJ/mol)
           Bond          Angle    Proper Dih. Per. Imp. Dih.          LJ-14
    1.23217e+03    3.41431e+03    3.84706e+03    2.17583e+02    1.55149e+03
     Coulomb-14        LJ (SR)  Disper. corr.   Coulomb (SR)   Coul. recip.
    2.23019e+04    1.09491e+05   -3.89232e+03   -9.15313e+05    2.68796e+03
      Potential    Kinetic En.   Total Energy  Conserved En.    Temperature
   -7.74447e+05    1.39049e+05   -6.35398e+05   -6.31860e+05    2.99435e+02
 Pres. DC (bar) Pressure (bar)   Constr. rmsd
   -1.15676e+02   -1.33742e+02    3.99350e-06

           Step           Time
         336000      672.00000

   Energies (kJ/mol)
           Bond          Angle    Proper Dih. Per. Imp. Dih.          LJ-14
    1.29687e+03    3.48573e+03    3.94196e+03    2.42198e+02    1.51699e+03
     Coulomb-14        LJ (SR)  Disper. corr.   Coulomb (SR)   Coul. recip.
    2.23285e+04    1.10770e+05   -3.89145e+03   -9.16077e+05    2.74652e+03
      Potential    Kinetic En.   Total Energy  Conserved En.    Temperature
   -7.73625e+05    1.38799e+05   -6.34826e+05   -6.31873e+05    2.98896e+02
 Pres. DC (bar) Pressure (bar)   Constr. rmsd
   -1.15624e+02    2.87620e+01    3.99350e-06

           Step           Time
         336500      673.00000

   Energies (kJ/mol)
           Bond          Angle    Proper Dih. Per. Imp. Dih.          LJ-14
    1.26761e+03    3.48200e+03    3.87034e+03    2.20296e+02    1.49890e+03
     Coulomb-14        LJ (SR)  Disper. corr.   Coulomb (SR)   Coul. recip.
    2.21137e+04    1.10410e+05   -3.89439e+03   -9.16307e+05    2.80306e+03
      Potential    Kinetic En.   Total Energy  Conserved En.    Temperature
   -7.74520e+05    1.38999e+05   -6.35521e+05   -6.31804e+05    2.99328e+02
 Pres. DC (bar) Pressure (bar)   Constr. rmsd
   -1.15799e+02   -2.70340e+01    3.99350e-06

           Step           Time
         337000      674.00000

   Energies (kJ/mol)
           Bond          Angle    Proper Dih. Per. Imp. Dih.          LJ-14
    1.26703e+03    3.46250e+03    3.87821e+03    2.16534e+02    1.58245e+03
     Coulomb-14        LJ (SR)  Disper. corr.   Coulomb (SR)   Coul. recip.
    2.24265e+04    1.09959e+05   -3.89478e+03   -9.16808e+05    2.75957e+03
      Potential    Kinetic En.   Total Energy  Conserved En.    Temperature
   -7.75134e+05    1.39325e+05   -6.35809e+05   -6.31883e+05    3.00030e+02
 Pres. DC (bar) Pressure (bar)   Constr. rmsd
   -1.15822e+02   -3.82037e+01    3.99350e-06

           Step           Time
         337500      675.00000

   Energies (kJ/mol)
           Bond          Angle    Proper Dih. Per. Imp. Dih.          LJ-14
    1.31284e+03    3.49324e+03    3.90887e+03    2.19352e+02    1.62508e+03
     Coulomb-14        LJ (SR)  Disper. corr.   Coulomb (SR)   Coul. recip.
    2.24205e+04    1.10316e+05   -3.89291e+03   -9.16208e+05    2.74814e+03
      Potential    Kinetic En.   Total Energy  Conserved En.    Temperature
   -7.74031e+05    1.40067e+05   -6.33964e+05   -6.31909e+05    3.01627e+02
 Pres. DC (bar) Pressure (bar)   Constr. rmsd
   -1.15711e+02    1.10220e+02    3.99350e-06

           Step           Time
         338000      676.00000

   Energies (kJ/mol)
           Bond          Angle    Proper Dih. Per. Imp. Dih.          LJ-14
    1.23530e+03    3.61210e+03    3.97450e+03    1.84180e+02    1.57048e+03
     Coulomb-14        LJ (SR)  Disper. corr.   Coulomb (SR)   Coul. recip.
    2.21832e+04    1.09298e+05   -3.89335e+03   -9.15081e+05    2.63253e+03
      Potential    Kinetic En.   Total Energy  Conserved En.    Temperature
   -7.74257e+05    1.38941e+05   -6.35316e+05   -6.31827e+05    2.99202e+02
 Pres. DC (bar) Pressure (bar)   Constr. rmsd
   -1.15737e+02   -7.60557e+01    3.99350e-06

           Step           Time
         338500      677.00000

   Energies (kJ/mol)
           Bond          Angle    Proper Dih. Per. Imp. Dih.          LJ-14
    1.23774e+03    3.57747e+03    3.88952e+03    2.00630e+02    1.55792e+03
     Coulomb-14        LJ (SR)  Disper. corr.   Coulomb (SR)   Coul. recip.
    2.24036e+04    1.09094e+05   -3.88950e+03   -9.14732e+05    2.74903e+03
      Potential    Kinetic En.   Total Energy  Conserved En.    Temperature
   -7.73885e+05    1.38791e+05   -6.35094e+05   -6.31829e+05    2.98880e+02
 Pres. DC (bar) Pressure (bar)   Constr. rmsd
   -1.15508e+02   -1.06524e+02    3.99350e-06

           Step           Time
         339000      678.00000

   Energies (kJ/mol)
           Bond          Angle    Proper Dih. Per. Imp. Dih.          LJ-14
    1.29083e+03    3.61789e+03    3.95131e+03    1.87999e+02    1.58142e+03
     Coulomb-14        LJ (SR)  Disper. corr.   Coulomb (SR)   Coul. recip.
    2.22982e+04    1.08455e+05   -3.88891e+03   -9.13606e+05    2.81082e+03
      Potential    Kinetic En.   Total Energy  Conserved En.    Temperature
   -7.73284e+05    1.39042e+05   -6.34242e+05   -6.31911e+05    2.99419e+02
 Pres. DC (bar) Pressure (bar)   Constr. rmsd
   -1.15473e+02   -1.74446e+02    3.99350e-06

           Step           Time
         339500      679.00000

   Energies (kJ/mol)
           Bond          Angle    Proper Dih. Per. Imp. Dih.          LJ-14
    1.26784e+03    3.60377e+03    3.95208e+03    1.87696e+02    1.55615e+03
     Coulomb-14        LJ (SR)  Disper. corr.   Coulomb (SR)   Coul. recip.
    2.23560e+04    1.11866e+05   -3.88923e+03   -9.17573e+05    2.70452e+03
      Potential    Kinetic En.   Total Energy  Conserved En.    Temperature
   -7.73951e+05    1.39790e+05   -6.34161e+05   -6.31953e+05    3.01032e+02
 Pres. DC (bar) Pressure (bar)   Constr. rmsd
   -1.15492e+02    9.63955e+01    3.99350e-06

           Step           Time
         340000      680.00000

   Energies (kJ/mol)
           Bond          Angle    Proper Dih. Per. Imp. Dih.          LJ-14
    1.19136e+03    3.57907e+03    3.93717e+03    1.92590e+02    1.56512e+03
     Coulomb-14        LJ (SR)  Disper. corr.   Coulomb (SR)   Coul. recip.
    2.22840e+04    1.10638e+05   -3.88444e+03   -9.16408e+05    2.67939e+03
      Potential    Kinetic En.   Total Energy  Conserved En.    Temperature
   -7.74208e+05    1.40049e+05   -6.34158e+05   -6.32018e+05    3.01590e+02
 Pres. DC (bar) Pressure (bar)   Constr. rmsd
   -1.15208e+02    4.01146e+01    3.99350e-06

           Step           Time
         340500      681.00000

   Energies (kJ/mol)
           Bond          Angle    Proper Dih. Per. Imp. Dih.          LJ-14
    1.18494e+03    3.41093e+03    3.89330e+03    1.99913e+02    1.59930e+03
     Coulomb-14        LJ (SR)  Disper. corr.   Coulomb (SR)   Coul. recip.
    2.23958e+04    1.09756e+05   -3.88431e+03   -9.15941e+05    2.72373e+03
      Potential    Kinetic En.   Total Energy  Conserved En.    Temperature
   -7.74655e+05    1.39868e+05   -6.34787e+05   -6.31958e+05    3.01198e+02
 Pres. DC (bar) Pressure (bar)   Constr. rmsd
   -1.15200e+02   -5.46184e+01    3.99350e-06

           Step           Time
         341000      682.00000

   Energies (kJ/mol)
           Bond          Angle    Proper Dih. Per. Imp. Dih.          LJ-14
    1.22496e+03    3.45458e+03    3.85848e+03    1.81729e+02    1.56782e+03
     Coulomb-14        LJ (SR)  Disper. corr.   Coulomb (SR)   Coul. recip.
    2.23130e+04    1.09353e+05   -3.89209e+03   -9.14383e+05    2.63866e+03
      Potential    Kinetic En.   Total Energy  Conserved En.    Temperature
   -7.73665e+05    1.38580e+05   -6.35085e+05   -6.31829e+05    2.98425e+02
 Pres. DC (bar) Pressure (bar)   Constr. rmsd
   -1.15662e+02   -7.33050e+01    3.99350e-06

           Step           Time
         341500      683.00000

   Energies (kJ/mol)
           Bond          Angle    Proper Dih. Per. Imp. Dih.          LJ-14
    1.20869e+03    3.57641e+03    3.87892e+03    1.92093e+02    1.58987e+03
     Coulomb-14        LJ (SR)  Disper. corr.   Coulomb (SR)   Coul. recip.
    2.22801e+04    1.10879e+05   -3.88622e+03   -9.16281e+05    2.74382e+03
      Potential    Kinetic En.   Total Energy  Conserved En.    Temperature
   -7.73801e+05    1.38740e+05   -6.35060e+05   -6.31999e+05    2.98771e+02
 Pres. DC (bar) Pressure (bar)   Constr. rmsd
   -1.15314e+02    5.89169e+01    3.99350e-06

           Step           Time
         342000      684.00000

   Energies (kJ/mol)
           Bond          Angle    Proper Dih. Per. Imp. Dih.          LJ-14
    1.16935e+03    3.50514e+03    3.94455e+03    1.91908e+02    1.57465e+03
     Coulomb-14        LJ (SR)  Disper. corr.   Coulomb (SR)   Coul. recip.
    2.23881e+04    1.10361e+05   -3.88262e+03   -9.15876e+05    2.74724e+03
      Potential    Kinetic En.   Total Energy  Conserved En.    Temperature
   -7.73869e+05    1.38856e+05   -6.35013e+05   -6.32012e+05    2.99020e+02
 Pres. DC (bar) Pressure (bar)   Constr. rmsd
   -1.15100e+02   -5.63476e+01    3.99350e-06

           Step           Time
         342500      685.00000

   Energies (kJ/mol)
           Bond          Angle    Proper Dih. Per. Imp. Dih.          LJ-14
    1.29710e+03    3.63012e+03    3.91605e+03    2.24024e+02    1.48819e+03
     Coulomb-14        LJ (SR)  Disper. corr.   Coulomb (SR)   Coul. recip.
    2.22028e+04    1.10983e+05   -3.88390e+03   -9.16645e+05    2.71404e+03
      Potential    Kinetic En.   Total Energy  Conserved En.    Temperature
   -7.74055e+05    1.39900e+05   -6.34155e+05   -6.32029e+05    3.01269e+02
 Pres. DC (bar) Pressure (bar)   Constr. rmsd
   -1.15176e+02   -5.79895e+01    3.99350e-06

           Step           Time
         343000      686.00000

   Energies (kJ/mol)
           Bond          Angle    Proper Dih. Per. Imp. Dih.          LJ-14
    1.18305e+03    3.45029e+03    3.90193e+03    2.03237e+02    1.60708e+03
     Coulomb-14        LJ (SR)  Disper. corr.   Coulomb (SR)   Coul. recip.
    2.24824e+04    1.10804e+05   -3.88590e+03   -9.16717e+05    2.65054e+03
      Potential    Kinetic En.   Total Energy  Conserved En.    Temperature
   -7.74313e+05    1.38725e+05   -6.35588e+05   -6.31993e+05    2.98738e+02
 Pres. DC (bar) Pressure (bar)   Constr. rmsd
   -1.15295e+02    5.96742e+01    3.99350e-06

           Step           Time
         343500      687.00000

   Energies (kJ/mol)
           Bond          Angle    Proper Dih. Per. Imp. Dih.          LJ-14
    1.26187e+03    3.62172e+03    3.97218e+03    1.93320e+02    1.57988e+03
     Coulomb-14        LJ (SR)  Disper. corr.   Coulomb (SR)   Coul. recip.
    2.22456e+04    1.09834e+05   -3.88848e+03   -9.14381e+05    2.73725e+03
      Potential    Kinetic En.   Total Energy  Conserved En.    Temperature
   -7.72804e+05    1.38956e+05   -6.33848e+05   -6.31993e+05    2.99236e+02
 Pres. DC (bar) Pressure (bar)   Constr. rmsd
   -1.15448e+02    5.66245e+01    3.99350e-06

           Step           Time
         344000      688.00000

   Energies (kJ/mol)
           Bond          Angle    Proper Dih. Per. Imp. Dih.          LJ-14
    1.20856e+03    3.44658e+03    3.93354e+03    2.13277e+02    1.58994e+03
     Coulomb-14        LJ (SR)  Disper. corr.   Coulomb (SR)   Coul. recip.
    2.22987e+04    1.10164e+05   -3.88892e+03   -9.16324e+05    2.74761e+03
      Potential    Kinetic En.   Total Energy  Conserved En.    Temperature
   -7.74592e+05    1.39465e+05   -6.35126e+05   -6.31846e+05    3.00332e+02
 Pres. DC (bar) Pressure (bar)   Constr. rmsd
   -1.15474e+02    1.59251e+01    3.99350e-06

           Step           Time
         344500      689.00000

   Energies (kJ/mol)
           Bond          Angle    Proper Dih. Per. Imp. Dih.          LJ-14
    1.22166e+03    3.50491e+03    3.95811e+03    2.36879e+02    1.62070e+03
     Coulomb-14        LJ (SR)  Disper. corr.   Coulomb (SR)   Coul. recip.
    2.23701e+04    1.09927e+05   -3.89467e+03   -9.15776e+05    2.72191e+03
      Potential    Kinetic En.   Total Energy  Conserved En.    Temperature
   -7.74090e+05    1.38998e+05   -6.35092e+05   -6.31804e+05    2.99326e+02
 Pres. DC (bar) Pressure (bar)   Constr. rmsd
   -1.15815e+02    3.74284e+01    3.99350e-06

           Step           Time
         345000      690.00000

   Energies (kJ/mol)
           Bond          Angle    Proper Dih. Per. Imp. Dih.          LJ-14
    1.26640e+03    3.61505e+03    3.91665e+03    2.08553e+02    1.57553e+03
     Coulomb-14        LJ (SR)  Disper. corr.   Coulomb (SR)   Coul. recip.
    2.22859e+04    1.10042e+05   -3.88527e+03   -9.16367e+05    2.72737e+03
      Potential    Kinetic En.   Total Energy  Conserved En.    Temperature
   -7.74596e+05    1.38893e+05   -6.35703e+05   -6.31977e+05    2.99099e+02
 Pres. DC (bar) Pressure (bar)   Constr. rmsd
   -1.15258e+02   -1.16382e+02    3.99350e-06

           Step           Time
         345500      691.00000

   Energies (kJ/mol)
           Bond          Angle    Proper Dih. Per. Imp. Dih.          LJ-14
    1.12976e+03    3.49895e+03    3.82729e+03    1.99374e+02    1.65694e+03
     Coulomb-14        LJ (SR)  Disper. corr.   Coulomb (SR)   Coul. recip.
    2.24837e+04    1.11418e+05   -3.88202e+03   -9.17701e+05    2.81740e+03
      Potential    Kinetic En.   Total Energy  Conserved En.    Temperature
   -7.74532e+05    1.39388e+05   -6.35144e+05   -6.32066e+05    3.00166e+02
 Pres. DC (bar) Pressure (bar)   Constr. rmsd
   -1.15065e+02    1.67389e+02    3.99350e-06

           Step           Time
         346000      692.00000

   Energies (kJ/mol)
           Bond          Angle    Proper Dih. Per. Imp. Dih.          LJ-14
    1.17139e+03    3.42024e+03    3.86083e+03    2.12276e+02    1.51002e+03
     Coulomb-14        LJ (SR)  Disper. corr.   Coulomb (SR)   Coul. recip.
    2.22494e+04    1.10129e+05   -3.88332e+03   -9.16200e+05    2.68731e+03
      Potential    Kinetic En.   Total Energy  Conserved En.    Temperature
   -7.74823e+05    1.38813e+05   -6.36009e+05   -6.32031e+05    2.98928e+02
 Pres. DC (bar) Pressure (bar)   Constr. rmsd
   -1.15142e+02   -3.24365e+01    3.99350e-06

           Step           Time
         346500      693.00000

   Energies (kJ/mol)
           Bond          Angle    Proper Dih. Per. Imp. Dih.          LJ-14
    1.28318e+03    3.57920e+03    3.82161e+03    2.10166e+02    1.52041e+03
     Coulomb-14        LJ (SR)  Disper. corr.   Coulomb (SR)   Coul. recip.
    2.20648e+04    1.11313e+05   -3.88933e+03   -9.17824e+05    2.79325e+03
      Potential    Kinetic En.   Total Energy  Conserved En.    Temperature
   -7.75107e+05    1.38427e+05   -6.36680e+05   -6.31825e+05    2.98095e+02
 Pres. DC (bar) Pressure (bar)   Constr. rmsd
   -1.15498e+02    8.21963e+01    3.99350e-06

           Step           Time
         347000      694.00000

   Energies (kJ/mol)
           Bond          Angle    Proper Dih. Per. Imp. Dih.          LJ-14
    1.24315e+03    3.49151e+03    3.81942e+03    2.13351e+02    1.61289e+03
     Coulomb-14        LJ (SR)  Disper. corr.   Coulomb (SR)   Coul. recip.
    2.23352e+04    1.10175e+05   -3.88973e+03   -9.16532e+05    2.67567e+03
      Potential    Kinetic En.   Total Energy  Conserved En.    Temperature
   -7.74835e+05    1.39041e+05   -6.35794e+05   -6.31854e+05    2.99417e+02
 Pres. DC (bar) Pressure (bar)   Constr. rmsd
   -1.15522e+02   -4.04809e+01    3.99350e-06

           Step           Time
         347500      695.00000

   Energies (kJ/mol)
           Bond          Angle    Proper Dih. Per. Imp. Dih.          LJ-14
    1.22016e+03    3.55299e+03    3.87182e+03    2.10989e+02    1.59568e+03
     Coulomb-14        LJ (SR)  Disper. corr.   Coulomb (SR)   Coul. recip.
    2.22746e+04    1.09994e+05   -3.88604e+03   -9.14354e+05    2.70955e+03
      Potential    Kinetic En.   Total Energy  Conserved En.    Temperature
   -7.72780e+05    1.38998e+05   -6.33782e+05   -6.31989e+05    2.99325e+02
 Pres. DC (bar) Pressure (bar)   Constr. rmsd
   -1.15303e+02    2.49501e+01    3.99350e-06

           Step           Time
         348000      696.00000

   Energies (kJ/mol)
           Bond          Angle    Proper Dih. Per. Imp. Dih.          LJ-14
    1.25748e+03    3.52939e+03    3.88797e+03    2.47693e+02    1.57002e+03
     Coulomb-14        LJ (SR)  Disper. corr.   Coulomb (SR)   Coul. recip.
    2.23774e+04    1.09146e+05   -3.88142e+03   -9.14385e+05    2.81294e+03
      Potential    Kinetic En.   Total Energy  Conserved En.    Temperature
   -7.73416e+05    1.38844e+05   -6.34572e+05   -6.32112e+05    2.98993e+02
 Pres. DC (bar) Pressure (bar)   Constr. rmsd
   -1.15029e+02   -1.24460e+02    3.99350e-06

           Step           Time
         348500      697.00000

   Energies (kJ/mol)
           Bond          Angle    Proper Dih. Per. Imp. Dih.          LJ-14
    1.18871e+03    3.67467e+03    3.88868e+03    2.05795e+02    1.53975e+03
     Coulomb-14        LJ (SR)  Disper. corr.   Coulomb (SR)   Coul. recip.
    2.22050e+04    1.10602e+05   -3.87540e+03   -9.15334e+05    2.70265e+03
      Potential    Kinetic En.   Total Energy  Conserved En.    Temperature
   -7.73173e+05    1.38354e+05   -6.34818e+05   -6.32164e+05    2.97939e+02
 Pres. DC (bar) Pressure (bar)   Constr. rmsd
   -1.14673e+02    3.72312e+01    3.99350e-06

           Step           Time
         349000      698.00000

   Energies (kJ/mol)
           Bond          Angle    Proper Dih. Per. Imp. Dih.          LJ-14
    1.25296e+03    3.81696e+03    3.89196e+03    1.91906e+02    1.50440e+03
     Coulomb-14        LJ (SR)  Disper. corr.   Coulomb (SR)   Coul. recip.
    2.22743e+04    1.10266e+05   -3.88057e+03   -9.16103e+05    2.68421e+03
      Potential    Kinetic En.   Total Energy  Conserved En.    Temperature
   -7.74078e+05    1.39087e+05   -6.34991e+05   -6.32010e+05    2.99517e+02
 Pres. DC (bar) Pressure (bar)   Constr. rmsd
   -1.14979e+02   -7.41131e+01    3.99350e-06

           Step           Time
         349500      699.00000

   Energies (kJ/mol)
           Bond          Angle    Proper Dih. Per. Imp. Dih.          LJ-14
    1.31378e+03    3.52736e+03    3.92318e+03    1.89432e+02    1.50573e+03
     Coulomb-14        LJ (SR)  Disper. corr.   Coulomb (SR)   Coul. recip.
    2.20975e+04    1.08864e+05   -3.88822e+03   -9.14786e+05    2.69860e+03
      Potential    Kinetic En.   Total Energy  Conserved En.    Temperature
   -7.74533e+05    1.38789e+05   -6.35744e+05   -6.31814e+05    2.98875e+02
 Pres. DC (bar) Pressure (bar)   Constr. rmsd
   -1.15432e+02   -1.69572e+02    3.99350e-06

           Step           Time
         350000      700.00000

   Energies (kJ/mol)
           Bond          Angle    Proper Dih. Per. Imp. Dih.          LJ-14
    1.18304e+03    3.57415e+03    3.88409e+03    1.92787e+02    1.54922e+03
     Coulomb-14        LJ (SR)  Disper. corr.   Coulomb (SR)   Coul. recip.
    2.22072e+04    1.09933e+05   -3.89373e+03   -9.16154e+05    2.72797e+03
      Potential    Kinetic En.   Total Energy  Conserved En.    Temperature
   -7.74766e+05    1.39693e+05   -6.35073e+05   -6.31714e+05    3.00823e+02
 Pres. DC (bar) Pressure (bar)   Constr. rmsd
   -1.15760e+02    2.30378e+01    3.99350e-06

           Step           Time
         350500      701.00000

   Energies (kJ/mol)
           Bond          Angle    Proper Dih. Per. Imp. Dih.          LJ-14
    1.19115e+03    3.62105e+03    3.90964e+03    1.82020e+02    1.54983e+03
     Coulomb-14        LJ (SR)  Disper. corr.   Coulomb (SR)   Coul. recip.
    2.22541e+04    1.09978e+05   -3.89790e+03   -9.15809e+05    2.72793e+03
      Potential    Kinetic En.   Total Energy  Conserved En.    Temperature
   -7.74271e+05    1.39006e+05   -6.35264e+05   -6.31622e+05    2.99343e+02
 Pres. DC (bar) Pressure (bar)   Constr. rmsd
   -1.16008e+02    1.82480e+00    3.99350e-06

           Step           Time
         351000      702.00000

   Energies (kJ/mol)
           Bond          Angle    Proper Dih. Per. Imp. Dih.          LJ-14
    1.16689e+03    3.42493e+03    3.89101e+03    2.06560e+02    1.55280e+03
     Coulomb-14        LJ (SR)  Disper. corr.   Coulomb (SR)   Coul. recip.
    2.24626e+04    1.11895e+05   -3.89935e+03   -9.18995e+05    2.71163e+03
      Potential    Kinetic En.   Total Energy  Conserved En.    Temperature
   -7.75560e+05    1.39328e+05   -6.36232e+05   -6.31552e+05    3.00035e+02
 Pres. DC (bar) Pressure (bar)   Constr. rmsd
   -1.16094e+02    1.49775e+02    3.99350e-06

           Step           Time
         351500      703.00000

   Energies (kJ/mol)
           Bond          Angle    Proper Dih. Per. Imp. Dih.          LJ-14
    1.15349e+03    3.49074e+03    3.84346e+03    1.79254e+02    1.58104e+03
     Coulomb-14        LJ (SR)  Disper. corr.   Coulomb (SR)   Coul. recip.
    2.22611e+04    1.10290e+05   -3.90738e+03   -9.16811e+05    2.73521e+03
      Potential    Kinetic En.   Total Energy  Conserved En.    Temperature
   -7.75162e+05    1.38971e+05   -6.36190e+05   -6.31437e+05    2.99268e+02
 Pres. DC (bar) Pressure (bar)   Constr. rmsd
   -1.16572e+02    1.25689e+02    3.99350e-06

           Step           Time
         352000      704.00000

   Energies (kJ/mol)
           Bond          Angle    Proper Dih. Per. Imp. Dih.          LJ-14
    1.30334e+03    3.48608e+03    3.86915e+03    1.75930e+02    1.55987e+03
     Coulomb-14        LJ (SR)  Disper. corr.   Coulomb (SR)   Coul. recip.
    2.22566e+04    1.10245e+05   -3.89652e+03   -9.16922e+05    2.67967e+03
      Potential    Kinetic En.   Total Energy  Conserved En.    Temperature
   -7.75221e+05    1.39223e+05   -6.35998e+05   -6.31580e+05    2.99810e+02
 Pres. DC (bar) Pressure (bar)   Constr. rmsd
   -1.15925e+02   -9.35176e+01    3.99350e-06

           Step           Time
         352500      705.00000

   Energies (kJ/mol)
           Bond          Angle    Proper Dih. Per. Imp. Dih.          LJ-14
    1.33074e+03    3.53391e+03    3.85924e+03    1.88606e+02    1.51456e+03
     Coulomb-14        LJ (SR)  Disper. corr.   Coulomb (SR)   Coul. recip.
    2.21321e+04    1.10559e+05   -3.90047e+03   -9.15971e+05    2.71866e+03
      Potential    Kinetic En.   Total Energy  Conserved En.    Temperature
   -7.74011e+05    1.39309e+05   -6.34702e+05   -6.31523e+05    2.99996e+02
 Pres. DC (bar) Pressure (bar)   Constr. rmsd
   -1.16160e+02    3.60977e+01    3.99350e-06

           Step           Time
         353000      706.00000

   Energies (kJ/mol)
           Bond          Angle    Proper Dih. Per. Imp. Dih.          LJ-14
    1.22129e+03    3.51623e+03    3.93200e+03    1.97727e+02    1.53699e+03
     Coulomb-14        LJ (SR)  Disper. corr.   Coulomb (SR)   Coul. recip.
    2.23183e+04    1.10726e+05   -3.89742e+03   -9.17051e+05    2.64501e+03
      Potential    Kinetic En.   Total Energy  Conserved En.    Temperature
   -7.74845e+05    1.40960e+05   -6.33885e+05   -6.31684e+05    3.03550e+02
 Pres. DC (bar) Pressure (bar)   Constr. rmsd
   -1.15979e+02    1.08464e+02    3.99350e-06

           Step           Time
         353500      707.00000

   Energies (kJ/mol)
           Bond          Angle    Proper Dih. Per. Imp. Dih.          LJ-14
    1.23087e+03    3.63174e+03    3.84213e+03    2.01213e+02    1.61681e+03
     Coulomb-14        LJ (SR)  Disper. corr.   Coulomb (SR)   Coul. recip.
    2.21508e+04    1.09660e+05   -3.89319e+03   -9.15864e+05    2.71878e+03
      Potential    Kinetic En.   Total Energy  Conserved En.    Temperature
   -7.74682e+05    1.39287e+05   -6.35395e+05   -6.31694e+05    2.99947e+02
 Pres. DC (bar) Pressure (bar)   Constr. rmsd
   -1.15728e+02   -1.40484e+01    3.99350e-06

           Step           Time
         354000      708.00000

   Energies (kJ/mol)
           Bond          Angle    Proper Dih. Per. Imp. Dih.          LJ-14
    1.20729e+03    3.56288e+03    3.84517e+03    2.34525e+02    1.55810e+03
     Coulomb-14        LJ (SR)  Disper. corr.   Coulomb (SR)   Coul. recip.
    2.22566e+04    1.12311e+05   -3.89003e+03   -9.19087e+05    2.69781e+03
      Potential    Kinetic En.   Total Energy  Conserved En.    Temperature
   -7.75280e+05    1.39555e+05   -6.35725e+05   -6.31712e+05    3.00525e+02
 Pres. DC (bar) Pressure (bar)   Constr. rmsd
   -1.15540e+02    1.48254e+02    3.99350e-06

           Step           Time
         354500      709.00000

   Energies (kJ/mol)
           Bond          Angle    Proper Dih. Per. Imp. Dih.          LJ-14
    1.27147e+03    3.52640e+03    3.99309e+03    1.83024e+02    1.57566e+03
     Coulomb-14        LJ (SR)  Disper. corr.   Coulomb (SR)   Coul. recip.
    2.21449e+04    1.09371e+05   -3.89203e+03   -9.14346e+05    2.63301e+03
      Potential    Kinetic En.   Total Energy  Conserved En.    Temperature
   -7.73516e+05    1.38377e+05   -6.35139e+05   -6.31742e+05    2.97988e+02
 Pres. DC (bar) Pressure (bar)   Constr. rmsd
   -1.15659e+02   -5.98264e+01    3.99350e-06

           Step           Time
         355000      710.00000

   Energies (kJ/mol)
           Bond          Angle    Proper Dih. Per. Imp. Dih.          LJ-14
    1.21048e+03    3.48708e+03    3.91678e+03    1.87981e+02    1.58681e+03
     Coulomb-14        LJ (SR)  Disper. corr.   Coulomb (SR)   Coul. recip.
    2.23771e+04    1.09730e+05   -3.88731e+03   -9.16702e+05    2.67722e+03
      Potential    Kinetic En.   Total Energy  Conserved En.    Temperature
   -7.75391e+05    1.38911e+05   -6.36480e+05   -6.31786e+05    2.99138e+02
 Pres. DC (bar) Pressure (bar)   Constr. rmsd
   -1.15378e+02   -7.88472e+01    3.99350e-06

           Step           Time
         355500      711.00000

   Energies (kJ/mol)
           Bond          Angle    Proper Dih. Per. Imp. Dih.          LJ-14
    1.32806e+03    3.56433e+03    3.85655e+03    1.51908e+02    1.51178e+03
     Coulomb-14        LJ (SR)  Disper. corr.   Coulomb (SR)   Coul. recip.
    2.22542e+04    1.10482e+05   -3.88570e+03   -9.16829e+05    2.65038e+03
      Potential    Kinetic En.   Total Energy  Conserved En.    Temperature
   -7.74891e+05    1.39273e+05   -6.35618e+05   -6.31791e+05    2.99917e+02
 Pres. DC (bar) Pressure (bar)   Constr. rmsd
   -1.15283e+02   -2.16119e+01    3.99350e-06

           Step           Time
         356000      712.00000

   Energies (kJ/mol)
           Bond          Angle    Proper Dih. Per. Imp. Dih.          LJ-14
    1.26260e+03    3.52737e+03    3.88969e+03    1.99871e+02    1.50220e+03
     Coulomb-14        LJ (SR)  Disper. corr.   Coulomb (SR)   Coul. recip.
    2.22724e+04    1.11374e+05   -3.88126e+03   -9.18022e+05    2.76332e+03
      Potential    Kinetic En.   Total Energy  Conserved En.    Temperature
   -7.75080e+05    1.38479e+05   -6.36600e+05   -6.31933e+05    2.98208e+02
 Pres. DC (bar) Pressure (bar)   Constr. rmsd
   -1.15020e+02    1.32592e+00    3.99350e-06

           Step           Time
         356500      713.00000

   Energies (kJ/mol)
           Bond          Angle    Proper Dih. Per. Imp. Dih.          LJ-14
    1.25498e+03    3.56213e+03    3.87458e+03    1.97794e+02    1.55166e+03
     Coulomb-14        LJ (SR)  Disper. corr.   Coulomb (SR)   Coul. recip.
    2.22471e+04    1.10378e+05   -3.88014e+03   -9.17787e+05    2.71158e+03
      Potential    Kinetic En.   Total Energy  Conserved En.    Temperature
   -7.75857e+05    1.39497e+05   -6.36359e+05   -6.31922e+05    3.00401e+02
 Pres. DC (bar) Pressure (bar)   Constr. rmsd
   -1.14953e+02   -2.08382e+02    3.99350e-06

           Step           Time
         357000      714.00000

   Energies (kJ/mol)
           Bond          Angle    Proper Dih. Per. Imp. Dih.          LJ-14
    1.21729e+03    3.66901e+03    3.91423e+03    2.15143e+02    1.52880e+03
     Coulomb-14        LJ (SR)  Disper. corr.   Coulomb (SR)   Coul. recip.
    2.21273e+04    1.11797e+05   -3.88746e+03   -9.18218e+05    2.69856e+03
      Potential    Kinetic En.   Total Energy  Conserved En.    Temperature
   -7.74913e+05    1.38508e+05   -6.36405e+05   -6.31739e+05    2.98270e+02
 Pres. DC (bar) Pressure (bar)   Constr. rmsd
   -1.15387e+02    1.35978e+02    3.99350e-06

           Step           Time
         357500      715.00000

   Energies (kJ/mol)
           Bond          Angle    Proper Dih. Per. Imp. Dih.          LJ-14
    1.33854e+03    3.56502e+03    3.93727e+03    2.09594e+02    1.44932e+03
     Coulomb-14        LJ (SR)  Disper. corr.   Coulomb (SR)   Coul. recip.
    2.24152e+04    1.10978e+05   -3.89232e+03   -9.17535e+05    2.76391e+03
      Potential    Kinetic En.   Total Energy  Conserved En.    Temperature
   -7.74737e+05    1.38427e+05   -6.36310e+05   -6.31654e+05    2.98095e+02
 Pres. DC (bar) Pressure (bar)   Constr. rmsd
   -1.15676e+02   -9.29067e+01    3.99350e-06

           Step           Time
         358000      716.00000

   Energies (kJ/mol)
           Bond          Angle    Proper Dih. Per. Imp. Dih.          LJ-14
    1.25542e+03    3.58755e+03    3.91842e+03    1.95654e+02    1.52689e+03
     Coulomb-14        LJ (SR)  Disper. corr.   Coulomb (SR)   Coul. recip.
    2.22288e+04    1.08876e+05   -3.88960e+03   -9.15284e+05    2.72507e+03
      Potential    Kinetic En.   Total Energy  Conserved En.    Temperature
   -7.74827e+05    1.39247e+05   -6.35580e+05   -6.31702e+05    2.99861e+02
 Pres. DC (bar) Pressure (bar)   Constr. rmsd
   -1.15514e+02   -1.65004e+02    3.99350e-06

           Step           Time
         358500      717.00000

   Energies (kJ/mol)
           Bond          Angle    Proper Dih. Per. Imp. Dih.          LJ-14
    1.15915e+03    3.56615e+03    3.98252e+03    2.50416e+02    1.55217e+03
     Coulomb-14        LJ (SR)  Disper. corr.   Coulomb (SR)   Coul. recip.
    2.23694e+04    1.11013e+05   -3.89183e+03   -9.18251e+05    2.65812e+03
      Potential    Kinetic En.   Total Energy  Conserved En.    Temperature
   -7.75558e+05    1.38897e+05   -6.36661e+05   -6.31680e+05    2.99109e+02
 Pres. DC (bar) Pressure (bar)   Constr. rmsd
   -1.15647e+02    3.43174e+01    3.99350e-06

           Step           Time
         359000      718.00000

   Energies (kJ/mol)
           Bond          Angle    Proper Dih. Per. Imp. Dih.          LJ-14
    1.23639e+03    3.56586e+03    3.97472e+03    2.01627e+02    1.56462e+03
     Coulomb-14        LJ (SR)  Disper. corr.   Coulomb (SR)   Coul. recip.
    2.23724e+04    1.09977e+05   -3.89794e+03   -9.16935e+05    2.80785e+03
      Potential    Kinetic En.   Total Energy  Conserved En.    Temperature
   -7.75099e+05    1.38611e+05   -6.36488e+05   -6.31425e+05    2.98493e+02
 Pres. DC (bar) Pressure (bar)   Constr. rmsd
   -1.16010e+02   -1.10904e+02    3.99350e-06

           Step           Time
         359500      719.00000

   Energies (kJ/mol)
           Bond          Angle    Proper Dih. Per. Imp. Dih.          LJ-14
    1.21022e+03    3.72454e+03    3.92327e+03    2.11997e+02    1.60325e+03
     Coulomb-14        LJ (SR)  Disper. corr.   Coulomb (SR)   Coul. recip.
    2.23051e+04    1.12201e+05   -3.90464e+03   -9.19313e+05    2.77025e+03
      Potential    Kinetic En.   Total Energy  Conserved En.    Temperature
   -7.75242e+05    1.39005e+05   -6.36238e+05   -6.31393e+05    2.99339e+02
 Pres. DC (bar) Pressure (bar)   Constr. rmsd
   -1.16409e+02    1.88691e+02    3.99350e-06

           Step           Time
         360000      720.00000

   Energies (kJ/mol)
           Bond          Angle    Proper Dih. Per. Imp. Dih.          LJ-14
    1.21322e+03    3.36906e+03    3.90856e+03    1.89490e+02    1.54423e+03
     Coulomb-14        LJ (SR)  Disper. corr.   Coulomb (SR)   Coul. recip.
    2.23046e+04    1.11886e+05   -3.89562e+03   -9.18799e+05    2.74052e+03
      Potential    Kinetic En.   Total Energy  Conserved En.    Temperature
   -7.75526e+05    1.39007e+05   -6.36520e+05   -6.31538e+05    2.99344e+02
 Pres. DC (bar) Pressure (bar)   Constr. rmsd
   -1.15872e+02    1.50702e+02    3.99350e-06

           Step           Time
         360500      721.00000

   Energies (kJ/mol)
           Bond          Angle    Proper Dih. Per. Imp. Dih.          LJ-14
    1.33141e+03    3.51332e+03    3.90535e+03    1.74172e+02    1.59802e+03
     Coulomb-14        LJ (SR)  Disper. corr.   Coulomb (SR)   Coul. recip.
    2.21340e+04    1.11841e+05   -3.89676e+03   -9.19189e+05    2.70285e+03
      Potential    Kinetic En.   Total Energy  Conserved En.    Temperature
   -7.75859e+05    1.39660e+05   -6.36199e+05   -6.31568e+05    3.00751e+02
 Pres. DC (bar) Pressure (bar)   Constr. rmsd
   -1.15940e+02    8.92693e+01    3.99350e-06

           Step           Time
         361000      722.00000

   Energies (kJ/mol)
           Bond          Angle    Proper Dih. Per. Imp. Dih.          LJ-14
    1.15260e+03    3.44261e+03    3.85213e+03    2.37070e+02    1.59696e+03
     Coulomb-14        LJ (SR)  Disper. corr.   Coulomb (SR)   Coul. recip.
    2.22652e+04    1.10318e+05   -3.89087e+03   -9.16686e+05    2.66960e+03
      Potential    Kinetic En.   Total Energy  Conserved En.    Temperature
   -7.75016e+05    1.38420e+05   -6.36596e+05   -6.31662e+05    2.98080e+02
 Pres. DC (bar) Pressure (bar)   Constr. rmsd
   -1.15590e+02    2.08460e+01    3.99350e-06

           Step           Time
         361500      723.00000

   Energies (kJ/mol)
           Bond          Angle    Proper Dih. Per. Imp. Dih.          LJ-14
    1.14853e+03    3.55405e+03    3.90029e+03    2.05034e+02    1.59960e+03
     Coulomb-14        LJ (SR)  Disper. corr.   Coulomb (SR)   Coul. recip.
    2.23056e+04    1.11914e+05   -3.90086e+03   -9.20166e+05    2.70877e+03
      Potential    Kinetic En.   Total Energy  Conserved En.    Temperature
   -7.76704e+05    1.39681e+05   -6.37023e+05   -6.31396e+05    3.00795e+02
 Pres. DC (bar) Pressure (bar)   Constr. rmsd
   -1.16184e+02    1.40070e+02    3.99350e-06

           Step           Time
         362000      724.00000

   Energies (kJ/mol)
           Bond          Angle    Proper Dih. Per. Imp. Dih.          LJ-14
    1.17240e+03    3.58827e+03    3.89949e+03    2.01629e+02    1.56499e+03
     Coulomb-14        LJ (SR)  Disper. corr.   Coulomb (SR)   Coul. recip.
    2.23327e+04    1.10857e+05   -3.89939e+03   -9.17579e+05    2.62415e+03
      Potential    Kinetic En.   Total Energy  Conserved En.    Temperature
   -7.75211e+05    1.38386e+05   -6.36824e+05   -6.31390e+05    2.98008e+02
 Pres. DC (bar) Pressure (bar)   Constr. rmsd
   -1.16096e+02    2.71124e+01    3.99350e-06

           Step           Time
         362500      725.00000

   Energies (kJ/mol)
           Bond          Angle    Proper Dih. Per. Imp. Dih.          LJ-14
    1.19024e+03    3.60652e+03    3.95820e+03    2.18420e+02    1.59576e+03
     Coulomb-14        LJ (SR)  Disper. corr.   Coulomb (SR)   Coul. recip.
    2.22705e+04    1.12541e+05   -3.90081e+03   -9.18958e+05    2.68449e+03
      Potential    Kinetic En.   Total Energy  Conserved En.    Temperature
   -7.74766e+05    1.38310e+05   -6.36456e+05   -6.31427e+05    2.97845e+02
 Pres. DC (bar) Pressure (bar)   Constr. rmsd
   -1.16180e+02    2.54365e+02    3.99350e-06

           Step           Time
         363000      726.00000

   Energies (kJ/mol)
           Bond          Angle    Proper Dih. Per. Imp. Dih.          LJ-14
    1.23224e+03    3.44628e+03    3.93298e+03    2.25370e+02    1.61660e+03
     Coulomb-14        LJ (SR)  Disper. corr.   Coulomb (SR)   Coul. recip.
    2.23703e+04    1.10659e+05   -3.89911e+03   -9.18485e+05    2.68442e+03
      Potential    Kinetic En.   Total Energy  Conserved En.    Temperature
   -7.76188e+05    1.39286e+05   -6.36903e+05   -6.31389e+05    2.99945e+02
 Pres. DC (bar) Pressure (bar)   Constr. rmsd
   -1.16079e+02   -4.96174e+01    3.99350e-06

           Step           Time
         363500      727.00000

   Energies (kJ/mol)
           Bond          Angle    Proper Dih. Per. Imp. Dih.          LJ-14
    1.28673e+03    3.50890e+03    3.89214e+03    1.91809e+02    1.57169e+03
     Coulomb-14        LJ (SR)  Disper. corr.   Coulomb (SR)   Coul. recip.
    2.22923e+04    1.10162e+05   -3.90119e+03   -9.18040e+05    2.74005e+03
      Potential    Kinetic En.   Total Energy  Conserved En.    Temperature
   -7.76283e+05    1.38527e+05   -6.37756e+05   -6.31428e+05    2.98311e+02
 Pres. DC (bar) Pressure (bar)   Constr. rmsd
   -1.16204e+02   -7.07928e+01    3.99350e-06

           Step           Time
         364000      728.00000

   Energies (kJ/mol)
           Bond          Angle    Proper Dih. Per. Imp. Dih.          LJ-14
    1.20519e+03    3.43392e+03    3.98492e+03    2.14590e+02    1.56084e+03
     Coulomb-14        LJ (SR)  Disper. corr.   Coulomb (SR)   Coul. recip.
    2.24243e+04    1.12131e+05   -3.89702e+03   -9.20270e+05    2.68328e+03
      Potential    Kinetic En.   Total Energy  Conserved En.    Temperature
   -7.76516e+05    1.39074e+05   -6.37441e+05   -6.31454e+05    2.99490e+02
 Pres. DC (bar) Pressure (bar)   Constr. rmsd
   -1.15955e+02    1.18001e+02    3.99350e-06

           Step           Time
         364500      729.00000

   Energies (kJ/mol)
           Bond          Angle    Proper Dih. Per. Imp. Dih.          LJ-14
    1.24121e+03    3.45961e+03    3.85714e+03    1.99401e+02    1.51573e+03
     Coulomb-14        LJ (SR)  Disper. corr.   Coulomb (SR)   Coul. recip.
    2.22039e+04    1.10343e+05   -3.89712e+03   -9.16771e+05    2.64046e+03
      Potential    Kinetic En.   Total Energy  Conserved En.    Temperature
   -7.75179e+05    1.39454e+05   -6.35726e+05   -6.31441e+05    3.00306e+02
 Pres. DC (bar) Pressure (bar)   Constr. rmsd
   -1.15961e+02   -8.85180e+01    3.99350e-06

           Step           Time
         365000      730.00000

   Energies (kJ/mol)
           Bond          Angle    Proper Dih. Per. Imp. Dih.          LJ-14
    1.21796e+03    3.56859e+03    3.87429e+03    1.96733e+02    1.58818e+03
     Coulomb-14        LJ (SR)  Disper. corr.   Coulomb (SR)   Coul. recip.
    2.23119e+04    1.09198e+05   -3.89485e+03   -9.14925e+05    2.76622e+03
      Potential    Kinetic En.   Total Energy  Conserved En.    Temperature
   -7.74062e+05    1.39694e+05   -6.34368e+05   -6.31532e+05    3.00824e+02
 Pres. DC (bar) Pressure (bar)   Constr. rmsd
   -1.15826e+02   -1.15699e+02    3.99350e-06

           Step           Time
         365500      731.00000

   Energies (kJ/mol)
           Bond          Angle    Proper Dih. Per. Imp. Dih.          LJ-14
    1.22655e+03    3.56423e+03    3.94557e+03    2.40336e+02    1.48266e+03
     Coulomb-14        LJ (SR)  Disper. corr.   Coulomb (SR)   Coul. recip.
    2.21747e+04    1.10710e+05   -3.88821e+03   -9.16579e+05    2.76781e+03
      Potential    Kinetic En.   Total Energy  Conserved En.    Temperature
   -7.74326e+05    1.38988e+05   -6.35338e+05   -6.31669e+05    2.99303e+02
 Pres. DC (bar) Pressure (bar)   Constr. rmsd
   -1.15432e+02   -4.22418e+01    3.99350e-06

           Step           Time
         366000      732.00000

   Energies (kJ/mol)
           Bond          Angle    Proper Dih. Per. Imp. Dih.          LJ-14
    1.17709e+03    3.57400e+03    3.92155e+03    1.64418e+02    1.57828e+03
     Coulomb-14        LJ (SR)  Disper. corr.   Coulomb (SR)   Coul. recip.
    2.23085e+04    1.11427e+05   -3.89530e+03   -9.17066e+05    2.67028e+03
      Potential    Kinetic En.   Total Energy  Conserved En.    Temperature
   -7.74111e+05    1.38960e+05   -6.35151e+05   -6.31470e+05    2.99242e+02
 Pres. DC (bar) Pressure (bar)   Constr. rmsd
   -1.15853e+02    1.30388e+02    3.99350e-06

           Step           Time
         366500      733.00000

   Energies (kJ/mol)
           Bond          Angle    Proper Dih. Per. Imp. Dih.          LJ-14
    1.31652e+03    3.54457e+03    3.87633e+03    2.27782e+02    1.54731e+03
     Coulomb-14        LJ (SR)  Disper. corr.   Coulomb (SR)   Coul. recip.
    2.23456e+04    1.09413e+05   -3.89661e+03   -9.14936e+05    2.78258e+03
      Potential    Kinetic En.   Total Energy  Conserved En.    Temperature
   -7.73749e+05    1.39653e+05   -6.34096e+05   -6.31477e+05    3.00735e+02
 Pres. DC (bar) Pressure (bar)   Constr. rmsd
   -1.15931e+02   -1.14041e+02    3.99350e-06

           Step           Time
         367000      734.00000

   Energies (kJ/mol)
           Bond          Angle    Proper Dih. Per. Imp. Dih.          LJ-14
    1.21655e+03    3.56703e+03    3.84411e+03    2.21535e+02    1.59347e+03
     Coulomb-14        LJ (SR)  Disper. corr.   Coulomb (SR)   Coul. recip.
    2.22711e+04    1.11645e+05   -3.89802e+03   -9.16636e+05    2.77165e+03
      Potential    Kinetic En.   Total Energy  Conserved En.    Temperature
   -7.73374e+05    1.39455e+05   -6.33919e+05   -6.31483e+05    3.00309e+02
 Pres. DC (bar) Pressure (bar)   Constr. rmsd
   -1.16015e+02    1.98269e+02    3.99350e-06

           Step           Time
         367500      735.00000

   Energies (kJ/mol)
           Bond          Angle    Proper Dih. Per. Imp. Dih.          LJ-14
    1.14716e+03    3.65053e+03    3.90914e+03    2.19202e+02    1.57866e+03
     Coulomb-14        LJ (SR)  Disper. corr.   Coulomb (SR)   Coul. recip.
    2.23870e+04    1.10097e+05   -3.89912e+03   -9.15316e+05    2.70281e+03
      Potential    Kinetic En.   Total Energy  Conserved En.    Temperature
   -7.73494e+05    1.39308e+05   -6.34185e+05   -6.31412e+05    2.99994e+02
 Pres. DC (bar) Pressure (bar)   Constr. rmsd
   -1.16080e+02    6.83103e+01    3.99350e-06

           Step           Time
         368000      736.00000

   Energies (kJ/mol)
           Bond          Angle    Proper Dih. Per. Imp. Dih.          LJ-14
    1.16251e+03    3.46558e+03    3.93423e+03    1.82570e+02    1.59498e+03
     Coulomb-14        LJ (SR)  Disper. corr.   Coulomb (SR)   Coul. recip.
    2.23899e+04    1.10155e+05   -3.89034e+03   -9.15708e+05    2.80481e+03
      Potential    Kinetic En.   Total Energy  Conserved En.    Temperature
   -7.73879e+05    1.38963e+05   -6.34916e+05   -6.31669e+05    2.99251e+02
 Pres. DC (bar) Pressure (bar)   Constr. rmsd
   -1.15558e+02   -3.71419e+01    3.99350e-06

           Step           Time
         368500      737.00000

   Energies (kJ/mol)
           Bond          Angle    Proper Dih. Per. Imp. Dih.          LJ-14
    1.27059e+03    3.61670e+03    4.01885e+03    2.02678e+02    1.55857e+03
     Coulomb-14        LJ (SR)  Disper. corr.   Coulomb (SR)   Coul. recip.
    2.24022e+04    1.10269e+05   -3.88444e+03   -9.15487e+05    2.78031e+03
      Potential    Kinetic En.   Total Energy  Conserved En.    Temperature
   -7.73216e+05    1.39593e+05   -6.33623e+05   -6.31699e+05    3.00607e+02
 Pres. DC (bar) Pressure (bar)   Constr. rmsd
   -1.15209e+02   -2.84957e+01    3.99350e-06

           Step           Time
         369000      738.00000

   Energies (kJ/mol)
           Bond          Angle    Proper Dih. Per. Imp. Dih.          LJ-14
    1.23581e+03    3.51255e+03    3.86878e+03    2.14504e+02    1.54298e+03
     Coulomb-14        LJ (SR)  Disper. corr.   Coulomb (SR)   Coul. recip.
    2.23766e+04    1.09666e+05   -3.88105e+03   -9.15668e+05    2.66099e+03
      Potential    Kinetic En.   Total Energy  Conserved En.    Temperature
   -7.74434e+05    1.39225e+05   -6.35209e+05   -6.31855e+05    2.99814e+02
 Pres. DC (bar) Pressure (bar)   Constr. rmsd
   -1.15007e+02   -1.05074e+02    3.99350e-06

           Step           Time
         369500      739.00000

   Energies (kJ/mol)
           Bond          Angle    Proper Dih. Per. Imp. Dih.          LJ-14
    1.26605e+03    3.56390e+03    3.88940e+03    2.10195e+02    1.55076e+03
     Coulomb-14        LJ (SR)  Disper. corr.   Coulomb (SR)   Coul. recip.
    2.21941e+04    1.09121e+05   -3.87573e+03   -9.15553e+05    2.77864e+03
      Potential    Kinetic En.   Total Energy  Conserved En.    Temperature
   -7.74818e+05    1.39420e+05   -6.35399e+05   -6.31898e+05    3.00233e+02
 Pres. DC (bar) Pressure (bar)   Constr. rmsd
   -1.14693e+02   -2.29318e+02    3.99350e-06

           Step           Time
         370000      740.00000

   Energies (kJ/mol)
           Bond          Angle    Proper Dih. Per. Imp. Dih.          LJ-14
    1.22869e+03    3.75381e+03    3.86523e+03    2.25058e+02    1.52283e+03
     Coulomb-14        LJ (SR)  Disper. corr.   Coulomb (SR)   Coul. recip.
    2.23114e+04    1.11139e+05   -3.88318e+03   -9.17902e+05    2.67869e+03
      Potential    Kinetic En.   Total Energy  Conserved En.    Temperature
   -7.75030e+05    1.39359e+05   -6.35670e+05   -6.31741e+05    3.00103e+02
 Pres. DC (bar) Pressure (bar)   Constr. rmsd
   -1.15134e+02    2.39496e+01    3.99350e-06

           Step           Time
         370500      741.00000

   Energies (kJ/mol)
           Bond          Angle    Proper Dih. Per. Imp. Dih.          LJ-14
    1.26042e+03    3.63167e+03    3.88137e+03    1.87235e+02    1.52136e+03
     Coulomb-14        LJ (SR)  Disper. corr.   Coulomb (SR)   Coul. recip.
    2.24118e+04    1.09863e+05   -3.88409e+03   -9.15376e+05    2.72278e+03
      Potential    Kinetic En.   Total Energy  Conserved En.    Temperature
   -7.73750e+05    1.38978e+05   -6.34772e+05   -6.31718e+05    2.99283e+02
 Pres. DC (bar) Pressure (bar)   Constr. rmsd
   -1.15188e+02   -7.43709e+01    3.99350e-06

           Step           Time
         371000      742.00000

   Energies (kJ/mol)
           Bond          Angle    Proper Dih. Per. Imp. Dih.          LJ-14
    1.30325e+03    3.57552e+03    3.92303e+03    2.09341e+02    1.57587e+03
     Coulomb-14        LJ (SR)  Disper. corr.   Coulomb (SR)   Coul. recip.
    2.23279e+04    1.10008e+05   -3.88606e+03   -9.14898e+05    2.82858e+03
      Potential    Kinetic En.   Total Energy  Conserved En.    Temperature
   -7.73000e+05    1.39357e+05   -6.33643e+05   -6.31666e+05    3.00098e+02
 Pres. DC (bar) Pressure (bar)   Constr. rmsd
   -1.15304e+02    1.13147e+01    3.99350e-06

           Step           Time
         371500      743.00000

   Energies (kJ/mol)
           Bond          Angle    Proper Dih. Per. Imp. Dih.          LJ-14
    1.26451e+03    3.72673e+03    3.85171e+03    2.25933e+02    1.55556e+03
     Coulomb-14        LJ (SR)  Disper. corr.   Coulomb (SR)   Coul. recip.
    2.22680e+04    1.08709e+05   -3.88069e+03   -9.13260e+05    2.70000e+03
      Potential    Kinetic En.   Total Energy  Conserved En.    Temperature
   -7.72808e+05    1.39828e+05   -6.32980e+05   -6.31782e+05    3.01112e+02
 Pres. DC (bar) Pressure (bar)   Constr. rmsd
   -1.14986e+02   -2.02378e+02    3.99350e-06

           Step           Time
         372000      744.00000

   Energies (kJ/mol)
           Bond          Angle    Proper Dih. Per. Imp. Dih.          LJ-14
    1.28136e+03    3.59631e+03    3.97911e+03    1.93085e+02    1.52848e+03
     Coulomb-14        LJ (SR)  Disper. corr.   Coulomb (SR)   Coul. recip.
    2.22358e+04    1.09207e+05   -3.88708e+03   -9.13442e+05    2.71813e+03
      Potential    Kinetic En.   Total Energy  Conserved En.    Temperature
   -7.72557e+05    1.40364e+05   -6.32194e+05   -6.31638e+05    3.02267e+02
 Pres. DC (bar) Pressure (bar)   Constr. rmsd
   -1.15365e+02   -3.96149e+01    3.99350e-06

           Step           Time
         372500      745.00000

   Energies (kJ/mol)
           Bond          Angle    Proper Dih. Per. Imp. Dih.          LJ-14
    1.19818e+03    3.58828e+03    3.91128e+03    2.27141e+02    1.56451e+03
     Coulomb-14        LJ (SR)  Disper. corr.   Coulomb (SR)   Coul. recip.
    2.22299e+04    1.08408e+05   -3.88489e+03   -9.12695e+05    2.78323e+03
      Potential    Kinetic En.   Total Energy  Conserved En.    Temperature
   -7.72637e+05    1.39977e+05   -6.32660e+05   -6.31670e+05    3.01434e+02
 Pres. DC (bar) Pressure (bar)   Constr. rmsd
   -1.15235e+02   -1.04514e+02    3.99350e-06

           Step           Time
         373000      746.00000

   Energies (kJ/mol)
           Bond          Angle    Proper Dih. Per. Imp. Dih.          LJ-14
    1.23588e+03    3.57403e+03    3.84035e+03    2.03494e+02    1.57439e+03
     Coulomb-14        LJ (SR)  Disper. corr.   Coulomb (SR)   Coul. recip.
    2.23206e+04    1.10580e+05   -3.88620e+03   -9.15055e+05    2.72748e+03
      Potential    Kinetic En.   Total Energy  Conserved En.    Temperature
   -7.72852e+05    1.39939e+05   -6.32913e+05   -6.31645e+05    3.01351e+02
 Pres. DC (bar) Pressure (bar)   Constr. rmsd
   -1.15312e+02    8.71767e+01    3.99350e-06

           Step           Time
         373500      747.00000

   Energies (kJ/mol)
           Bond          Angle    Proper Dih. Per. Imp. Dih.          LJ-14
    1.23173e+03    3.71445e+03    3.90326e+03    2.27253e+02    1.57788e+03
     Coulomb-14        LJ (SR)  Disper. corr.   Coulomb (SR)   Coul. recip.
    2.21140e+04    1.08815e+05   -3.89149e+03   -9.13277e+05    2.71014e+03
      Potential    Kinetic En.   Total Energy  Conserved En.    Temperature
   -7.72843e+05    1.40045e+05   -6.32797e+05   -6.31587e+05    3.01581e+02
 Pres. DC (bar) Pressure (bar)   Constr. rmsd
   -1.15626e+02   -8.33904e+01    3.99350e-06

           Step           Time
         374000      748.00000

   Energies (kJ/mol)
           Bond          Angle    Proper Dih. Per. Imp. Dih.          LJ-14
    1.21114e+03    3.61088e+03    3.90518e+03    2.24471e+02    1.55010e+03
     Coulomb-14        LJ (SR)  Disper. corr.   Coulomb (SR)   Coul. recip.
    2.22909e+04    1.09962e+05   -3.89258e+03   -9.14763e+05    2.77144e+03
      Potential    Kinetic En.   Total Energy  Conserved En.    Temperature
   -7.73113e+05    1.39926e+05   -6.33187e+05   -6.31494e+05    3.01324e+02
 Pres. DC (bar) Pressure (bar)   Constr. rmsd
   -1.15691e+02    3.16269e+00    3.99350e-06

           Step           Time
         374500      749.00000

   Energies (kJ/mol)
           Bond          Angle    Proper Dih. Per. Imp. Dih.          LJ-14
    1.29866e+03    3.63446e+03    3.88866e+03    1.89935e+02    1.55682e+03
     Coulomb-14        LJ (SR)  Disper. corr.   Coulomb (SR)   Coul. recip.
    2.24312e+04    1.10677e+05   -3.88772e+03   -9.15905e+05    2.73237e+03
      Potential    Kinetic En.   Total Energy  Conserved En.    Temperature
   -7.73367e+05    1.39399e+05   -6.33968e+05   -6.31614e+05    3.00190e+02
 Pres. DC (bar) Pressure (bar)   Constr. rmsd
   -1.15403e+02    4.36289e+00    3.99350e-06

           Step           Time
         375000      750.00000

   Energies (kJ/mol)
           Bond          Angle    Proper Dih. Per. Imp. Dih.          LJ-14
    1.21011e+03    3.61986e+03    3.80455e+03    1.75726e+02    1.54072e+03
     Coulomb-14        LJ (SR)  Disper. corr.   Coulomb (SR)   Coul. recip.
    2.23271e+04    1.09761e+05   -3.89026e+03   -9.15460e+05    2.66711e+03
      Potential    Kinetic En.   Total Energy  Conserved En.    Temperature
   -7.74210e+05    1.39482e+05   -6.34728e+05   -6.31441e+05    3.00368e+02
 Pres. DC (bar) Pressure (bar)   Constr. rmsd
   -1.15554e+02   -4.49715e+01    3.99350e-06

           Step           Time
         375500      751.00000

   Energies (kJ/mol)
           Bond          Angle    Proper Dih. Per. Imp. Dih.          LJ-14
    1.25350e+03    3.46318e+03    3.83030e+03    1.79112e+02    1.55997e+03
     Coulomb-14        LJ (SR)  Disper. corr.   Coulomb (SR)   Coul. recip.
    2.24061e+04    1.09636e+05   -3.89343e+03   -9.14850e+05    2.65536e+03
      Potential    Kinetic En.   Total Energy  Conserved En.    Temperature
   -7.73743e+05    1.39676e+05   -6.34067e+05   -6.31439e+05    3.00786e+02
 Pres. DC (bar) Pressure (bar)   Constr. rmsd
   -1.15742e+02   -6.15572e+00    3.99350e-06

           Step           Time
         376000      752.00000

   Energies (kJ/mol)
           Bond          Angle    Proper Dih. Per. Imp. Dih.          LJ-14
    1.22100e+03    3.79054e+03    3.85434e+03    1.94904e+02    1.53750e+03
     Coulomb-14        LJ (SR)  Disper. corr.   Coulomb (SR)   Coul. recip.
    2.22492e+04    1.11114e+05   -3.89869e+03   -9.15534e+05    2.76889e+03
      Potential    Kinetic En.   Total Energy  Conserved En.    Temperature
   -7.72685e+05    1.39335e+05   -6.33350e+05   -6.31314e+05    3.00052e+02
 Pres. DC (bar) Pressure (bar)   Constr. rmsd
   -1.16055e+02    1.18607e+02    3.99350e-06

           Step           Time
         376500      753.00000

   Energies (kJ/mol)
           Bond          Angle    Proper Dih. Per. Imp. Dih.          LJ-14
    1.21556e+03    3.66701e+03    3.85110e+03    2.15934e+02    1.61833e+03
     Coulomb-14        LJ (SR)  Disper. corr.   Coulomb (SR)   Coul. recip.
    2.23195e+04    1.09583e+05   -3.89473e+03   -9.14334e+05    2.71927e+03
      Potential    Kinetic En.   Total Energy  Conserved En.    Temperature
   -7.73021e+05    1.40566e+05   -6.32455e+05   -6.31395e+05    3.02703e+02
 Pres. DC (bar) Pressure (bar)   Constr. rmsd
   -1.15819e+02   -7.03007e+00    3.99350e-06

           Step           Time
         377000      754.00000

   Energies (kJ/mol)
           Bond          Angle    Proper Dih. Per. Imp. Dih.          LJ-14
    1.24850e+03    3.39109e+03    3.85504e+03    2.23923e+02    1.54046e+03
     Coulomb-14        LJ (SR)  Disper. corr.   Coulomb (SR)   Coul. recip.
    2.24383e+04    1.10936e+05   -3.89524e+03   -9.16605e+05    2.68764e+03
      Potential    Kinetic En.   Total Energy  Conserved En.    Temperature
   -7.74161e+05    1.39046e+05   -6.35116e+05   -6.31305e+05    2.99428e+02
 Pres. DC (bar) Pressure (bar)   Constr. rmsd
   -1.15850e+02    8.37883e+01    3.99350e-06

           Step           Time
         377500      755.00000

   Energies (kJ/mol)
           Bond          Angle    Proper Dih. Per. Imp. Dih.          LJ-14
    1.18958e+03    3.52809e+03    3.92325e+03    2.17479e+02    1.57231e+03
     Coulomb-14        LJ (SR)  Disper. corr.   Coulomb (SR)   Coul. recip.
    2.22574e+04    1.11079e+05   -3.90075e+03   -9.17777e+05    2.67318e+03
      Potential    Kinetic En.   Total Energy  Conserved En.    Temperature
   -7.75219e+05    1.39589e+05   -6.35630e+05   -6.31281e+05    3.00599e+02
 Pres. DC (bar) Pressure (bar)   Constr. rmsd
   -1.16177e+02    5.72734e+01    3.99350e-06

           Step           Time
         378000      756.00000

   Energies (kJ/mol)
           Bond          Angle    Proper Dih. Per. Imp. Dih.          LJ-14
    1.23498e+03    3.71568e+03    3.85355e+03    1.56740e+02    1.59203e+03
     Coulomb-14        LJ (SR)  Disper. corr.   Coulomb (SR)   Coul. recip.
    2.23482e+04    1.10153e+05   -3.89822e+03   -9.15550e+05    2.75559e+03
      Potential    Kinetic En.   Total Energy  Conserved En.    Temperature
   -7.73620e+05    1.39276e+05   -6.34344e+05   -6.31217e+05    2.99924e+02
 Pres. DC (bar) Pressure (bar)   Constr. rmsd
   -1.16027e+02    6.55461e+01    3.99350e-06

           Step           Time
         378500      757.00000

   Energies (kJ/mol)
           Bond          Angle    Proper Dih. Per. Imp. Dih.          LJ-14
    1.23632e+03    3.65235e+03    3.98606e+03    1.94122e+02    1.47265e+03
     Coulomb-14        LJ (SR)  Disper. corr.   Coulomb (SR)   Coul. recip.
    2.21840e+04    1.10950e+05   -3.89958e+03   -9.18217e+05    2.77725e+03
      Potential    Kinetic En.   Total Energy  Conserved En.    Temperature
   -7.75645e+05    1.39412e+05   -6.36234e+05   -6.31283e+05    3.00216e+02
 Pres. DC (bar) Pressure (bar)   Constr. rmsd
   -1.16107e+02   -1.21250e+01    3.99350e-06

           Step           Time
         379000      758.00000

   Energies (kJ/mol)
           Bond          Angle    Proper Dih. Per. Imp. Dih.          LJ-14
    1.17391e+03    3.46645e+03    3.91956e+03    1.95736e+02    1.56821e+03
     Coulomb-14        LJ (SR)  Disper. corr.   Coulomb (SR)   Coul. recip.
    2.23765e+04    1.10207e+05   -3.88854e+03   -9.16581e+05    2.73942e+03
      Potential    Kinetic En.   Total Energy  Conserved En.    Temperature
   -7.74804e+05    1.37914e+05   -6.36889e+05   -6.31489e+05    2.96992e+02
 Pres. DC (bar) Pressure (bar)   Constr. rmsd
   -1.15451e+02   -2.63507e+01    3.99350e-06

           Step           Time
         379500      759.00000

   Energies (kJ/mol)
           Bond          Angle    Proper Dih. Per. Imp. Dih.          LJ-14
    1.20989e+03    3.41853e+03    3.88232e+03    1.87484e+02    1.59185e+03
     Coulomb-14        LJ (SR)  Disper. corr.   Coulomb (SR)   Coul. recip.
    2.22980e+04    1.10265e+05   -3.88067e+03   -9.16931e+05    2.82487e+03
      Potential    Kinetic En.   Total Energy  Conserved En.    Temperature
   -7.75128e+05    1.38246e+05   -6.36882e+05   -6.31717e+05    2.97706e+02
 Pres. DC (bar) Pressure (bar)   Constr. rmsd
   -1.14985e+02   -1.10966e+02    3.99350e-06

           Step           Time
         380000      760.00000

   Energies (kJ/mol)
           Bond          Angle    Proper Dih. Per. Imp. Dih.          LJ-14
    1.22541e+03    3.46982e+03    3.85088e+03    2.36900e+02    1.55521e+03
     Coulomb-14        LJ (SR)  Disper. corr.   Coulomb (SR)   Coul. recip.
    2.21594e+04    1.10343e+05   -3.88424e+03   -9.17231e+05    2.68456e+03
      Potential    Kinetic En.   Total Energy  Conserved En.    Temperature
   -7.75571e+05    1.38468e+05   -6.37103e+05   -6.31598e+05    2.98184e+02
 Pres. DC (bar) Pressure (bar)   Constr. rmsd
   -1.15196e+02   -1.23709e+02    3.99350e-06

           Step           Time
         380500      761.00000

   Energies (kJ/mol)
           Bond          Angle    Proper Dih. Per. Imp. Dih.          LJ-14
    1.08302e+03    3.61528e+03    3.81411e+03    2.02310e+02    1.60290e+03
     Coulomb-14        LJ (SR)  Disper. corr.   Coulomb (SR)   Coul. recip.
    2.22771e+04    1.09383e+05   -3.88377e+03   -9.16620e+05    2.68709e+03
      Potential    Kinetic En.   Total Energy  Conserved En.    Temperature
   -7.75819e+05    1.39058e+05   -6.36761e+05   -6.31583e+05    2.99455e+02
 Pres. DC (bar) Pressure (bar)   Constr. rmsd
   -1.15169e+02   -1.14985e+02    3.99350e-06

           Step           Time
         381000      762.00000

   Energies (kJ/mol)
           Bond          Angle    Proper Dih. Per. Imp. Dih.          LJ-14
    1.15809e+03    3.51567e+03    3.85369e+03    1.87756e+02    1.57581e+03
     Coulomb-14        LJ (SR)  Disper. corr.   Coulomb (SR)   Coul. recip.
    2.22959e+04    1.10376e+05   -3.88526e+03   -9.17036e+05    2.71401e+03
      Potential    Kinetic En.   Total Energy  Conserved En.    Temperature
   -7.75239e+05    1.39506e+05   -6.35732e+05   -6.31610e+05    3.00420e+02
 Pres. DC (bar) Pressure (bar)   Constr. rmsd
   -1.15257e+02   -1.32174e+01    3.99350e-06

           Step           Time
         381500      763.00000

   Energies (kJ/mol)
           Bond          Angle    Proper Dih. Per. Imp. Dih.          LJ-14
    1.25365e+03    3.57726e+03    3.81514e+03    1.81872e+02    1.57501e+03
     Coulomb-14        LJ (SR)  Disper. corr.   Coulomb (SR)   Coul. recip.
    2.23685e+04    1.09064e+05   -3.88049e+03   -9.14970e+05    2.75259e+03
      Potential    Kinetic En.   Total Energy  Conserved En.    Temperature
   -7.74256e+05    1.37673e+05   -6.36582e+05   -6.31601e+05    2.96473e+02
 Pres. DC (bar) Pressure (bar)   Constr. rmsd
   -1.14974e+02   -1.89423e+02    3.99350e-06

           Step           Time
         382000      764.00000

   Energies (kJ/mol)
           Bond          Angle    Proper Dih. Per. Imp. Dih.          LJ-14
    1.31120e+03    3.55287e+03    3.91531e+03    2.26703e+02    1.55909e+03
     Coulomb-14        LJ (SR)  Disper. corr.   Coulomb (SR)   Coul. recip.
    2.22319e+04    1.10178e+05   -3.88285e+03   -9.15901e+05    2.73875e+03
      Potential    Kinetic En.   Total Energy  Conserved En.    Temperature
   -7.74063e+05    1.38551e+05   -6.35513e+05   -6.31666e+05    2.98362e+02
 Pres. DC (bar) Pressure (bar)   Constr. rmsd
   -1.15114e+02   -7.34265e+01    3.99350e-06

           Step           Time
         382500      765.00000

   Energies (kJ/mol)
           Bond          Angle    Proper Dih. Per. Imp. Dih.          LJ-14
    1.18504e+03    3.67520e+03    3.81822e+03    1.93076e+02    1.51308e+03
     Coulomb-14        LJ (SR)  Disper. corr.   Coulomb (SR)   Coul. recip.
    2.23161e+04    1.11430e+05   -3.88017e+03   -9.17644e+05    2.68919e+03
      Potential    Kinetic En.   Total Energy  Conserved En.    Temperature
   -7.74698e+05    1.39489e+05   -6.35209e+05   -6.31667e+05    3.00382e+02
 Pres. DC (bar) Pressure (bar)   Constr. rmsd
   -1.14955e+02    5.40207e+01    3.99350e-06

           Step           Time
         383000      766.00000

   Energies (kJ/mol)
           Bond          Angle    Proper Dih. Per. Imp. Dih.          LJ-14
    1.18936e+03    3.56438e+03    3.89311e+03    2.16067e+02    1.61305e+03
     Coulomb-14        LJ (SR)  Disper. corr.   Coulomb (SR)   Coul. recip.
    2.23687e+04    1.11165e+05   -3.88407e+03   -9.17668e+05    2.74122e+03
      Potential    Kinetic En.   Total Energy  Conserved En.    Temperature
   -7.74794e+05    1.39535e+05   -6.35258e+05   -6.31585e+05    3.00483e+02
 Pres. DC (bar) Pressure (bar)   Constr. rmsd
   -1.15186e+02    2.84603e+01    3.99350e-06

           Step           Time
         383500      767.00000

   Energies (kJ/mol)
           Bond          Angle    Proper Dih. Per. Imp. Dih.          LJ-14
    1.21695e+03    3.61917e+03    3.87629e+03    2.18573e+02    1.60050e+03
     Coulomb-14        LJ (SR)  Disper. corr.   Coulomb (SR)   Coul. recip.
    2.23159e+04    1.09706e+05   -3.88384e+03   -9.16021e+05    2.69448e+03
      Potential    Kinetic En.   Total Energy  Conserved En.    Temperature
   -7.74650e+05    1.39278e+05   -6.35372e+05   -6.31588e+05    2.99927e+02
 Pres. DC (bar) Pressure (bar)   Constr. rmsd
   -1.15173e+02   -1.19180e+02    3.99350e-06

           Step           Time
         384000      768.00000

   Energies (kJ/mol)
           Bond          Angle    Proper Dih. Per. Imp. Dih.          LJ-14
    1.18600e+03    3.53107e+03    3.85905e+03    2.13015e+02    1.58790e+03
     Coulomb-14        LJ (SR)  Disper. corr.   Coulomb (SR)   Coul. recip.
    2.23064e+04    1.09484e+05   -3.87592e+03   -9.15028e+05    2.66130e+03
      Potential    Kinetic En.   Total Energy  Conserved En.    Temperature
   -7.74068e+05    1.38817e+05   -6.35251e+05   -6.31827e+05    2.98936e+02
 Pres. DC (bar) Pressure (bar)   Constr. rmsd
   -1.14704e+02   -1.94493e+02    3.99350e-06

           Step           Time
         384500      769.00000

   Energies (kJ/mol)
           Bond          Angle    Proper Dih. Per. Imp. Dih.          LJ-14
    1.18956e+03    3.55669e+03    3.95394e+03    2.19374e+02    1.57897e+03
     Coulomb-14        LJ (SR)  Disper. corr.   Coulomb (SR)   Coul. recip.
    2.23633e+04    1.10163e+05   -3.87981e+03   -9.14298e+05    2.79750e+03
      Potential    Kinetic En.   Total Energy  Conserved En.    Temperature
   -7.72348e+05    1.38766e+05   -6.33581e+05   -6.31664e+05    2.98826e+02
 Pres. DC (bar) Pressure (bar)   Constr. rmsd
   -1.14934e+02    7.80120e+00    3.99350e-06

           Step           Time
         385000      770.00000

   Energies (kJ/mol)
           Bond          Angle    Proper Dih. Per. Imp. Dih.          LJ-14
    1.29631e+03    3.71811e+03    3.89282e+03    1.63444e+02    1.57287e+03
     Coulomb-14        LJ (SR)  Disper. corr.   Coulomb (SR)   Coul. recip.
    2.23423e+04    1.10024e+05   -3.88427e+03   -9.14796e+05    2.56016e+03
      Potential    Kinetic En.   Total Energy  Conserved En.    Temperature
   -7.73102e+05    1.40185e+05   -6.32918e+05   -6.31559e+05    3.01881e+02
 Pres. DC (bar) Pressure (bar)   Constr. rmsd
   -1.15198e+02   -6.14385e+01    3.99350e-06

           Step           Time
         385500      771.00000

   Energies (kJ/mol)
           Bond          Angle    Proper Dih. Per. Imp. Dih.          LJ-14
    1.22210e+03    3.57261e+03    3.88034e+03    1.88641e+02    1.58032e+03
     Coulomb-14        LJ (SR)  Disper. corr.   Coulomb (SR)   Coul. recip.
    2.24732e+04    1.11705e+05   -3.88060e+03   -9.16581e+05    2.75393e+03
      Potential    Kinetic En.   Total Energy  Conserved En.    Temperature
   -7.73077e+05    1.39987e+05   -6.33090e+05   -6.31707e+05    3.01456e+02
 Pres. DC (bar) Pressure (bar)   Constr. rmsd
   -1.14981e+02    1.27512e+02    3.99350e-06

           Step           Time
         386000      772.00000

   Energies (kJ/mol)
           Bond          Angle    Proper Dih. Per. Imp. Dih.          LJ-14
    1.28018e+03    3.55355e+03    3.93097e+03    1.83041e+02    1.56019e+03
     Coulomb-14        LJ (SR)  Disper. corr.   Coulomb (SR)   Coul. recip.
    2.22773e+04    1.09262e+05   -3.87491e+03   -9.13733e+05    2.82215e+03
      Potential    Kinetic En.   Total Energy  Conserved En.    Temperature
   -7.72717e+05    1.39524e+05   -6.33192e+05   -6.31764e+05    3.00459e+02
 Pres. DC (bar) Pressure (bar)   Constr. rmsd
   -1.14644e+02   -1.28510e+02    3.99350e-06

           Step           Time
         386500      773.00000

   Energies (kJ/mol)
           Bond          Angle    Proper Dih. Per. Imp. Dih.          LJ-14
    1.20902e+03    3.48944e+03    3.90415e+03    1.85585e+02    1.55723e+03
     Coulomb-14        LJ (SR)  Disper. corr.   Coulomb (SR)   Coul. recip.
    2.24024e+04    1.10171e+05   -3.87264e+03   -9.15714e+05    2.71389e+03
      Potential    Kinetic En.   Total Energy  Conserved En.    Temperature
   -7.73945e+05    1.39655e+05   -6.34290e+05   -6.31838e+05    3.00741e+02
 Pres. DC (bar) Pressure (bar)   Constr. rmsd
   -1.14510e+02   -6.48866e+01    3.99350e-06

           Step           Time
         387000      774.00000

   Energies (kJ/mol)
           Bond          Angle    Proper Dih. Per. Imp. Dih.          LJ-14
    1.22851e+03    3.55102e+03    3.92350e+03    2.22927e+02    1.51826e+03
     Coulomb-14        LJ (SR)  Disper. corr.   Coulomb (SR)   Coul. recip.
    2.21317e+04    1.10082e+05   -3.87488e+03   -9.15326e+05    2.77125e+03
      Potential    Kinetic En.   Total Energy  Conserved En.    Temperature
   -7.73763e+05    1.38547e+05   -6.35215e+05   -6.31810e+05    2.98355e+02
 Pres. DC (bar) Pressure (bar)   Constr. rmsd
   -1.14642e+02   -6.98914e+01    3.99350e-06

           Step           Time
         387500      775.00000

   Energies (kJ/mol)
           Bond          Angle    Proper Dih. Per. Imp. Dih.          LJ-14
    1.16969e+03    3.35394e+03    3.93396e+03    1.91417e+02    1.55033e+03
     Coulomb-14        LJ (SR)  Disper. corr.   Coulomb (SR)   Coul. recip.
    2.23186e+04    1.09803e+05   -3.88105e+03   -9.15431e+05    2.64787e+03
      Potential    Kinetic En.   Total Energy  Conserved En.    Temperature
   -7.74334e+05    1.39463e+05   -6.34871e+05   -6.31622e+05    3.00326e+02
 Pres. DC (bar) Pressure (bar)   Constr. rmsd
   -1.15007e+02   -9.42986e+01    3.99350e-06



Received the TERM signal, stopping within 200 steps

           Step           Time
         387800      775.60000

Writing checkpoint, step 387800 at Wed Feb 18 13:28:19 2026


   Energies (kJ/mol)
           Bond          Angle    Proper Dih. Per. Imp. Dih.          LJ-14
    1.20257e+03    3.55878e+03    3.90787e+03    1.71711e+02    1.58585e+03
     Coulomb-14        LJ (SR)  Disper. corr.   Coulomb (SR)   Coul. recip.
    2.23274e+04    1.09212e+05   -3.88304e+03   -9.14131e+05    2.75954e+03
      Potential    Kinetic En.   Total Energy  Conserved En.    Temperature
   -7.73279e+05    1.38327e+05   -6.34952e+05   -6.31533e+05    2.97880e+02
 Pres. DC (bar) Pressure (bar)   Constr. rmsd
   -1.15125e+02   -7.44386e+01    3.99350e-06


Energy conservation over simulation part #1 of length 775.6 ps, time 0 to 775.6 ps
  Conserved energy drift: 8.16e-05 kJ/mol/ps per atom


	<======  ###############  ==>
	<====  A V E R A G E S  ====>
	<==  ###############  ======>

	Statistics over 387801 steps using 3879 frames

   Energies (kJ/mol)
           Bond          Angle    Proper Dih. Per. Imp. Dih.          LJ-14
    1.24382e+03    3.58345e+03    3.91934e+03    2.07109e+02    1.56348e+03
     Coulomb-14        LJ (SR)  Disper. corr.   Coulomb (SR)   Coul. recip.
    2.22554e+04    1.10242e+05   -3.89242e+03   -9.15722e+05    2.72599e+03
      Potential    Kinetic En.   Total Energy  Conserved En.    Temperature
   -7.73859e+05    1.39287e+05   -6.34572e+05   -6.33301e+05    2.99947e+02
 Pres. DC (bar) Pressure (bar)   Constr. rmsd
   -1.15682e+02    1.52051e+00    0.00000e+00

          Box-X          Box-Y          Box-Z
    9.24715e+00    9.24715e+00    6.53872e+00

   Total Virial (kJ/mol)
    4.64665e+04   -1.90260e+01    6.55564e+00
   -1.90256e+01    4.63557e+04    1.18636e+01
    6.55387e+00    1.18595e+01    4.63916e+04

   Pressure (bar)
   -1.22024e+00    1.13142e+00   -9.60438e-02
    1.13140e+00    4.28487e+00   -8.22787e-01
   -9.59388e-02   -8.22544e-01    1.49690e+00

      T-Protein  T-non-Protein
    3.00398e+02    2.99930e+02


	M E G A - F L O P S   A C C O U N T I N G

 NB=Group-cutoff nonbonded kernels    NxN=N-by-N cluster Verlet kernels
 RF=Reaction-Field  VdW=Van der Waals  QSTab=quadratic-spline table
 W3=SPC/TIP3p  W4=TIP4p (single or pairs)
 V&F=Potential and force  V=Potential only  F=Force only

 Computing:                               M-Number         M-Flops  % Flops
-----------------------------------------------------------------------------
 Pair Search distance check           26712.450144      240412.051     0.0
 NxN QSTab Elec. + LJ [F]          27612358.418304  1132106695.150    98.5
 NxN QSTab Elec. + LJ [V&F]          278984.459456    16460083.108     1.4
 1,4 nonbonded interactions            1653.195663      148787.610     0.0
 Shift-X                                214.842294        1289.054     0.0
 Bonds                                  323.813835       19105.016     0.0
 Angles                                1149.829965      193171.434     0.0
 Propers                               1755.575127      402026.704     0.0
 Impropers                              121.381713       25247.396     0.0
 Virial                                 215.016849        3870.303     0.0
 Stop-CM                                214.897680        2148.977     0.0
 P-Coupling                             214.842294        1289.054     0.0
 Calc-Ekin                              429.684588       11601.484     0.0
 Lincs                                    0.001608           0.096     0.0
 Lincs-Mat                                0.008616           0.034     0.0
 Constraint-V                             0.055257           0.497     0.0
 Settle                                   0.035766          13.233     0.0
-----------------------------------------------------------------------------
 Total                                              1149615741.203   100.0
-----------------------------------------------------------------------------


      R E A L   C Y C L E   A N D   T I M E   A C C O U N T I N G

On 1 MPI rank, each using 16 OpenMP threads

 Activity:              Num   Num      Call    Wall time         Giga-Cycles
                        Ranks Threads  Count      (s)         total sum    %
--------------------------------------------------------------------------------
 Neighbor search           1   16       3879      10.662        494.714   3.6
 Launch PP GPU ops.        1   16     771723      13.564        629.354   4.6
 Force                     1   16     387801      13.148        610.064   4.4
 Colvars                   1   16     387801     224.684      10425.457  76.0
 PME GPU mesh              1   16     387801      11.272        523.049   3.8
 PME wait for PP                                 284.209      13187.440  96.2
 Wait GPU NB local         1   16     387801       0.510         23.649   0.2
 Wait GPU state copy       1   16     791115      16.321        757.280   5.5
 NB X/F buffer ops.        1   16       3879       0.207          9.588   0.1
 Write traj.               1   16        777       2.552        118.429   0.9
 Constraints               1   16          2       0.000          0.014   0.0
 GPU constr. setup         1   16          1       0.000          0.023   0.0
 Kinetic energy            1   16       7757       0.197          9.120   0.1
--------------------------------------------------------------------------------
 Total                                           295.482      13710.489 100.0
--------------------------------------------------------------------------------
 Breakdown of PME mesh activities
--------------------------------------------------------------------------------
 Wait PME GPU gather       1   16     387801       0.024          1.134   0.0
 Reduce GPU PME F          1   16     387801       0.070          3.267   0.0
 Launch PME GPU ops.       1   16    3102408      10.695        496.243   3.6
--------------------------------------------------------------------------------

               Core t (s)   Wall t (s)        (%)
       Time:     4727.674      295.482     1600.0
                 (ns/day)    (hour/ns)    (ms/step)  (Matom*steps/s) 
Performance:      226.789        0.106        0.762           72.691 
Finished mdrun on rank 0 Wed Feb 18 13:28:19 2026


colvars: Saving collective variables state to "3md_out03.colvars.state".
