                      :-) GROMACS - gmx mdrun, 2025.3 (-:

Copyright 1991-2025 The GROMACS Authors.
GROMACS is free software; you can redistribute it and/or modify it
under the terms of the GNU Lesser General Public License
as published by the Free Software Foundation; either version 2.1
of the License, or (at your option) any later version.

                         Current GROMACS contributors:
       Mark Abraham           Andrey Alekseenko           Brian Andrews       
      Vladimir Basov              Paul Bauer                Hugh Bird         
      Eliane Briand               Ania Brown              Mahesh Doijade      
      Giacomo Fiorin          Stefan Fleischmann          Sergey Gorelov      
   Gilles Gouaillardet            Alan Gray              M. Eric Irrgang      
   Farzaneh Jalalypour         Petter Johansson          Carsten Kutzner      
    Grzegorz Łazarski         Justin A. Lemkul          Magnus Lundborg      
       Pascal Merz             Vedran Miletić            Dmitry Morozov      
     Lukas Müllender            Julien Nabet             Szilárd Páll      
 Andrea Pasquadibisceglie     Michele Pellegrino         Nicola Piasentin     
     Daniele Rapetti         Muhammad Umair Sadiq         Hubert Santuz       
      Roland Schulz             Michael Shirts           Tatiana Shugaeva     
     Alexey Shvetsov            Philip Turner            Alessandra Villa     
 Sebastian Wingbermühle  

                         Previous GROMACS contributors:
        Emile Apol             Rossen Apostolov           James Barnett       
  Herman J.C. Berendsen         Cathrine Bergh             Par Bjelkmar       
      Christian Blau          Viacheslav Bolnykh            Kevin Boyd        
    Aldert van Buuren          Carlo Camilloni           Rudi van Drunen      
      Anton Feenstra           Oliver Fleetwood            Vytas Gapsys       
       Gaurav Garg             Gerrit Groenhof            Bert de Groot       
      Anca Hamuraru           Vincent Hindriksen          Victor Holanda      
     Aleksei Iupinov              Joe Jordan            Christoph Junghans    
    Prashanth Kanduri        Dimitrios Karkoulis           Peter Kasson       
      Sebastian Kehl           Sebastian Keller             Jiri Kraus        
       Per Larsson              Viveca Lindahl            Erik Marklund       
    Pieter Meulenhoff           Teemu Murtola              Sander Pronk       
      Alfons Sijbers            Balint Soproni         David van der Spoel    
      Peter Tieleman            Carsten Uphoff             Jon Vincent        
     Teemu Virolainen         Christian Wennberg           Maarten Wolf       
      Artem Zhmurov       

                  Coordinated by the GROMACS project leaders:
                           Berk Hess and Erik Lindahl

GROMACS:      gmx mdrun, version 2025.3
Executable:   /home/con/prog/gromacs-2025.3/build/bin/gmx
Data prefix:  /home/con/prog/gromacs-2025.3 (source tree)
Working dir:  /home/con/ui/pipelinePepPriML/default/4ezq
Process ID:   15039
Command line:
  gmx mdrun -s 3md.rerun.tpr -rerun 3md_out01.xtc -e 3md_out01.Protein.edr -nb cpu -deffnm 3md_out01.Protein

GROMACS version:     2025.3
Precision:           mixed
Memory model:        64 bit
MPI library:         thread_mpi
OpenMP support:      enabled (GMX_OPENMP_MAX_THREADS = 128)
GPU support:         disabled
SIMD instructions:   AVX2_256
CPU FFT library:     fftw-3.3.10-sse2-avx-avx2-avx2_128
GPU FFT library:     none
Multi-GPU FFT:       none
RDTSCP usage:        enabled
TNG support:         enabled
Hwloc support:       disabled
Tracing support:     disabled
C compiler:          /usr/bin/cc GNU 13.3.0
C compiler flags:    -fexcess-precision=fast -funroll-all-loops -mavx2 -mfma -Wno-missing-field-initializers -O3 -DNDEBUG
C++ compiler:        /usr/bin/c++ GNU 13.3.0
C++ compiler flags:  -fexcess-precision=fast -funroll-all-loops -mavx2 -mfma -Wno-missing-field-initializers -Wno-cast-function-type-strict SHELL:-fopenmp -O3 -DNDEBUG
BLAS library:        External - detected on the system
LAPACK library:      External - detected on the system


Running on 1 node with total 14 cores, 20 processing units
Hardware detected on host e:
  CPU info:
    Vendor: Intel
    Brand:  13th Gen Intel(R) Core(TM) i7-13700H
    Family: 6   Model: 186   Stepping: 2
    Features: aes apic avx avx2 clfsh cmov cx8 cx16 f16c fma htt intel lahf mmx msr nonstop_tsc pcid pclmuldq pdcm pdpe1gb popcnt pse rdrnd rdtscp sha sse2 sse3 sse4.1 sse4.2 ssse3 tdt x2apic
  Hardware topology: Basic
    Packages, cores, and logical processors:
    [indices refer to OS logical processors]
      Package  0: [   0   1] [   2   3] [   4   5] [   6   7] [   8   9] [  10  11] [  12] [  13] [  14] [  15] [  16] [  17] [  18] [  19]
    CPU limit set by OS: -1   Recommended max number of threads: 20


++++ PLEASE READ AND CITE THE FOLLOWING REFERENCE ++++
M. J. Abraham, T. Murtola, R. Schulz, S. Páll, J. C. Smith, B. Hess, E.
Lindahl
GROMACS: High performance molecular simulations through multi-level
parallelism from laptops to supercomputers
SoftwareX (2015)
DOI: 10.1016/j.softx.2015.06.001
-------- -------- --- Thank You --- -------- --------


++++ PLEASE READ AND CITE THE FOLLOWING REFERENCE ++++
S. Páll, M. J. Abraham, C. Kutzner, B. Hess, E. Lindahl
Tackling Exascale Software Challenges in Molecular Dynamics Simulations with
GROMACS
In S. Markidis & E. Laure (Eds.), Solving Software Challenges for Exascale (2015)
DOI: 10.1007/978-3-319-15976-8_1
-------- -------- --- Thank You --- -------- --------


++++ PLEASE READ AND CITE THE FOLLOWING REFERENCE ++++
S. Pronk, S. Páll, R. Schulz, P. Larsson, P. Bjelkmar, R. Apostolov, M. R.
Shirts, J. C. Smith, P. M. Kasson, D. van der Spoel, B. Hess, E. Lindahl
GROMACS 4.5: a high-throughput and highly parallel open source molecular
simulation toolkit
Bioinformatics (2013)
DOI: 10.1093/bioinformatics/btt055
-------- -------- --- Thank You --- -------- --------


++++ PLEASE READ AND CITE THE FOLLOWING REFERENCE ++++
B. Hess, C. Kutzner, D. van der Spoel, E. Lindahl
GROMACS 4: Algorithms for highly efficient, load-balanced, and scalable
molecular simulation
J. Chem. Theory Comput. (2008)
DOI: 10.1021/ct700301q
-------- -------- --- Thank You --- -------- --------


++++ PLEASE READ AND CITE THE FOLLOWING REFERENCE ++++
D. van der Spoel, E. Lindahl, B. Hess, G. Groenhof, A. E. Mark, H. J. C.
Berendsen
GROMACS: Fast, Flexible and Free
J. Comp. Chem. (2005)
DOI: 10.1002/jcc.20291
-------- -------- --- Thank You --- -------- --------


++++ PLEASE READ AND CITE THE FOLLOWING REFERENCE ++++
E. Lindahl, B. Hess, D. van der Spoel
GROMACS 3.0: A package for molecular simulation and trajectory analysis
J. Mol. Mod. (2001)
DOI: 10.1007/s008940100045
-------- -------- --- Thank You --- -------- --------


++++ PLEASE READ AND CITE THE FOLLOWING REFERENCE ++++
H. J. C. Berendsen, D. van der Spoel and R. van Drunen
GROMACS: A message-passing parallel molecular dynamics implementation
Comp. Phys. Comm. (1995)
DOI: 10.1016/0010-4655(95)00042-E
-------- -------- --- Thank You --- -------- --------


++++ PLEASE CITE THE DOI FOR THIS VERSION OF GROMACS ++++
https://doi.org/10.5281/zenodo.16992621
-------- -------- --- Thank You --- -------- --------


Input Parameters:
   integrator                     = md
   tinit                          = 0
   dt                             = 0.001
   nsteps                         = 0
   init-step                      = 0
   simulation-part                = 1
   mts                            = false
   mass-repartition-factor        = 1
   comm-mode                      = Linear
   nstcomm                        = 100
   bd-fric                        = 0
   ld-seed                        = -10502147
   emtol                          = 10
   emstep                         = 0.01
   niter                          = 20
   fcstep                         = 0
   nstcgsteep                     = 1000
   nbfgscorr                      = 10
   rtpi                           = 0.05
   nstxout                        = 0
   nstvout                        = 0
   nstfout                        = 0
   nstlog                         = 1000
   nstcalcenergy                  = 100
   nstenergy                      = 1000
   nstxout-compressed             = 0
   compressed-x-precision         = 1000
   cutoff-scheme                  = Verlet
   nstlist                        = 10
   pbc                            = xyz
   periodic-molecules             = false
   verlet-buffer-tolerance        = 0.005
   verlet-buffer-pressure-tolerance = 0.5
   rlist                          = 1.035
   coulombtype                    = Cut-off
   coulomb-modifier               = Potential-shift
   rcoulomb-switch                = 0
   rcoulomb                       = 1
   epsilon-r                      = 1
   epsilon-rf                     = inf
   vdw-type                       = Cut-off
   vdw-modifier                   = Potential-shift
   rvdw-switch                    = 0
   rvdw                           = 1
   DispCorr                       = No
   table-extension                = 1
   fourierspacing                 = 0.12
   fourier-nx                     = 0
   fourier-ny                     = 0
   fourier-nz                     = 0
   pme-order                      = 4
   ewald-rtol                     = 1e-05
   ewald-rtol-lj                  = 0.001
   lj-pme-comb-rule               = Geometric
   ewald-geometry                 = 3d
   epsilon-surface                = 0
   ensemble-temperature-setting   = not available
   tcoupl                         = No
   nsttcouple                     = -1
   nh-chain-length                = 0
   print-nose-hoover-chain-variables = false
   pcoupl                         = No
   refcoord-scaling               = No
   posres-com: not available
   posres-comB: not available
   QMMM                           = false
qm-opts:
   ngQM                           = 0
   constraint-algorithm           = Lincs
   continuation                   = false
   Shake-SOR                      = false
   shake-tol                      = 0.0001
   lincs-order                    = 4
   lincs-iter                     = 1
   lincs-warnangle                = 30
   nwall                          = 0
   wall-type                      = 9-3
   wall-r-linpot                  = -1
   wall-atomtype[0]               = -1
   wall-atomtype[1]               = -1
   wall-density[0]                = 0
   wall-density[1]                = 0
   wall-ewald-zfac                = 3
   pull                           = false
   awh                            = false
   rotation                       = false
   interactiveMD                  = false
   disre                          = No
   disre-weighting                = Conservative
   disre-mixed                    = false
   dr-fc                          = 1000
   dr-tau                         = 0
   nstdisreout                    = 100
   orire-fc                       = 0
   orire-tau                      = 0
   nstorireout                    = 100
   free-energy                    = no
   cos-acceleration               = 0
   deform (3x3):
      deform[    0]={ 0.00000e+00,  0.00000e+00,  0.00000e+00}
      deform[    1]={ 0.00000e+00,  0.00000e+00,  0.00000e+00}
      deform[    2]={ 0.00000e+00,  0.00000e+00,  0.00000e+00}
   simulated-tempering            = false
   swapcoords                     = no
   userint1                       = 0
   userint2                       = 0
   userint3                       = 0
   userint4                       = 0
   userreal1                      = 0
   userreal2                      = 0
   userreal3                      = 0
   userreal4                      = 0
   applied-forces:
     electric-field:
       x:
         E0                       = 0
         omega                    = 0
         t0                       = 0
         sigma                    = 0
       y:
         E0                       = 0
         omega                    = 0
         t0                       = 0
         sigma                    = 0
       z:
         E0                       = 0
         omega                    = 0
         t0                       = 0
         sigma                    = 0
     density-guided-simulation:
       active                     = false
       group                      = protein
       similarity-measure         = inner-product
       atom-spreading-weight      = unity
       force-constant             = 1e+09
       gaussian-transform-spreading-width = 0.2
       gaussian-transform-spreading-range-in-multiples-of-width = 4
       reference-density-filename = reference.mrc
       nst                        = 1
       normalize-densities        = true
       adaptive-force-scaling     = false
       adaptive-force-scaling-time-constant = 4
       shift-vector               = 
       transformation-matrix      = 
     qmmm-cp2k:
       active                     = false
       qmgroup                    = System
       qmmethod                   = PBE
       qmfilenames                = 
       qmcharge                   = 0
       qmmultiplicity             = 1
     colvars:
       active                     = false
       configfile                 = 
       seed                       = -1
     nnpot:
       active                     = false
       modelfile                  = model.pt
       input-group                = System
       model-input1               = 
       model-input2               = 
       model-input3               = 
       model-input4               = 
grpopts:
   nrdf:       10269
   ref-t:           0
   tau-t:           0
annealing:          No
annealing-npoints:           0
   acc:	           0           0           0
   nfreeze:           N           N           N
   energygrp-flags[  0]: 0 0
   energygrp-flags[  1]: 0 0


Rerun trajectory contains velocities. Rerun does only evaluate potential energy and forces. The velocities will be ignored.
Can not increase nstlist because an NVE ensemble is used

When checking whether update groups are usable:
  Rerun does not support update groups
  No constraints or virtual sites are in use, so it is best not to use update groups

Initializing Domain Decomposition on 20 ranks
NOTE: disabling dynamic load balancing as it is not supported in reruns.
Dynamic load balancing: off
Minimum cell size due to atom displacement: 0.035 nm
Initial maximum distances in bonded interactions:
    two-body bonded interactions: 0.427 nm, LJ-14, atoms 3210 3217
  multi-body bonded interactions: 0.427 nm, Proper Dih., atoms 3210 3217
Minimum cell size due to bonded interactions: 0.469 nm
The system does not use PME for electrostatics or LJ
Optimizing the DD grid for 20 cells with a minimum initial size of 0.469 nm
The maximum allowed number of cells is: X 21 Y 21 Z 18
Domain decomposition grid 5 x 2 x 2, separate PME ranks 0
Domain decomposition rank 0, coordinates 0 0 0

The initial number of communication pulses is: X 1 Y 1 Z 1
The initial domain decomposition cell size is: X 2.05 nm Y 5.12 nm Z 4.43 nm

The maximum allowed distance for atoms involved in interactions is:
                 non-bonded interactions           1.035 nm
            two-body bonded interactions  (-rdd)   1.035 nm
          multi-body bonded interactions  (-rdd)   1.035 nm

Local state does not use filler particles

Using 20 MPI threads
Using 1 OpenMP thread per tMPI thread

System total charge: -9.000
Potential shift: LJ r^-12: -1.000e+00 r^-6: -1.000e+00, Coulomb -1e+00
Generated table with 1017 data points for 1-4 COUL.
Tabscale = 500 points/nm
Generated table with 1017 data points for 1-4 LJ6.
Tabscale = 500 points/nm
Generated table with 1017 data points for 1-4 LJ12.
Tabscale = 500 points/nm


Using SIMD4xM 4x8 nonbonded short-range kernels

Using a 4x8 pair-list setup:
  updated every 10 steps, buffer 0.035 nm, rlist 1.035 nm

The average pressure is off by at most 0.00 bar due to missing LJ interactions

Using Lorentz-Berthelot Lennard-Jones combination rule
Removing pbc first time

Linking all bonded interactions to atoms


Pinning threads with an auto-selected logical cpu stride of 1

Note that it is planned that the command gmx mdrun -rerun will be available in a different form in a future version of GROMACS, e.g. gmx rerun -f.
There are: 3424 Atoms

Atom distribution over 20 domains: av 171 stddev 230 min 0 max 740

Started mdrun on rank 0 Sun Dec 21 16:38:11 2025


Rerun does not report kinetic energy, total energy, temperature, virial and pressure.

Atom distribution over 20 domains: av 171 stddev 225 min 0 max 754
           Step           Time
              0        0.00000


   Energies (kJ/mol)
           Bond          Angle    Proper Dih. Per. Imp. Dih.          LJ-14
    2.58382e+03    7.27833e+03    8.93707e+03    4.88994e+02    3.19621e+03
     Coulomb-14        LJ (SR)   Coulomb (SR)      Potential
    4.17642e+04   -6.29520e+03   -7.16771e+04   -1.37237e+04


DD  step 499 load imb.: force 183.3%

Atom distribution over 20 domains: av 171 stddev 224 min 0 max 769
           Step           Time
            500        1.00000


   Energies (kJ/mol)
           Bond          Angle    Proper Dih. Per. Imp. Dih.          LJ-14
    2.65425e+03    7.20933e+03    8.99196e+03    4.39032e+02    3.20426e+03
     Coulomb-14        LJ (SR)   Coulomb (SR)      Potential
    4.17310e+04   -6.18873e+03   -7.14611e+04   -1.34199e+04


DD  step 999 load imb.: force 337.9%

Atom distribution over 20 domains: av 171 stddev 227 min 0 max 827
           Step           Time
           1000        2.00000


   Energies (kJ/mol)
           Bond          Angle    Proper Dih. Per. Imp. Dih.          LJ-14
    2.57299e+03    7.38444e+03    8.96711e+03    4.30059e+02    3.20601e+03
     Coulomb-14        LJ (SR)   Coulomb (SR)      Potential
    4.17439e+04   -6.13987e+03   -7.15498e+04   -1.33852e+04


DD  step 1499 load imb.: force 368.6%

Atom distribution over 20 domains: av 171 stddev 224 min 0 max 736
           Step           Time
           1500        3.00000


   Energies (kJ/mol)
           Bond          Angle    Proper Dih. Per. Imp. Dih.          LJ-14
    2.69893e+03    7.27763e+03    8.90950e+03    4.03781e+02    3.15714e+03
     Coulomb-14        LJ (SR)   Coulomb (SR)      Potential
    4.18166e+04   -6.21773e+03   -7.17387e+04   -1.36928e+04


DD  step 1999 load imb.: force 328.8%

Atom distribution over 20 domains: av 171 stddev 223 min 0 max 747
           Step           Time
           2000        4.00000


   Energies (kJ/mol)
           Bond          Angle    Proper Dih. Per. Imp. Dih.          LJ-14
    2.83231e+03    7.16080e+03    8.89024e+03    4.13204e+02    3.12002e+03
     Coulomb-14        LJ (SR)   Coulomb (SR)      Potential
    4.17165e+04   -6.17123e+03   -7.15178e+04   -1.35560e+04


DD  step 2499 load imb.: force 340.5%

Atom distribution over 20 domains: av 171 stddev 225 min 0 max 727
           Step           Time
           2500        5.00000


   Energies (kJ/mol)
           Bond          Angle    Proper Dih. Per. Imp. Dih.          LJ-14
    2.62993e+03    7.36484e+03    8.97505e+03    4.01659e+02    3.13567e+03
     Coulomb-14        LJ (SR)   Coulomb (SR)      Potential
    4.16534e+04   -6.25902e+03   -7.11586e+04   -1.32570e+04


DD  step 2999 load imb.: force 329.4%

Atom distribution over 20 domains: av 171 stddev 224 min 0 max 784
           Step           Time
           3000        6.00000


   Energies (kJ/mol)
           Bond          Angle    Proper Dih. Per. Imp. Dih.          LJ-14
    2.80497e+03    7.31419e+03    8.88584e+03    4.27926e+02    3.17332e+03
     Coulomb-14        LJ (SR)   Coulomb (SR)      Potential
    4.17748e+04   -6.19439e+03   -7.13328e+04   -1.31462e+04


DD  step 3499 load imb.: force 359.5%

Atom distribution over 20 domains: av 171 stddev 224 min 0 max 729
           Step           Time
           3500        7.00000


   Energies (kJ/mol)
           Bond          Angle    Proper Dih. Per. Imp. Dih.          LJ-14
    2.64266e+03    7.32226e+03    8.86421e+03    4.68858e+02    3.20822e+03
     Coulomb-14        LJ (SR)   Coulomb (SR)      Potential
    4.19688e+04   -6.13423e+03   -7.17395e+04   -1.33987e+04


DD  step 3999 load imb.: force 330.8%

Atom distribution over 20 domains: av 171 stddev 222 min 0 max 671
           Step           Time
           4000        8.00000


   Energies (kJ/mol)
           Bond          Angle    Proper Dih. Per. Imp. Dih.          LJ-14
    2.66673e+03    7.08429e+03    8.91452e+03    4.31124e+02    3.22979e+03
     Coulomb-14        LJ (SR)   Coulomb (SR)      Potential
    4.16926e+04   -6.15773e+03   -7.14846e+04   -1.36233e+04


DD  step 4499 load imb.: force 274.5%

Atom distribution over 20 domains: av 171 stddev 221 min 0 max 702
           Step           Time
           4500        9.00000


   Energies (kJ/mol)
           Bond          Angle    Proper Dih. Per. Imp. Dih.          LJ-14
    2.73756e+03    7.20976e+03    8.86072e+03    4.05565e+02    3.20837e+03
     Coulomb-14        LJ (SR)   Coulomb (SR)      Potential
    4.16196e+04   -6.17068e+03   -7.15655e+04   -1.36946e+04


DD  step 4999 load imb.: force 288.9%

Atom distribution over 20 domains: av 171 stddev 224 min 0 max 700
           Step           Time
           5000       10.00000


   Energies (kJ/mol)
           Bond          Angle    Proper Dih. Per. Imp. Dih.          LJ-14
    2.70756e+03    7.09518e+03    9.00023e+03    4.11469e+02    3.09630e+03
     Coulomb-14        LJ (SR)   Coulomb (SR)      Potential
    4.16866e+04   -6.22615e+03   -7.15097e+04   -1.37385e+04


DD  step 5499 load imb.: force 291.9%

Atom distribution over 20 domains: av 171 stddev 224 min 0 max 760
           Step           Time
           5500       11.00000


   Energies (kJ/mol)
           Bond          Angle    Proper Dih. Per. Imp. Dih.          LJ-14
    2.64694e+03    6.86763e+03    8.93250e+03    4.63342e+02    3.16315e+03
     Coulomb-14        LJ (SR)   Coulomb (SR)      Potential
    4.17835e+04   -6.21398e+03   -7.17161e+04   -1.40729e+04


DD  step 5999 load imb.: force 344.3%

Atom distribution over 20 domains: av 171 stddev 223 min 0 max 777
           Step           Time
           6000       12.00000


   Energies (kJ/mol)
           Bond          Angle    Proper Dih. Per. Imp. Dih.          LJ-14
    2.73077e+03    7.26552e+03    8.96040e+03    4.12253e+02    3.15945e+03
     Coulomb-14        LJ (SR)   Coulomb (SR)      Potential
    4.17063e+04   -6.24532e+03   -7.16453e+04   -1.36560e+04


DD  step 6499 load imb.: force 352.8%

Atom distribution over 20 domains: av 171 stddev 225 min 0 max 741
           Step           Time
           6500       13.00000


   Energies (kJ/mol)
           Bond          Angle    Proper Dih. Per. Imp. Dih.          LJ-14
    2.68309e+03    7.27798e+03    8.87547e+03    5.13006e+02    3.07811e+03
     Coulomb-14        LJ (SR)   Coulomb (SR)      Potential
    4.16294e+04   -6.10478e+03   -7.13612e+04   -1.34089e+04


DD  step 6999 load imb.: force 343.6%

Atom distribution over 20 domains: av 171 stddev 226 min 0 max 773
           Step           Time
           7000       14.00000


   Energies (kJ/mol)
           Bond          Angle    Proper Dih. Per. Imp. Dih.          LJ-14
    2.72855e+03    7.35792e+03    8.85618e+03    4.27698e+02    3.15994e+03
     Coulomb-14        LJ (SR)   Coulomb (SR)      Potential
    4.16997e+04   -6.17005e+03   -7.15426e+04   -1.34827e+04


DD  step 7499 load imb.: force 359.3%

Atom distribution over 20 domains: av 171 stddev 225 min 0 max 768
           Step           Time
           7500       15.00000


   Energies (kJ/mol)
           Bond          Angle    Proper Dih. Per. Imp. Dih.          LJ-14
    2.67727e+03    7.63713e+03    8.93598e+03    4.35888e+02    3.12722e+03
     Coulomb-14        LJ (SR)   Coulomb (SR)      Potential
    4.18385e+04   -6.12108e+03   -7.17353e+04   -1.32044e+04


DD  step 7999 load imb.: force 357.7%

Atom distribution over 20 domains: av 171 stddev 225 min 0 max 761
           Step           Time
           8000       16.00000


   Energies (kJ/mol)
           Bond          Angle    Proper Dih. Per. Imp. Dih.          LJ-14
    2.51283e+03    7.13548e+03    8.92928e+03    4.70720e+02    3.25172e+03
     Coulomb-14        LJ (SR)   Coulomb (SR)      Potential
    4.20377e+04   -6.10350e+03   -7.18727e+04   -1.36384e+04


DD  step 8499 load imb.: force 340.0%

Atom distribution over 20 domains: av 171 stddev 220 min 0 max 712
           Step           Time
           8500       17.00000


   Energies (kJ/mol)
           Bond          Angle    Proper Dih. Per. Imp. Dih.          LJ-14
    2.75396e+03    7.02786e+03    8.90971e+03    4.19708e+02    3.17168e+03
     Coulomb-14        LJ (SR)   Coulomb (SR)      Potential
    4.20031e+04   -6.21282e+03   -7.18563e+04   -1.37831e+04


DD  step 8999 load imb.: force 326.6%

Atom distribution over 20 domains: av 171 stddev 221 min 0 max 773
           Step           Time
           9000       18.00000


   Energies (kJ/mol)
           Bond          Angle    Proper Dih. Per. Imp. Dih.          LJ-14
    2.53780e+03    7.16144e+03    8.92188e+03    4.23845e+02    3.09686e+03
     Coulomb-14        LJ (SR)   Coulomb (SR)      Potential
    4.15223e+04   -6.20004e+03   -7.11710e+04   -1.37069e+04


DD  step 9499 load imb.: force 356.9%

Atom distribution over 20 domains: av 171 stddev 225 min 0 max 786
           Step           Time
           9500       19.00000


   Energies (kJ/mol)
           Bond          Angle    Proper Dih. Per. Imp. Dih.          LJ-14
    2.39873e+03    7.21266e+03    8.93184e+03    4.73959e+02    3.26250e+03
     Coulomb-14        LJ (SR)   Coulomb (SR)      Potential
    4.18445e+04   -6.10713e+03   -7.15786e+04   -1.35615e+04


DD  step 9999 load imb.: force 366.5%

Atom distribution over 20 domains: av 171 stddev 228 min 0 max 818
           Step           Time
          10000       20.00000


   Energies (kJ/mol)
           Bond          Angle    Proper Dih. Per. Imp. Dih.          LJ-14
    2.61349e+03    7.00824e+03    8.99428e+03    4.08925e+02    3.19510e+03
     Coulomb-14        LJ (SR)   Coulomb (SR)      Potential
    4.19064e+04   -6.11263e+03   -7.18826e+04   -1.38688e+04


DD  step 10499 load imb.: force 378.6%

Atom distribution over 20 domains: av 171 stddev 224 min 0 max 786
           Step           Time
          10500       21.00000


   Energies (kJ/mol)
           Bond          Angle    Proper Dih. Per. Imp. Dih.          LJ-14
    2.60159e+03    7.12744e+03    9.05170e+03    4.29552e+02    3.04798e+03
     Coulomb-14        LJ (SR)   Coulomb (SR)      Potential
    4.15850e+04   -6.22000e+03   -7.13195e+04   -1.36962e+04


DD  step 10999 load imb.: force 366.5%

Atom distribution over 20 domains: av 171 stddev 223 min 0 max 743
           Step           Time
          11000       22.00000


   Energies (kJ/mol)
           Bond          Angle    Proper Dih. Per. Imp. Dih.          LJ-14
    2.76953e+03    7.27975e+03    8.85758e+03    4.59285e+02    3.16495e+03
     Coulomb-14        LJ (SR)   Coulomb (SR)      Potential
    4.15993e+04   -6.11640e+03   -7.13641e+04   -1.33501e+04


DD  step 11499 load imb.: force 335.6%

Atom distribution over 20 domains: av 171 stddev 226 min 0 max 789
           Step           Time
          11500       23.00000


   Energies (kJ/mol)
           Bond          Angle    Proper Dih. Per. Imp. Dih.          LJ-14
    2.66256e+03    7.32253e+03    8.86889e+03    4.17603e+02    3.11817e+03
     Coulomb-14        LJ (SR)   Coulomb (SR)      Potential
    4.18834e+04   -5.96821e+03   -7.18377e+04   -1.35327e+04


DD  step 11999 load imb.: force 362.4%

Atom distribution over 20 domains: av 171 stddev 225 min 0 max 787
           Step           Time
          12000       24.00000


   Energies (kJ/mol)
           Bond          Angle    Proper Dih. Per. Imp. Dih.          LJ-14
    2.73823e+03    7.25797e+03    8.96830e+03    4.21266e+02    3.06310e+03
     Coulomb-14        LJ (SR)   Coulomb (SR)      Potential
    4.18107e+04   -6.04998e+03   -7.15096e+04   -1.33000e+04


DD  step 12499 load imb.: force 370.4%

Atom distribution over 20 domains: av 171 stddev 226 min 0 max 790
           Step           Time
          12500       25.00000


   Energies (kJ/mol)
           Bond          Angle    Proper Dih. Per. Imp. Dih.          LJ-14
    2.66221e+03    7.24457e+03    8.90528e+03    4.23570e+02    3.12601e+03
     Coulomb-14        LJ (SR)   Coulomb (SR)      Potential
    4.17798e+04   -6.21812e+03   -7.14533e+04   -1.35300e+04


DD  step 12999 load imb.: force 363.5%

Atom distribution over 20 domains: av 171 stddev 227 min 0 max 816
           Step           Time
          13000       26.00000


   Energies (kJ/mol)
           Bond          Angle    Proper Dih. Per. Imp. Dih.          LJ-14
    2.74468e+03    7.10008e+03    8.96994e+03    4.27406e+02    3.16879e+03
     Coulomb-14        LJ (SR)   Coulomb (SR)      Potential
    4.15816e+04   -6.07997e+03   -7.13650e+04   -1.34524e+04


DD  step 13499 load imb.: force 379.4%

Atom distribution over 20 domains: av 171 stddev 226 min 0 max 770
           Step           Time
          13500       27.00000


   Energies (kJ/mol)
           Bond          Angle    Proper Dih. Per. Imp. Dih.          LJ-14
    2.71949e+03    7.21332e+03    8.97252e+03    4.08983e+02    3.14716e+03
     Coulomb-14        LJ (SR)   Coulomb (SR)      Potential
    4.15325e+04   -6.14810e+03   -7.11501e+04   -1.33042e+04


DD  step 13999 load imb.: force 353.8%

Atom distribution over 20 domains: av 171 stddev 224 min 0 max 763
           Step           Time
          14000       28.00000


   Energies (kJ/mol)
           Bond          Angle    Proper Dih. Per. Imp. Dih.          LJ-14
    2.63032e+03    7.32746e+03    8.94807e+03    4.33449e+02    3.16410e+03
     Coulomb-14        LJ (SR)   Coulomb (SR)      Potential
    4.16475e+04   -6.17376e+03   -7.15315e+04   -1.35544e+04


DD  step 14499 load imb.: force 343.1%

Atom distribution over 20 domains: av 171 stddev 224 min 0 max 789
           Step           Time
          14500       29.00000


   Energies (kJ/mol)
           Bond          Angle    Proper Dih. Per. Imp. Dih.          LJ-14
    2.87684e+03    7.36310e+03    8.92908e+03    4.55687e+02    3.15031e+03
     Coulomb-14        LJ (SR)   Coulomb (SR)      Potential
    4.16358e+04   -6.18266e+03   -7.12564e+04   -1.30282e+04


DD  step 14999 load imb.: force 353.9%

Atom distribution over 20 domains: av 171 stddev 225 min 0 max 788
           Step           Time
          15000       30.00000


   Energies (kJ/mol)
           Bond          Angle    Proper Dih. Per. Imp. Dih.          LJ-14
    2.74395e+03    7.03429e+03    8.97614e+03    4.07355e+02    3.07473e+03
     Coulomb-14        LJ (SR)   Coulomb (SR)      Potential
    4.19402e+04   -6.20447e+03   -7.17759e+04   -1.38037e+04


DD  step 15499 load imb.: force 359.9%

Atom distribution over 20 domains: av 171 stddev 225 min 0 max 785
           Step           Time
          15500       31.00000


   Energies (kJ/mol)
           Bond          Angle    Proper Dih. Per. Imp. Dih.          LJ-14
    2.54128e+03    7.39902e+03    8.95357e+03    4.04494e+02    3.14205e+03
     Coulomb-14        LJ (SR)   Coulomb (SR)      Potential
    4.18438e+04   -6.21596e+03   -7.14376e+04   -1.33694e+04


DD  step 15999 load imb.: force 356.7%

Atom distribution over 20 domains: av 171 stddev 223 min 0 max 750
           Step           Time
          16000       32.00000


   Energies (kJ/mol)
           Bond          Angle    Proper Dih. Per. Imp. Dih.          LJ-14
    2.83867e+03    7.15632e+03    8.95520e+03    4.13097e+02    3.08516e+03
     Coulomb-14        LJ (SR)   Coulomb (SR)      Potential
    4.16288e+04   -6.14959e+03   -7.11290e+04   -1.32013e+04


DD  step 16499 load imb.: force 353.8%

Atom distribution over 20 domains: av 171 stddev 226 min 0 max 804
           Step           Time
          16500       33.00000


   Energies (kJ/mol)
           Bond          Angle    Proper Dih. Per. Imp. Dih.          LJ-14
    2.73252e+03    7.21514e+03    9.00026e+03    4.48192e+02    3.12687e+03
     Coulomb-14        LJ (SR)   Coulomb (SR)      Potential
    4.18284e+04   -6.19437e+03   -7.17962e+04   -1.36391e+04


DD  step 16999 load imb.: force 360.7%

Atom distribution over 20 domains: av 171 stddev 225 min 0 max 763
           Step           Time
          17000       34.00000


   Energies (kJ/mol)
           Bond          Angle    Proper Dih. Per. Imp. Dih.          LJ-14
    2.68994e+03    7.11232e+03    8.99249e+03    3.61804e+02    3.26374e+03
     Coulomb-14        LJ (SR)   Coulomb (SR)      Potential
    4.18064e+04   -6.29759e+03   -7.12696e+04   -1.33405e+04


DD  step 17499 load imb.: force 336.9%

Atom distribution over 20 domains: av 171 stddev 228 min 0 max 806
           Step           Time
          17500       35.00000


   Energies (kJ/mol)
           Bond          Angle    Proper Dih. Per. Imp. Dih.          LJ-14
    2.64542e+03    7.44708e+03    9.03983e+03    4.19746e+02    3.18702e+03
     Coulomb-14        LJ (SR)   Coulomb (SR)      Potential
    4.16074e+04   -6.18745e+03   -7.13437e+04   -1.31847e+04


DD  step 17999 load imb.: force 375.6%

Atom distribution over 20 domains: av 171 stddev 227 min 0 max 789
           Step           Time
          18000       36.00000


   Energies (kJ/mol)
           Bond          Angle    Proper Dih. Per. Imp. Dih.          LJ-14
    2.62467e+03    7.00636e+03    8.90511e+03    4.25065e+02    3.18735e+03
     Coulomb-14        LJ (SR)   Coulomb (SR)      Potential
    4.17190e+04   -6.23502e+03   -7.10332e+04   -1.34007e+04


DD  step 18499 load imb.: force 355.8%

Atom distribution over 20 domains: av 171 stddev 227 min 0 max 818
           Step           Time
          18500       37.00000


   Energies (kJ/mol)
           Bond          Angle    Proper Dih. Per. Imp. Dih.          LJ-14
    2.58592e+03    7.11627e+03    9.00966e+03    4.79482e+02    3.08412e+03
     Coulomb-14        LJ (SR)   Coulomb (SR)      Potential
    4.16647e+04   -6.25701e+03   -7.11993e+04   -1.35162e+04


DD  step 18999 load imb.: force 371.9%

Atom distribution over 20 domains: av 171 stddev 224 min 0 max 774
           Step           Time
          19000       38.00000


   Energies (kJ/mol)
           Bond          Angle    Proper Dih. Per. Imp. Dih.          LJ-14
    2.58100e+03    7.15242e+03    8.90014e+03    4.54080e+02    3.15346e+03
     Coulomb-14        LJ (SR)   Coulomb (SR)      Potential
    4.17997e+04   -6.16113e+03   -7.13513e+04   -1.34716e+04


DD  step 19499 load imb.: force 352.0%

Atom distribution over 20 domains: av 171 stddev 226 min 0 max 757
           Step           Time
          19500       39.00000


   Energies (kJ/mol)
           Bond          Angle    Proper Dih. Per. Imp. Dih.          LJ-14
    2.61982e+03    7.33792e+03    8.91025e+03    4.31263e+02    3.11365e+03
     Coulomb-14        LJ (SR)   Coulomb (SR)      Potential
    4.17865e+04   -6.22974e+03   -7.16758e+04   -1.37061e+04


DD  step 19999 load imb.: force 346.4%

Atom distribution over 20 domains: av 171 stddev 225 min 0 max 739
           Step           Time
          20000       40.00000


   Energies (kJ/mol)
           Bond          Angle    Proper Dih. Per. Imp. Dih.          LJ-14
    2.69106e+03    7.08592e+03    8.90525e+03    4.34537e+02    3.02448e+03
     Coulomb-14        LJ (SR)   Coulomb (SR)      Potential
    4.17269e+04   -6.22682e+03   -7.13545e+04   -1.37131e+04


DD  step 20499 load imb.: force 309.1%

Atom distribution over 20 domains: av 171 stddev 226 min 0 max 745
           Step           Time
          20500       41.00000


   Energies (kJ/mol)
           Bond          Angle    Proper Dih. Per. Imp. Dih.          LJ-14
    2.74760e+03    7.16541e+03    8.92105e+03    4.49572e+02    3.11017e+03
     Coulomb-14        LJ (SR)   Coulomb (SR)      Potential
    4.18252e+04   -6.17123e+03   -7.12900e+04   -1.32422e+04


DD  step 20999 load imb.: force 339.3%

Atom distribution over 20 domains: av 171 stddev 228 min 0 max 766
           Step           Time
          21000       42.00000


   Energies (kJ/mol)
           Bond          Angle    Proper Dih. Per. Imp. Dih.          LJ-14
    2.59176e+03    7.10685e+03    8.95523e+03    3.99068e+02    3.26937e+03
     Coulomb-14        LJ (SR)   Coulomb (SR)      Potential
    4.17466e+04   -6.17335e+03   -7.13957e+04   -1.35002e+04


DD  step 21499 load imb.: force 350.3%

Atom distribution over 20 domains: av 171 stddev 229 min 0 max 759
           Step           Time
          21500       43.00000


   Energies (kJ/mol)
           Bond          Angle    Proper Dih. Per. Imp. Dih.          LJ-14
    2.67885e+03    7.22566e+03    8.93355e+03    4.67419e+02    3.17732e+03
     Coulomb-14        LJ (SR)   Coulomb (SR)      Potential
    4.17301e+04   -6.14263e+03   -7.13163e+04   -1.32461e+04


DD  step 21999 load imb.: force 350.7%

Atom distribution over 20 domains: av 171 stddev 228 min 0 max 787
           Step           Time
          22000       44.00000


   Energies (kJ/mol)
           Bond          Angle    Proper Dih. Per. Imp. Dih.          LJ-14
    2.69280e+03    7.25858e+03    8.90405e+03    4.39881e+02    3.17384e+03
     Coulomb-14        LJ (SR)   Coulomb (SR)      Potential
    4.16884e+04   -6.19688e+03   -7.13828e+04   -1.34221e+04


DD  step 22499 load imb.: force 365.8%

Atom distribution over 20 domains: av 171 stddev 230 min 0 max 787
           Step           Time
          22500       45.00000


   Energies (kJ/mol)
           Bond          Angle    Proper Dih. Per. Imp. Dih.          LJ-14
    2.66573e+03    7.44987e+03    8.89367e+03    4.50090e+02    3.14533e+03
     Coulomb-14        LJ (SR)   Coulomb (SR)      Potential
    4.16208e+04   -6.17083e+03   -7.13922e+04   -1.33376e+04


DD  step 22999 load imb.: force 362.8%

Atom distribution over 20 domains: av 171 stddev 227 min 0 max 754
           Step           Time
          23000       46.00000


   Energies (kJ/mol)
           Bond          Angle    Proper Dih. Per. Imp. Dih.          LJ-14
    2.72511e+03    7.40954e+03    8.91437e+03    4.43663e+02    3.17431e+03
     Coulomb-14        LJ (SR)   Coulomb (SR)      Potential
    4.16866e+04   -6.18433e+03   -7.15158e+04   -1.33466e+04


DD  step 23499 load imb.: force 344.4%

Atom distribution over 20 domains: av 171 stddev 228 min 0 max 782
           Step           Time
          23500       47.00000


   Energies (kJ/mol)
           Bond          Angle    Proper Dih. Per. Imp. Dih.          LJ-14
    2.65584e+03    7.24301e+03    9.01010e+03    4.32829e+02    3.09226e+03
     Coulomb-14        LJ (SR)   Coulomb (SR)      Potential
    4.18374e+04   -6.17940e+03   -7.14132e+04   -1.33212e+04


DD  step 23999 load imb.: force 354.7%

Atom distribution over 20 domains: av 171 stddev 229 min 0 max 760
           Step           Time
          24000       48.00000


   Energies (kJ/mol)
           Bond          Angle    Proper Dih. Per. Imp. Dih.          LJ-14
    2.62537e+03    7.50219e+03    9.03867e+03    4.43204e+02    3.16610e+03
     Coulomb-14        LJ (SR)   Coulomb (SR)      Potential
    4.18219e+04   -6.11112e+03   -7.15822e+04   -1.30959e+04


DD  step 24499 load imb.: force 342.6%

Atom distribution over 20 domains: av 171 stddev 229 min 0 max 767
           Step           Time
          24500       49.00000


   Energies (kJ/mol)
           Bond          Angle    Proper Dih. Per. Imp. Dih.          LJ-14
    2.73816e+03    7.31241e+03    8.95175e+03    4.64038e+02    3.14980e+03
     Coulomb-14        LJ (SR)   Coulomb (SR)      Potential
    4.15003e+04   -6.31146e+03   -7.11823e+04   -1.33773e+04


DD  step 24999 load imb.: force 354.3%

Atom distribution over 20 domains: av 171 stddev 230 min 0 max 770
           Step           Time
          25000       50.00000


   Energies (kJ/mol)
           Bond          Angle    Proper Dih. Per. Imp. Dih.          LJ-14
    2.62420e+03    7.05809e+03    8.94930e+03    5.00696e+02    3.13391e+03
     Coulomb-14        LJ (SR)   Coulomb (SR)      Potential
    4.18295e+04   -6.13097e+03   -7.13686e+04   -1.34039e+04


DD  step 25499 load imb.: force 349.0%

Atom distribution over 20 domains: av 171 stddev 232 min 0 max 817
           Step           Time
          25500       51.00000


   Energies (kJ/mol)
           Bond          Angle    Proper Dih. Per. Imp. Dih.          LJ-14
    2.69944e+03    7.33417e+03    8.91064e+03    4.78088e+02    3.12764e+03
     Coulomb-14        LJ (SR)   Coulomb (SR)      Potential
    4.16156e+04   -6.28235e+03   -7.10677e+04   -1.31845e+04


DD  step 25999 load imb.: force 365.5%

Atom distribution over 20 domains: av 171 stddev 232 min 0 max 802
           Step           Time
          26000       52.00000


   Energies (kJ/mol)
           Bond          Angle    Proper Dih. Per. Imp. Dih.          LJ-14
    2.54331e+03    7.20840e+03    8.94325e+03    4.45484e+02    3.12855e+03
     Coulomb-14        LJ (SR)   Coulomb (SR)      Potential
    4.15957e+04   -6.22436e+03   -7.13567e+04   -1.37163e+04


DD  step 26499 load imb.: force 374.9%

Atom distribution over 20 domains: av 171 stddev 230 min 0 max 786
           Step           Time
          26500       53.00000


   Energies (kJ/mol)
           Bond          Angle    Proper Dih. Per. Imp. Dih.          LJ-14
    2.61253e+03    7.21905e+03    8.97929e+03    4.58828e+02    3.20578e+03
     Coulomb-14        LJ (SR)   Coulomb (SR)      Potential
    4.16489e+04   -6.21299e+03   -7.13079e+04   -1.33965e+04


DD  step 26999 load imb.: force 365.0%

Atom distribution over 20 domains: av 171 stddev 233 min 0 max 812
           Step           Time
          27000       54.00000


   Energies (kJ/mol)
           Bond          Angle    Proper Dih. Per. Imp. Dih.          LJ-14
    2.76378e+03    7.10311e+03    9.00183e+03    4.43602e+02    3.22747e+03
     Coulomb-14        LJ (SR)   Coulomb (SR)      Potential
    4.19645e+04   -6.07834e+03   -7.16434e+04   -1.32175e+04


DD  step 27499 load imb.: force 362.6%

Atom distribution over 20 domains: av 171 stddev 232 min 0 max 799
           Step           Time
          27500       55.00000


   Energies (kJ/mol)
           Bond          Angle    Proper Dih. Per. Imp. Dih.          LJ-14
    2.55844e+03    6.98228e+03    9.11921e+03    4.72207e+02    3.17652e+03
     Coulomb-14        LJ (SR)   Coulomb (SR)      Potential
    4.18951e+04   -6.20338e+03   -7.13316e+04   -1.33313e+04


DD  step 27999 load imb.: force 366.1%

Atom distribution over 20 domains: av 171 stddev 237 min 0 max 833
           Step           Time
          28000       56.00000


   Energies (kJ/mol)
           Bond          Angle    Proper Dih. Per. Imp. Dih.          LJ-14
    2.55879e+03    7.12762e+03    9.07715e+03    4.31102e+02    3.16169e+03
     Coulomb-14        LJ (SR)   Coulomb (SR)      Potential
    4.18736e+04   -6.22549e+03   -7.14220e+04   -1.34175e+04


DD  step 28499 load imb.: force 395.1%

Atom distribution over 20 domains: av 171 stddev 235 min 0 max 814
           Step           Time
          28500       57.00000


   Energies (kJ/mol)
           Bond          Angle    Proper Dih. Per. Imp. Dih.          LJ-14
    2.52632e+03    7.36038e+03    8.88921e+03    4.44063e+02    3.13299e+03
     Coulomb-14        LJ (SR)   Coulomb (SR)      Potential
    4.19228e+04   -6.10090e+03   -7.14000e+04   -1.32252e+04


DD  step 28999 load imb.: force 386.3%

Atom distribution over 20 domains: av 171 stddev 233 min 0 max 826
           Step           Time
          29000       58.00000


   Energies (kJ/mol)
           Bond          Angle    Proper Dih. Per. Imp. Dih.          LJ-14
    2.64553e+03    7.30911e+03    8.94477e+03    4.50230e+02    3.19408e+03
     Coulomb-14        LJ (SR)   Coulomb (SR)      Potential
    4.17965e+04   -6.07799e+03   -7.08992e+04   -1.26370e+04


DD  step 29499 load imb.: force 375.7%

Atom distribution over 20 domains: av 171 stddev 231 min 0 max 757
           Step           Time
          29500       59.00000


   Energies (kJ/mol)
           Bond          Angle    Proper Dih. Per. Imp. Dih.          LJ-14
    2.66554e+03    7.38917e+03    8.96047e+03    4.60861e+02    3.18126e+03
     Coulomb-14        LJ (SR)   Coulomb (SR)      Potential
    4.17420e+04   -6.17596e+03   -7.11171e+04   -1.28938e+04


DD  step 29999 load imb.: force 340.1%

Atom distribution over 20 domains: av 171 stddev 231 min 0 max 790
           Step           Time
          30000       60.00000


   Energies (kJ/mol)
           Bond          Angle    Proper Dih. Per. Imp. Dih.          LJ-14
    2.68316e+03    7.09669e+03    8.91268e+03    4.02995e+02    3.16307e+03
     Coulomb-14        LJ (SR)   Coulomb (SR)      Potential
    4.17698e+04   -6.32251e+03   -7.09106e+04   -1.32047e+04


DD  step 30499 load imb.: force 361.6%

Atom distribution over 20 domains: av 171 stddev 228 min 0 max 759
           Step           Time
          30500       61.00000


   Energies (kJ/mol)
           Bond          Angle    Proper Dih. Per. Imp. Dih.          LJ-14
    2.61715e+03    7.07608e+03    9.07102e+03    4.21978e+02    3.25802e+03
     Coulomb-14        LJ (SR)   Coulomb (SR)      Potential
    4.18817e+04   -6.21383e+03   -7.10992e+04   -1.29871e+04


DD  step 30999 load imb.: force 349.9%

Atom distribution over 20 domains: av 171 stddev 227 min 0 max 761
           Step           Time
          31000       62.00000


   Energies (kJ/mol)
           Bond          Angle    Proper Dih. Per. Imp. Dih.          LJ-14
    2.69975e+03    7.20893e+03    8.97431e+03    4.22568e+02    3.10746e+03
     Coulomb-14        LJ (SR)   Coulomb (SR)      Potential
    4.18315e+04   -6.22568e+03   -7.09320e+04   -1.29132e+04


DD  step 31499 load imb.: force 343.6%

Atom distribution over 20 domains: av 171 stddev 226 min 0 max 739
           Step           Time
          31500       63.00000


   Energies (kJ/mol)
           Bond          Angle    Proper Dih. Per. Imp. Dih.          LJ-14
    2.71628e+03    7.22895e+03    8.94014e+03    4.45307e+02    3.15727e+03
     Coulomb-14        LJ (SR)   Coulomb (SR)      Potential
    4.16481e+04   -6.17756e+03   -7.08648e+04   -1.29062e+04


DD  step 31999 load imb.: force 336.1%

Atom distribution over 20 domains: av 171 stddev 227 min 0 max 754
           Step           Time
          32000       64.00000


   Energies (kJ/mol)
           Bond          Angle    Proper Dih. Per. Imp. Dih.          LJ-14
    2.63614e+03    7.09967e+03    8.97235e+03    4.02040e+02    3.15523e+03
     Coulomb-14        LJ (SR)   Coulomb (SR)      Potential
    4.17713e+04   -6.26998e+03   -7.07815e+04   -1.30147e+04


DD  step 32499 load imb.: force 345.6%

Atom distribution over 20 domains: av 171 stddev 231 min 0 max 797
           Step           Time
          32500       65.00000


   Energies (kJ/mol)
           Bond          Angle    Proper Dih. Per. Imp. Dih.          LJ-14
    2.72734e+03    7.20269e+03    9.01552e+03    4.76930e+02    3.12409e+03
     Coulomb-14        LJ (SR)   Coulomb (SR)      Potential
    4.17420e+04   -6.15138e+03   -7.10149e+04   -1.28777e+04


DD  step 32999 load imb.: force 355.5%

Atom distribution over 20 domains: av 171 stddev 231 min 0 max 800
           Step           Time
          33000       66.00000


   Energies (kJ/mol)
           Bond          Angle    Proper Dih. Per. Imp. Dih.          LJ-14
    2.64803e+03    7.12115e+03    8.99363e+03    4.55472e+02    3.18680e+03
     Coulomb-14        LJ (SR)   Coulomb (SR)      Potential
    4.19818e+04   -6.19797e+03   -7.14934e+04   -1.33045e+04


DD  step 33499 load imb.: force 360.2%

Atom distribution over 20 domains: av 171 stddev 229 min 0 max 768
           Step           Time
          33500       67.00000


   Energies (kJ/mol)
           Bond          Angle    Proper Dih. Per. Imp. Dih.          LJ-14
    2.66866e+03    7.12079e+03    8.92249e+03    4.60572e+02    3.18647e+03
     Coulomb-14        LJ (SR)   Coulomb (SR)      Potential
    4.17057e+04   -6.13520e+03   -7.10694e+04   -1.31399e+04


DD  step 33999 load imb.: force 355.6%

Atom distribution over 20 domains: av 171 stddev 226 min 0 max 731
           Step           Time
          34000       68.00000


   Energies (kJ/mol)
           Bond          Angle    Proper Dih. Per. Imp. Dih.          LJ-14
    2.83843e+03    7.04662e+03    9.01333e+03    4.60637e+02    3.21201e+03
     Coulomb-14        LJ (SR)   Coulomb (SR)      Potential
    4.17538e+04   -6.09832e+03   -7.11398e+04   -1.29132e+04


DD  step 34499 load imb.: force 340.0%

Atom distribution over 20 domains: av 171 stddev 222 min 0 max 747
           Step           Time
          34500       69.00000


   Energies (kJ/mol)
           Bond          Angle    Proper Dih. Per. Imp. Dih.          LJ-14
    2.66063e+03    7.23438e+03    8.92942e+03    4.37288e+02    3.19458e+03
     Coulomb-14        LJ (SR)   Coulomb (SR)      Potential
    4.19556e+04   -6.02840e+03   -7.12544e+04   -1.28709e+04


DD  step 34999 load imb.: force 331.7%

Atom distribution over 20 domains: av 171 stddev 225 min 0 max 738
           Step           Time
          35000       70.00000


   Energies (kJ/mol)
           Bond          Angle    Proper Dih. Per. Imp. Dih.          LJ-14
    2.56174e+03    7.11011e+03    8.94457e+03    4.84312e+02    3.18652e+03
     Coulomb-14        LJ (SR)   Coulomb (SR)      Potential
    4.17085e+04   -6.14435e+03   -7.11471e+04   -1.32958e+04


DD  step 35499 load imb.: force 338.6%

Atom distribution over 20 domains: av 171 stddev 225 min 0 max 775
           Step           Time
          35500       71.00000


   Energies (kJ/mol)
           Bond          Angle    Proper Dih. Per. Imp. Dih.          LJ-14
    2.69514e+03    7.26433e+03    8.95836e+03    4.09153e+02    3.14420e+03
     Coulomb-14        LJ (SR)   Coulomb (SR)      Potential
    4.18088e+04   -6.18780e+03   -7.11175e+04   -1.30253e+04


DD  step 35999 load imb.: force 344.3%

Atom distribution over 20 domains: av 171 stddev 226 min 0 max 791
           Step           Time
          36000       72.00000


   Energies (kJ/mol)
           Bond          Angle    Proper Dih. Per. Imp. Dih.          LJ-14
    2.74259e+03    7.24986e+03    8.87000e+03    3.77711e+02    3.17175e+03
     Coulomb-14        LJ (SR)   Coulomb (SR)      Potential
    4.16916e+04   -6.11082e+03   -7.12463e+04   -1.32536e+04


DD  step 36499 load imb.: force 344.8%

Atom distribution over 20 domains: av 171 stddev 227 min 0 max 823
           Step           Time
          36500       73.00000


   Energies (kJ/mol)
           Bond          Angle    Proper Dih. Per. Imp. Dih.          LJ-14
    2.74987e+03    7.26848e+03    8.99889e+03    4.53443e+02    3.23478e+03
     Coulomb-14        LJ (SR)   Coulomb (SR)      Potential
    4.17633e+04   -6.29642e+03   -7.09547e+04   -1.27824e+04


DD  step 36999 load imb.: force 355.5%

Atom distribution over 20 domains: av 171 stddev 223 min 0 max 785
           Step           Time
          37000       74.00000


   Energies (kJ/mol)
           Bond          Angle    Proper Dih. Per. Imp. Dih.          LJ-14
    2.73335e+03    7.28712e+03    8.98426e+03    4.33486e+02    3.13758e+03
     Coulomb-14        LJ (SR)   Coulomb (SR)      Potential
    4.16443e+04   -6.17111e+03   -7.10319e+04   -1.29829e+04


DD  step 37499 load imb.: force 329.1%

Atom distribution over 20 domains: av 171 stddev 223 min 0 max 775
           Step           Time
          37500       75.00000


   Energies (kJ/mol)
           Bond          Angle    Proper Dih. Per. Imp. Dih.          LJ-14
    2.71864e+03    7.23088e+03    8.90315e+03    4.42872e+02    3.21256e+03
     Coulomb-14        LJ (SR)   Coulomb (SR)      Potential
    4.16686e+04   -6.23816e+03   -7.10119e+04   -1.30734e+04


DD  step 37999 load imb.: force 334.8%

Atom distribution over 20 domains: av 171 stddev 221 min 0 max 748
           Step           Time
          38000       76.00000


   Energies (kJ/mol)
           Bond          Angle    Proper Dih. Per. Imp. Dih.          LJ-14
    2.65186e+03    7.17698e+03    8.85274e+03    4.53147e+02    3.23755e+03
     Coulomb-14        LJ (SR)   Coulomb (SR)      Potential
    4.20299e+04   -6.17676e+03   -7.13043e+04   -1.30788e+04


DD  step 38499 load imb.: force 331.6%

Atom distribution over 20 domains: av 171 stddev 219 min 0 max 717
           Step           Time
          38500       77.00000


   Energies (kJ/mol)
           Bond          Angle    Proper Dih. Per. Imp. Dih.          LJ-14
    2.70716e+03    7.33559e+03    8.87388e+03    5.00002e+02    3.16969e+03
     Coulomb-14        LJ (SR)   Coulomb (SR)      Potential
    4.18622e+04   -6.13363e+03   -7.16311e+04   -1.33162e+04


DD  step 38999 load imb.: force 315.9%

Atom distribution over 20 domains: av 171 stddev 219 min 0 max 748
           Step           Time
          39000       78.00000


   Energies (kJ/mol)
           Bond          Angle    Proper Dih. Per. Imp. Dih.          LJ-14
    2.70212e+03    7.17849e+03    9.07723e+03    4.71250e+02    3.19294e+03
     Coulomb-14        LJ (SR)   Coulomb (SR)      Potential
    4.17973e+04   -6.19593e+03   -7.12200e+04   -1.29966e+04


DD  step 39499 load imb.: force 329.0%

Atom distribution over 20 domains: av 171 stddev 220 min 0 max 757
           Step           Time
          39500       79.00000


   Energies (kJ/mol)
           Bond          Angle    Proper Dih. Per. Imp. Dih.          LJ-14
    2.53042e+03    7.23353e+03    8.92835e+03    4.31992e+02    3.19697e+03
     Coulomb-14        LJ (SR)   Coulomb (SR)      Potential
    4.19961e+04   -6.18800e+03   -7.15454e+04   -1.34161e+04


DD  step 39999 load imb.: force 326.6%

Atom distribution over 20 domains: av 171 stddev 218 min 0 max 775
           Step           Time
          40000       80.00000


   Energies (kJ/mol)
           Bond          Angle    Proper Dih. Per. Imp. Dih.          LJ-14
    2.72948e+03    7.17377e+03    8.90723e+03    4.08809e+02    3.08246e+03
     Coulomb-14        LJ (SR)   Coulomb (SR)      Potential
    4.16938e+04   -6.25190e+03   -7.13075e+04   -1.35639e+04


DD  step 40499 load imb.: force 334.2%

Atom distribution over 20 domains: av 171 stddev 222 min 0 max 791
           Step           Time
          40500       81.00000


   Energies (kJ/mol)
           Bond          Angle    Proper Dih. Per. Imp. Dih.          LJ-14
    2.61507e+03    7.22335e+03    8.98045e+03    4.34348e+02    3.13707e+03
     Coulomb-14        LJ (SR)   Coulomb (SR)      Potential
    4.17701e+04   -6.12002e+03   -7.13545e+04   -1.33141e+04


DD  step 40999 load imb.: force 340.3%

Atom distribution over 20 domains: av 171 stddev 222 min 0 max 787
           Step           Time
          41000       82.00000


   Energies (kJ/mol)
           Bond          Angle    Proper Dih. Per. Imp. Dih.          LJ-14
    2.77891e+03    7.30675e+03    8.94970e+03    4.35526e+02    3.12717e+03
     Coulomb-14        LJ (SR)   Coulomb (SR)      Potential
    4.16251e+04   -6.11503e+03   -7.09658e+04   -1.28576e+04


DD  step 41499 load imb.: force 338.8%

Atom distribution over 20 domains: av 171 stddev 222 min 0 max 791
           Step           Time
          41500       83.00000


   Energies (kJ/mol)
           Bond          Angle    Proper Dih. Per. Imp. Dih.          LJ-14
    2.84146e+03    7.23901e+03    9.00455e+03    3.99500e+02    3.09183e+03
     Coulomb-14        LJ (SR)   Coulomb (SR)      Potential
    4.18755e+04   -6.17812e+03   -7.10746e+04   -1.28008e+04


DD  step 41999 load imb.: force 345.6%

Atom distribution over 20 domains: av 171 stddev 227 min 0 max 812
           Step           Time
          42000       84.00000


   Energies (kJ/mol)
           Bond          Angle    Proper Dih. Per. Imp. Dih.          LJ-14
    2.66580e+03    7.01733e+03    8.96049e+03    4.55298e+02    3.15816e+03
     Coulomb-14        LJ (SR)   Coulomb (SR)      Potential
    4.20082e+04   -6.19436e+03   -7.11746e+04   -1.31037e+04


DD  step 42499 load imb.: force 353.7%

Atom distribution over 20 domains: av 171 stddev 225 min 0 max 812
           Step           Time
          42500       85.00000


   Energies (kJ/mol)
           Bond          Angle    Proper Dih. Per. Imp. Dih.          LJ-14
    2.65567e+03    7.09943e+03    8.91501e+03    4.59395e+02    3.19786e+03
     Coulomb-14        LJ (SR)   Coulomb (SR)      Potential
    4.21270e+04   -6.16289e+03   -7.13471e+04   -1.30556e+04


DD  step 42999 load imb.: force 354.8%

Atom distribution over 20 domains: av 171 stddev 224 min 0 max 768
           Step           Time
          43000       86.00000


   Energies (kJ/mol)
           Bond          Angle    Proper Dih. Per. Imp. Dih.          LJ-14
    2.62261e+03    7.01554e+03    8.99339e+03    4.33982e+02    3.09738e+03
     Coulomb-14        LJ (SR)   Coulomb (SR)      Potential
    4.19539e+04   -6.15219e+03   -7.12689e+04   -1.33043e+04


DD  step 43499 load imb.: force 336.0%

Atom distribution over 20 domains: av 171 stddev 226 min 0 max 753
           Step           Time
          43500       87.00000


   Energies (kJ/mol)
           Bond          Angle    Proper Dih. Per. Imp. Dih.          LJ-14
    2.64568e+03    7.02279e+03    8.86841e+03    4.25425e+02    3.10972e+03
     Coulomb-14        LJ (SR)   Coulomb (SR)      Potential
    4.18386e+04   -6.19016e+03   -7.09252e+04   -1.32048e+04


DD  step 43999 load imb.: force 335.5%

Atom distribution over 20 domains: av 171 stddev 222 min 0 max 730
           Step           Time
          44000       88.00000


   Energies (kJ/mol)
           Bond          Angle    Proper Dih. Per. Imp. Dih.          LJ-14
    2.63075e+03    7.31254e+03    8.96142e+03    4.38077e+02    3.20951e+03
     Coulomb-14        LJ (SR)   Coulomb (SR)      Potential
    4.18941e+04   -6.18415e+03   -7.12667e+04   -1.30044e+04


DD  step 44499 load imb.: force 328.6%

Atom distribution over 20 domains: av 171 stddev 226 min 0 max 785
           Step           Time
          44500       89.00000


   Energies (kJ/mol)
           Bond          Angle    Proper Dih. Per. Imp. Dih.          LJ-14
    2.62894e+03    7.02956e+03    8.86718e+03    4.19829e+02    3.17488e+03
     Coulomb-14        LJ (SR)   Coulomb (SR)      Potential
    4.20224e+04   -6.16581e+03   -7.15144e+04   -1.35374e+04


DD  step 44999 load imb.: force 348.7%

Atom distribution over 20 domains: av 171 stddev 233 min 0 max 854
           Step           Time
          45000       90.00000


   Energies (kJ/mol)
           Bond          Angle    Proper Dih. Per. Imp. Dih.          LJ-14
    2.66414e+03    7.12472e+03    8.99697e+03    4.39741e+02    3.17538e+03
     Coulomb-14        LJ (SR)   Coulomb (SR)      Potential
    4.18346e+04   -6.27967e+03   -7.12051e+04   -1.32492e+04


DD  step 45499 load imb.: force 379.9%

Atom distribution over 20 domains: av 171 stddev 235 min 0 max 859
           Step           Time
          45500       91.00000


   Energies (kJ/mol)
           Bond          Angle    Proper Dih. Per. Imp. Dih.          LJ-14
    2.71213e+03    7.12411e+03    9.00553e+03    4.77366e+02    3.17461e+03
     Coulomb-14        LJ (SR)   Coulomb (SR)      Potential
    4.19933e+04   -6.22462e+03   -7.14679e+04   -1.32055e+04


DD  step 45999 load imb.: force 381.9%

Atom distribution over 20 domains: av 171 stddev 232 min 0 max 814
           Step           Time
          46000       92.00000


   Energies (kJ/mol)
           Bond          Angle    Proper Dih. Per. Imp. Dih.          LJ-14
    2.63262e+03    7.27568e+03    8.90138e+03    4.33329e+02    3.20616e+03
     Coulomb-14        LJ (SR)   Coulomb (SR)      Potential
    4.19165e+04   -6.24668e+03   -7.12843e+04   -1.31653e+04


DD  step 46499 load imb.: force 350.5%

Atom distribution over 20 domains: av 171 stddev 229 min 0 max 812
           Step           Time
          46500       93.00000


   Energies (kJ/mol)
           Bond          Angle    Proper Dih. Per. Imp. Dih.          LJ-14
    2.74055e+03    7.08560e+03    8.84888e+03    4.53299e+02    3.15241e+03
     Coulomb-14        LJ (SR)   Coulomb (SR)      Potential
    4.18494e+04   -6.16735e+03   -7.12973e+04   -1.33346e+04


DD  step 46999 load imb.: force 355.2%

Atom distribution over 20 domains: av 171 stddev 230 min 0 max 809
           Step           Time
          47000       94.00000


   Energies (kJ/mol)
           Bond          Angle    Proper Dih. Per. Imp. Dih.          LJ-14
    2.68876e+03    7.19656e+03    8.94950e+03    4.84607e+02    3.21489e+03
     Coulomb-14        LJ (SR)   Coulomb (SR)      Potential
    4.18501e+04   -6.19645e+03   -7.12232e+04   -1.30352e+04


DD  step 47499 load imb.: force 353.3%

Atom distribution over 20 domains: av 171 stddev 233 min 0 max 836
           Step           Time
          47500       95.00000


   Energies (kJ/mol)
           Bond          Angle    Proper Dih. Per. Imp. Dih.          LJ-14
    2.71555e+03    7.10635e+03    8.99306e+03    4.44594e+02    3.12753e+03
     Coulomb-14        LJ (SR)   Coulomb (SR)      Potential
    4.19329e+04   -6.11991e+03   -7.14474e+04   -1.32473e+04


DD  step 47999 load imb.: force 365.9%

Atom distribution over 20 domains: av 171 stddev 231 min 0 max 790
           Step           Time
          48000       96.00000


   Energies (kJ/mol)
           Bond          Angle    Proper Dih. Per. Imp. Dih.          LJ-14
    2.62952e+03    7.12073e+03    8.92511e+03    4.36051e+02    3.17964e+03
     Coulomb-14        LJ (SR)   Coulomb (SR)      Potential
    4.17644e+04   -6.31329e+03   -7.10909e+04   -1.33487e+04


DD  step 48499 load imb.: force 351.0%

Atom distribution over 20 domains: av 171 stddev 232 min 0 max 809
           Step           Time
          48500       97.00000


   Energies (kJ/mol)
           Bond          Angle    Proper Dih. Per. Imp. Dih.          LJ-14
    2.58363e+03    7.35521e+03    8.97601e+03    4.43592e+02    3.09537e+03
     Coulomb-14        LJ (SR)   Coulomb (SR)      Potential
    4.19516e+04   -6.21574e+03   -7.12842e+04   -1.30945e+04


DD  step 48999 load imb.: force 360.4%

Atom distribution over 20 domains: av 171 stddev 236 min 0 max 863
           Step           Time
          49000       98.00000


   Energies (kJ/mol)
           Bond          Angle    Proper Dih. Per. Imp. Dih.          LJ-14
    2.60140e+03    7.20948e+03    8.95658e+03    4.06260e+02    3.15317e+03
     Coulomb-14        LJ (SR)   Coulomb (SR)      Potential
    4.17444e+04   -6.24693e+03   -7.12477e+04   -1.34233e+04


DD  step 49499 load imb.: force 369.0%

Atom distribution over 20 domains: av 171 stddev 236 min 0 max 819
           Step           Time
          49500       99.00000


   Energies (kJ/mol)
           Bond          Angle    Proper Dih. Per. Imp. Dih.          LJ-14
    2.75905e+03    7.00269e+03    8.92866e+03    4.14824e+02    3.20178e+03
     Coulomb-14        LJ (SR)   Coulomb (SR)      Potential
    4.19208e+04   -6.30719e+03   -7.13729e+04   -1.34524e+04


DD  step 49999 load imb.: force 369.6%

Atom distribution over 20 domains: av 171 stddev 234 min 0 max 787
           Step           Time
          50000      100.00000


   Energies (kJ/mol)
           Bond          Angle    Proper Dih. Per. Imp. Dih.          LJ-14
    2.71588e+03    7.20108e+03    9.02705e+03    4.27958e+02    3.15352e+03
     Coulomb-14        LJ (SR)   Coulomb (SR)      Potential
    4.18628e+04   -6.24871e+03   -7.13251e+04   -1.31856e+04


DD  step 50499 load imb.: force 351.6%

Atom distribution over 20 domains: av 171 stddev 232 min 0 max 778
           Step           Time
          50500      101.00000


   Energies (kJ/mol)
           Bond          Angle    Proper Dih. Per. Imp. Dih.          LJ-14
    2.69002e+03    6.95777e+03    8.82538e+03    3.37692e+02    3.11298e+03
     Coulomb-14        LJ (SR)   Coulomb (SR)      Potential
    4.19046e+04   -6.21572e+03   -7.10874e+04   -1.34746e+04


DD  step 50999 load imb.: force 346.9%

Atom distribution over 20 domains: av 171 stddev 229 min 0 max 724
           Step           Time
          51000      102.00000


   Energies (kJ/mol)
           Bond          Angle    Proper Dih. Per. Imp. Dih.          LJ-14
    2.59291e+03    7.07929e+03    8.90609e+03    3.89606e+02    3.16233e+03
     Coulomb-14        LJ (SR)   Coulomb (SR)      Potential
    4.17642e+04   -6.23565e+03   -7.10217e+04   -1.33629e+04


DD  step 51499 load imb.: force 322.8%

Atom distribution over 20 domains: av 171 stddev 231 min 0 max 711
           Step           Time
          51500      103.00000


   Energies (kJ/mol)
           Bond          Angle    Proper Dih. Per. Imp. Dih.          LJ-14
    2.71626e+03    6.97589e+03    8.89587e+03    4.29586e+02    3.20697e+03
     Coulomb-14        LJ (SR)   Coulomb (SR)      Potential
    4.18457e+04   -6.02364e+03   -7.14084e+04   -1.33617e+04


DD  step 51999 load imb.: force 306.1%

Atom distribution over 20 domains: av 171 stddev 227 min 0 max 668
           Step           Time
          52000      104.00000


   Energies (kJ/mol)
           Bond          Angle    Proper Dih. Per. Imp. Dih.          LJ-14
    2.63429e+03    7.11686e+03    8.98904e+03    4.91901e+02    3.17812e+03
     Coulomb-14        LJ (SR)   Coulomb (SR)      Potential
    4.19074e+04   -6.12527e+03   -7.14281e+04   -1.32357e+04


DD  step 52499 load imb.: force 270.3%

Atom distribution over 20 domains: av 171 stddev 227 min 0 max 664
           Step           Time
          52500      105.00000


   Energies (kJ/mol)
           Bond          Angle    Proper Dih. Per. Imp. Dih.          LJ-14
    2.70901e+03    7.26999e+03    8.94662e+03    4.33020e+02    3.14315e+03
     Coulomb-14        LJ (SR)   Coulomb (SR)      Potential
    4.19810e+04   -6.23830e+03   -7.13959e+04   -1.31514e+04


DD  step 52999 load imb.: force 260.2%

Atom distribution over 20 domains: av 171 stddev 226 min 0 max 701
           Step           Time
          53000      106.00000


   Energies (kJ/mol)
           Bond          Angle    Proper Dih. Per. Imp. Dih.          LJ-14
    2.65781e+03    7.17587e+03    8.84251e+03    4.54982e+02    3.17350e+03
     Coulomb-14        LJ (SR)   Coulomb (SR)      Potential
    4.18787e+04   -6.30754e+03   -7.09812e+04   -1.31054e+04


DD  step 53499 load imb.: force 282.7%

Atom distribution over 20 domains: av 171 stddev 228 min 0 max 706
           Step           Time
          53500      107.00000


   Energies (kJ/mol)
           Bond          Angle    Proper Dih. Per. Imp. Dih.          LJ-14
    2.82822e+03    7.12001e+03    8.91974e+03    4.10788e+02    3.12912e+03
     Coulomb-14        LJ (SR)   Coulomb (SR)      Potential
    4.19702e+04   -6.14879e+03   -7.10926e+04   -1.28633e+04


DD  step 53999 load imb.: force 301.3%

Atom distribution over 20 domains: av 171 stddev 228 min 0 max 679
           Step           Time
          54000      108.00000


   Energies (kJ/mol)
           Bond          Angle    Proper Dih. Per. Imp. Dih.          LJ-14
    2.76049e+03    7.12284e+03    8.98779e+03    4.02974e+02    3.13800e+03
     Coulomb-14        LJ (SR)   Coulomb (SR)      Potential
    4.17884e+04   -6.23824e+03   -7.10398e+04   -1.30776e+04


DD  step 54499 load imb.: force 278.0%

Atom distribution over 20 domains: av 171 stddev 226 min 0 max 678
           Step           Time
          54500      109.00000


   Energies (kJ/mol)
           Bond          Angle    Proper Dih. Per. Imp. Dih.          LJ-14
    2.72345e+03    7.10361e+03    8.85845e+03    4.24681e+02    3.16019e+03
     Coulomb-14        LJ (SR)   Coulomb (SR)      Potential
    4.18264e+04   -6.28982e+03   -7.09487e+04   -1.31418e+04


DD  step 54999 load imb.: force 282.3%

Atom distribution over 20 domains: av 171 stddev 226 min 0 max 706
           Step           Time
          55000      110.00000


   Energies (kJ/mol)
           Bond          Angle    Proper Dih. Per. Imp. Dih.          LJ-14
    2.59435e+03    7.00492e+03    8.99041e+03    4.22617e+02    3.20134e+03
     Coulomb-14        LJ (SR)   Coulomb (SR)      Potential
    4.19625e+04   -6.15778e+03   -7.12248e+04   -1.32064e+04


DD  step 55499 load imb.: force 289.9%

Atom distribution over 20 domains: av 171 stddev 223 min 0 max 692
           Step           Time
          55500      111.00000


   Energies (kJ/mol)
           Bond          Angle    Proper Dih. Per. Imp. Dih.          LJ-14
    2.75908e+03    7.06840e+03    9.11040e+03    4.33413e+02    3.14021e+03
     Coulomb-14        LJ (SR)   Coulomb (SR)      Potential
    4.19314e+04   -6.30533e+03   -7.10416e+04   -1.29040e+04


DD  step 55999 load imb.: force 283.4%

Atom distribution over 20 domains: av 171 stddev 224 min 0 max 674
           Step           Time
          56000      112.00000


   Energies (kJ/mol)
           Bond          Angle    Proper Dih. Per. Imp. Dih.          LJ-14
    2.63569e+03    7.24044e+03    9.02915e+03    4.21803e+02    3.08247e+03
     Coulomb-14        LJ (SR)   Coulomb (SR)      Potential
    4.16409e+04   -6.23530e+03   -7.10554e+04   -1.32402e+04


DD  step 56499 load imb.: force 267.0%

Atom distribution over 20 domains: av 171 stddev 224 min 0 max 745
           Step           Time
          56500      113.00000


   Energies (kJ/mol)
           Bond          Angle    Proper Dih. Per. Imp. Dih.          LJ-14
    2.66474e+03    7.19024e+03    9.03693e+03    4.53838e+02    3.19914e+03
     Coulomb-14        LJ (SR)   Coulomb (SR)      Potential
    4.19335e+04   -6.31222e+03   -7.08896e+04   -1.27234e+04


DD  step 56999 load imb.: force 304.7%

Atom distribution over 20 domains: av 171 stddev 226 min 0 max 744
           Step           Time
          57000      114.00000


   Energies (kJ/mol)
           Bond          Angle    Proper Dih. Per. Imp. Dih.          LJ-14
    2.61268e+03    7.38996e+03    8.97872e+03    4.66837e+02    3.13837e+03
     Coulomb-14        LJ (SR)   Coulomb (SR)      Potential
    4.18176e+04   -6.04958e+03   -7.12294e+04   -1.28749e+04


DD  step 57499 load imb.: force 325.5%

Atom distribution over 20 domains: av 171 stddev 228 min 0 max 721
           Step           Time
          57500      115.00000


   Energies (kJ/mol)
           Bond          Angle    Proper Dih. Per. Imp. Dih.          LJ-14
    2.66074e+03    7.35202e+03    8.99463e+03    4.35529e+02    3.17124e+03
     Coulomb-14        LJ (SR)   Coulomb (SR)      Potential
    4.19434e+04   -6.18572e+03   -7.10459e+04   -1.26741e+04


DD  step 57999 load imb.: force 294.6%

Atom distribution over 20 domains: av 171 stddev 228 min 0 max 705
           Step           Time
          58000      116.00000


   Energies (kJ/mol)
           Bond          Angle    Proper Dih. Per. Imp. Dih.          LJ-14
    2.73290e+03    7.54875e+03    8.94476e+03    4.38134e+02    3.12195e+03
     Coulomb-14        LJ (SR)   Coulomb (SR)      Potential
    4.17507e+04   -6.17544e+03   -7.11682e+04   -1.28065e+04


DD  step 58499 load imb.: force 281.9%

Atom distribution over 20 domains: av 171 stddev 225 min 0 max 718
           Step           Time
          58500      117.00000


   Energies (kJ/mol)
           Bond          Angle    Proper Dih. Per. Imp. Dih.          LJ-14
    2.66485e+03    7.16314e+03    8.87770e+03    4.21496e+02    3.14432e+03
     Coulomb-14        LJ (SR)   Coulomb (SR)      Potential
    4.17197e+04   -6.09741e+03   -7.11053e+04   -1.32115e+04


DD  step 58999 load imb.: force 290.8%

Atom distribution over 20 domains: av 171 stddev 223 min 0 max 726
           Step           Time
          59000      118.00000


   Energies (kJ/mol)
           Bond          Angle    Proper Dih. Per. Imp. Dih.          LJ-14
    2.65569e+03    7.24144e+03    9.00856e+03    4.34132e+02    3.19551e+03
     Coulomb-14        LJ (SR)   Coulomb (SR)      Potential
    4.16501e+04   -6.22273e+03   -7.10886e+04   -1.31259e+04


DD  step 59499 load imb.: force 280.6%

Atom distribution over 20 domains: av 171 stddev 222 min 0 max 681
           Step           Time
          59500      119.00000


   Energies (kJ/mol)
           Bond          Angle    Proper Dih. Per. Imp. Dih.          LJ-14
    2.65378e+03    7.09136e+03    8.87100e+03    4.81698e+02    3.16804e+03
     Coulomb-14        LJ (SR)   Coulomb (SR)      Potential
    4.20012e+04   -6.16177e+03   -7.11590e+04   -1.30536e+04


DD  step 59999 load imb.: force 300.4%

Atom distribution over 20 domains: av 171 stddev 226 min 0 max 668
           Step           Time
          60000      120.00000


   Energies (kJ/mol)
           Bond          Angle    Proper Dih. Per. Imp. Dih.          LJ-14
    2.64192e+03    7.13343e+03    8.95643e+03    4.33807e+02    3.16960e+03
     Coulomb-14        LJ (SR)   Coulomb (SR)      Potential
    4.17970e+04   -6.17524e+03   -7.09327e+04   -1.29758e+04


DD  step 60499 load imb.: force 274.2%

Atom distribution over 20 domains: av 171 stddev 226 min 0 max 691
           Step           Time
          60500      121.00000


   Energies (kJ/mol)
           Bond          Angle    Proper Dih. Per. Imp. Dih.          LJ-14
    2.77331e+03    7.30705e+03    8.99708e+03    4.48656e+02    3.12426e+03
     Coulomb-14        LJ (SR)   Coulomb (SR)      Potential
    4.18664e+04   -6.08858e+03   -7.12160e+04   -1.27879e+04


DD  step 60999 load imb.: force 281.1%

Atom distribution over 20 domains: av 171 stddev 227 min 0 max 697
           Step           Time
          61000      122.00000


   Energies (kJ/mol)
           Bond          Angle    Proper Dih. Per. Imp. Dih.          LJ-14
    2.78913e+03    7.34850e+03    9.02171e+03    4.68940e+02    3.20658e+03
     Coulomb-14        LJ (SR)   Coulomb (SR)      Potential
    4.18791e+04   -6.08107e+03   -7.12680e+04   -1.26351e+04


DD  step 61499 load imb.: force 276.3%

Atom distribution over 20 domains: av 171 stddev 226 min 0 max 665
           Step           Time
          61500      123.00000


   Energies (kJ/mol)
           Bond          Angle    Proper Dih. Per. Imp. Dih.          LJ-14
    2.61987e+03    7.30034e+03    8.97151e+03    3.99950e+02    3.13105e+03
     Coulomb-14        LJ (SR)   Coulomb (SR)      Potential
    4.19111e+04   -6.06559e+03   -7.11965e+04   -1.29283e+04


DD  step 61999 load imb.: force 273.6%

Atom distribution over 20 domains: av 171 stddev 226 min 0 max 701
           Step           Time
          62000      124.00000


   Energies (kJ/mol)
           Bond          Angle    Proper Dih. Per. Imp. Dih.          LJ-14
    2.71200e+03    7.05263e+03    8.99778e+03    4.48289e+02    3.12023e+03
     Coulomb-14        LJ (SR)   Coulomb (SR)      Potential
    4.19866e+04   -6.25143e+03   -7.12204e+04   -1.31543e+04


DD  step 62499 load imb.: force 288.2%

Atom distribution over 20 domains: av 171 stddev 225 min 0 max 687
           Step           Time
          62500      125.00000


   Energies (kJ/mol)
           Bond          Angle    Proper Dih. Per. Imp. Dih.          LJ-14
    2.71004e+03    7.36673e+03    8.87177e+03    4.54265e+02    3.18959e+03
     Coulomb-14        LJ (SR)   Coulomb (SR)      Potential
    4.18100e+04   -6.07241e+03   -7.09038e+04   -1.25737e+04


DD  step 62999 load imb.: force 277.3%

Atom distribution over 20 domains: av 171 stddev 226 min 0 max 671
           Step           Time
          63000      126.00000


   Energies (kJ/mol)
           Bond          Angle    Proper Dih. Per. Imp. Dih.          LJ-14
    2.74292e+03    7.36741e+03    8.92482e+03    4.61570e+02    3.21253e+03
     Coulomb-14        LJ (SR)   Coulomb (SR)      Potential
    4.18987e+04   -6.20728e+03   -7.08913e+04   -1.24907e+04


DD  step 63499 load imb.: force 278.1%

Atom distribution over 20 domains: av 171 stddev 225 min 0 max 684
           Step           Time
          63500      127.00000


   Energies (kJ/mol)
           Bond          Angle    Proper Dih. Per. Imp. Dih.          LJ-14
    2.66839e+03    7.45867e+03    8.96331e+03    4.78519e+02    3.17754e+03
     Coulomb-14        LJ (SR)   Coulomb (SR)      Potential
    4.16945e+04   -6.29476e+03   -7.09701e+04   -1.28239e+04


DD  step 63999 load imb.: force 283.0%

Atom distribution over 20 domains: av 171 stddev 226 min 0 max 706
           Step           Time
          64000      128.00000


   Energies (kJ/mol)
           Bond          Angle    Proper Dih. Per. Imp. Dih.          LJ-14
    2.75081e+03    7.38212e+03    8.84406e+03    4.39470e+02    3.16814e+03
     Coulomb-14        LJ (SR)   Coulomb (SR)      Potential
    4.16282e+04   -6.19074e+03   -7.05832e+04   -1.25612e+04


DD  step 64499 load imb.: force 282.3%

Atom distribution over 20 domains: av 171 stddev 226 min 0 max 705
           Step           Time
          64500      129.00000


   Energies (kJ/mol)
           Bond          Angle    Proper Dih. Per. Imp. Dih.          LJ-14
    2.76058e+03    7.10389e+03    8.95492e+03    4.46011e+02    3.15655e+03
     Coulomb-14        LJ (SR)   Coulomb (SR)      Potential
    4.18011e+04   -6.17954e+03   -7.07689e+04   -1.27253e+04


DD  step 64999 load imb.: force 287.3%

Atom distribution over 20 domains: av 171 stddev 226 min 0 max 689
           Step           Time
          65000      130.00000


   Energies (kJ/mol)
           Bond          Angle    Proper Dih. Per. Imp. Dih.          LJ-14
    2.69089e+03    7.36011e+03    9.03016e+03    4.00985e+02    3.19161e+03
     Coulomb-14        LJ (SR)   Coulomb (SR)      Potential
    4.15770e+04   -6.19531e+03   -7.08454e+04   -1.27899e+04


DD  step 65499 load imb.: force 287.4%

Atom distribution over 20 domains: av 171 stddev 228 min 0 max 698
           Step           Time
          65500      131.00000


   Energies (kJ/mol)
           Bond          Angle    Proper Dih. Per. Imp. Dih.          LJ-14
    2.58584e+03    7.35639e+03    8.85416e+03    4.09505e+02    3.20697e+03
     Coulomb-14        LJ (SR)   Coulomb (SR)      Potential
    4.19756e+04   -6.17178e+03   -7.07736e+04   -1.25569e+04


DD  step 65999 load imb.: force 294.4%

Atom distribution over 20 domains: av 171 stddev 225 min 0 max 687
           Step           Time
          66000      132.00000


   Energies (kJ/mol)
           Bond          Angle    Proper Dih. Per. Imp. Dih.          LJ-14
    2.63437e+03    7.48485e+03    8.83831e+03    3.88697e+02    3.08067e+03
     Coulomb-14        LJ (SR)   Coulomb (SR)      Potential
    4.15704e+04   -6.21197e+03   -7.04404e+04   -1.26551e+04


DD  step 66499 load imb.: force 290.0%

Atom distribution over 20 domains: av 171 stddev 222 min 0 max 665
           Step           Time
          66500      133.00000


   Energies (kJ/mol)
           Bond          Angle    Proper Dih. Per. Imp. Dih.          LJ-14
    2.68820e+03    7.31642e+03    8.99956e+03    4.57826e+02    3.11893e+03
     Coulomb-14        LJ (SR)   Coulomb (SR)      Potential
    4.17141e+04   -6.24809e+03   -7.07066e+04   -1.26596e+04


DD  step 66999 load imb.: force 306.2%

Atom distribution over 20 domains: av 171 stddev 224 min 0 max 709
           Step           Time
          67000      134.00000


   Energies (kJ/mol)
           Bond          Angle    Proper Dih. Per. Imp. Dih.          LJ-14
    2.83212e+03    7.21001e+03    8.88273e+03    4.26815e+02    3.26618e+03
     Coulomb-14        LJ (SR)   Coulomb (SR)      Potential
    4.17712e+04   -6.08978e+03   -7.07752e+04   -1.24760e+04


DD  step 67499 load imb.: force 290.3%

Atom distribution over 20 domains: av 171 stddev 224 min 0 max 691
           Step           Time
          67500      135.00000


   Energies (kJ/mol)
           Bond          Angle    Proper Dih. Per. Imp. Dih.          LJ-14
    2.65562e+03    7.31282e+03    9.00988e+03    4.32738e+02    3.23297e+03
     Coulomb-14        LJ (SR)   Coulomb (SR)      Potential
    4.16952e+04   -6.18287e+03   -7.06562e+04   -1.24998e+04


DD  step 67999 load imb.: force 298.1%

Atom distribution over 20 domains: av 171 stddev 224 min 0 max 709
           Step           Time
          68000      136.00000


   Energies (kJ/mol)
           Bond          Angle    Proper Dih. Per. Imp. Dih.          LJ-14
    2.52261e+03    7.39366e+03    8.90588e+03    4.36891e+02    3.19331e+03
     Coulomb-14        LJ (SR)   Coulomb (SR)      Potential
    4.19648e+04   -6.31168e+03   -7.08584e+04   -1.27529e+04


DD  step 68499 load imb.: force 286.0%

Atom distribution over 20 domains: av 171 stddev 220 min 0 max 662
           Step           Time
          68500      137.00000


   Energies (kJ/mol)
           Bond          Angle    Proper Dih. Per. Imp. Dih.          LJ-14
    2.78480e+03    7.24555e+03    8.84777e+03    4.66913e+02    3.21616e+03
     Coulomb-14        LJ (SR)   Coulomb (SR)      Potential
    4.18260e+04   -6.23306e+03   -7.08113e+04   -1.26572e+04


DD  step 68999 load imb.: force 269.6%

Atom distribution over 20 domains: av 171 stddev 219 min 0 max 695
           Step           Time
          69000      138.00000


   Energies (kJ/mol)
           Bond          Angle    Proper Dih. Per. Imp. Dih.          LJ-14
    2.64986e+03    7.22280e+03    8.85622e+03    4.34309e+02    3.19096e+03
     Coulomb-14        LJ (SR)   Coulomb (SR)      Potential
    4.15981e+04   -6.12008e+03   -7.06924e+04   -1.28602e+04


DD  step 69499 load imb.: force 271.2%

Atom distribution over 20 domains: av 171 stddev 219 min 0 max 667
           Step           Time
          69500      139.00000


   Energies (kJ/mol)
           Bond          Angle    Proper Dih. Per. Imp. Dih.          LJ-14
    2.69847e+03    7.18761e+03    8.96530e+03    4.33167e+02    3.14185e+03
     Coulomb-14        LJ (SR)   Coulomb (SR)      Potential
    4.16652e+04   -6.11392e+03   -7.07693e+04   -1.27916e+04


DD  step 69999 load imb.: force 268.7%

Atom distribution over 20 domains: av 171 stddev 220 min 0 max 666
           Step           Time
          70000      140.00000


   Energies (kJ/mol)
           Bond          Angle    Proper Dih. Per. Imp. Dih.          LJ-14
    2.62514e+03    7.35505e+03    8.90248e+03    4.21544e+02    3.09764e+03
     Coulomb-14        LJ (SR)   Coulomb (SR)      Potential
    4.17327e+04   -6.26009e+03   -7.06680e+04   -1.27936e+04


DD  step 70499 load imb.: force 262.8%

Atom distribution over 20 domains: av 171 stddev 219 min 0 max 655
           Step           Time
          70500      141.00000


   Energies (kJ/mol)
           Bond          Angle    Proper Dih. Per. Imp. Dih.          LJ-14
    2.69518e+03    7.28261e+03    8.75621e+03    4.15063e+02    3.15392e+03
     Coulomb-14        LJ (SR)   Coulomb (SR)      Potential
    4.17544e+04   -6.30809e+03   -7.06250e+04   -1.28757e+04


DD  step 70999 load imb.: force 259.4%

Atom distribution over 20 domains: av 171 stddev 219 min 0 max 690
           Step           Time
          71000      142.00000


   Energies (kJ/mol)
           Bond          Angle    Proper Dih. Per. Imp. Dih.          LJ-14
    2.67154e+03    7.32094e+03    8.85793e+03    4.52230e+02    3.16586e+03
     Coulomb-14        LJ (SR)   Coulomb (SR)      Potential
    4.16536e+04   -6.25240e+03   -7.08775e+04   -1.30079e+04


DD  step 71499 load imb.: force 278.3%

Atom distribution over 20 domains: av 171 stddev 219 min 0 max 681
           Step           Time
          71500      143.00000


   Energies (kJ/mol)
           Bond          Angle    Proper Dih. Per. Imp. Dih.          LJ-14
    2.78645e+03    7.17498e+03    8.90416e+03    4.69164e+02    3.10482e+03
     Coulomb-14        LJ (SR)   Coulomb (SR)      Potential
    4.17788e+04   -6.23911e+03   -7.10151e+04   -1.30358e+04


DD  step 71999 load imb.: force 264.1%

Atom distribution over 20 domains: av 171 stddev 219 min 0 max 655
           Step           Time
          72000      144.00000


   Energies (kJ/mol)
           Bond          Angle    Proper Dih. Per. Imp. Dih.          LJ-14
    2.80692e+03    7.27611e+03    8.82035e+03    4.02359e+02    3.18060e+03
     Coulomb-14        LJ (SR)   Coulomb (SR)      Potential
    4.19257e+04   -6.15888e+03   -7.10980e+04   -1.28448e+04


DD  step 72499 load imb.: force 253.0%

Atom distribution over 20 domains: av 171 stddev 219 min 0 max 658
           Step           Time
          72500      145.00000


   Energies (kJ/mol)
           Bond          Angle    Proper Dih. Per. Imp. Dih.          LJ-14
    2.59880e+03    7.30179e+03    8.87903e+03    4.04198e+02    3.10204e+03
     Coulomb-14        LJ (SR)   Coulomb (SR)      Potential
    4.17046e+04   -6.10679e+03   -7.07880e+04   -1.29044e+04


DD  step 72999 load imb.: force 247.5%

Atom distribution over 20 domains: av 171 stddev 221 min 0 max 662
           Step           Time
          73000      146.00000


   Energies (kJ/mol)
           Bond          Angle    Proper Dih. Per. Imp. Dih.          LJ-14
    2.74698e+03    7.23794e+03    8.91455e+03    4.30307e+02    3.15454e+03
     Coulomb-14        LJ (SR)   Coulomb (SR)      Potential
    4.18036e+04   -6.29773e+03   -7.09419e+04   -1.29517e+04


DD  step 73499 load imb.: force 255.2%

Atom distribution over 20 domains: av 171 stddev 220 min 0 max 653
           Step           Time
          73500      147.00000


   Energies (kJ/mol)
           Bond          Angle    Proper Dih. Per. Imp. Dih.          LJ-14
    2.75763e+03    7.44035e+03    8.87777e+03    4.23130e+02    3.18017e+03
     Coulomb-14        LJ (SR)   Coulomb (SR)      Potential
    4.17945e+04   -6.26214e+03   -7.10639e+04   -1.28526e+04


DD  step 73999 load imb.: force 249.7%

Atom distribution over 20 domains: av 171 stddev 220 min 0 max 677
           Step           Time
          74000      148.00000


   Energies (kJ/mol)
           Bond          Angle    Proper Dih. Per. Imp. Dih.          LJ-14
    2.62662e+03    7.22617e+03    8.90027e+03    4.50748e+02    3.19499e+03
     Coulomb-14        LJ (SR)   Coulomb (SR)      Potential
    4.19382e+04   -6.24427e+03   -7.09894e+04   -1.28966e+04


DD  step 74499 load imb.: force 264.7%

Atom distribution over 20 domains: av 171 stddev 222 min 0 max 689
           Step           Time
          74500      149.00000


   Energies (kJ/mol)
           Bond          Angle    Proper Dih. Per. Imp. Dih.          LJ-14
    2.57936e+03    7.22483e+03    8.95407e+03    4.04446e+02    3.27410e+03
     Coulomb-14        LJ (SR)   Coulomb (SR)      Potential
    4.21796e+04   -6.39529e+03   -7.11455e+04   -1.29244e+04


DD  step 74999 load imb.: force 281.8%

Atom distribution over 20 domains: av 171 stddev 224 min 0 max 705
           Step           Time
          75000      150.00000


   Energies (kJ/mol)
           Bond          Angle    Proper Dih. Per. Imp. Dih.          LJ-14
    2.48891e+03    7.31993e+03    9.00772e+03    4.83497e+02    3.24145e+03
     Coulomb-14        LJ (SR)   Coulomb (SR)      Potential
    4.19603e+04   -6.04503e+03   -7.11021e+04   -1.26453e+04


DD  step 75499 load imb.: force 308.0%

Atom distribution over 20 domains: av 171 stddev 223 min 0 max 725
           Step           Time
          75500      151.00000


   Energies (kJ/mol)
           Bond          Angle    Proper Dih. Per. Imp. Dih.          LJ-14
    2.72941e+03    7.17649e+03    8.92795e+03    4.47156e+02    3.16429e+03
     Coulomb-14        LJ (SR)   Coulomb (SR)      Potential
    4.18297e+04   -6.18629e+03   -7.08213e+04   -1.27326e+04


DD  step 75999 load imb.: force 326.7%

Atom distribution over 20 domains: av 171 stddev 220 min 0 max 712
           Step           Time
          76000      152.00000


   Energies (kJ/mol)
           Bond          Angle    Proper Dih. Per. Imp. Dih.          LJ-14
    2.65204e+03    7.41115e+03    8.90957e+03    3.99744e+02    3.16923e+03
     Coulomb-14        LJ (SR)   Coulomb (SR)      Potential
    4.20039e+04   -6.14171e+03   -7.11057e+04   -1.27018e+04


DD  step 76499 load imb.: force 309.0%

Atom distribution over 20 domains: av 171 stddev 220 min 0 max 669
           Step           Time
          76500      153.00000


   Energies (kJ/mol)
           Bond          Angle    Proper Dih. Per. Imp. Dih.          LJ-14
    2.66724e+03    7.27902e+03    8.90077e+03    4.23641e+02    3.20311e+03
     Coulomb-14        LJ (SR)   Coulomb (SR)      Potential
    4.19166e+04   -6.10465e+03   -7.08929e+04   -1.26072e+04


DD  step 76999 load imb.: force 266.8%

Atom distribution over 20 domains: av 171 stddev 220 min 0 max 696
           Step           Time
          77000      154.00000


   Energies (kJ/mol)
           Bond          Angle    Proper Dih. Per. Imp. Dih.          LJ-14
    2.65831e+03    7.33933e+03    8.97714e+03    4.18978e+02    3.10079e+03
     Coulomb-14        LJ (SR)   Coulomb (SR)      Potential
    4.17909e+04   -6.31600e+03   -7.09588e+04   -1.29894e+04


DD  step 77499 load imb.: force 299.8%

Atom distribution over 20 domains: av 171 stddev 221 min 0 max 675
           Step           Time
          77500      155.00000


   Energies (kJ/mol)
           Bond          Angle    Proper Dih. Per. Imp. Dih.          LJ-14
    2.66779e+03    7.48002e+03    8.93330e+03    4.15787e+02    3.18782e+03
     Coulomb-14        LJ (SR)   Coulomb (SR)      Potential
    4.16273e+04   -6.33538e+03   -7.07342e+04   -1.27576e+04


DD  step 77999 load imb.: force 259.3%

Atom distribution over 20 domains: av 171 stddev 220 min 0 max 698
           Step           Time
          78000      156.00000


   Energies (kJ/mol)
           Bond          Angle    Proper Dih. Per. Imp. Dih.          LJ-14
    2.70292e+03    7.38726e+03    8.85314e+03    3.99031e+02    3.09508e+03
     Coulomb-14        LJ (SR)   Coulomb (SR)      Potential
    4.17541e+04   -6.39300e+03   -7.07426e+04   -1.29441e+04


DD  step 78499 load imb.: force 280.7%

Atom distribution over 20 domains: av 171 stddev 219 min 0 max 671
           Step           Time
          78500      157.00000


   Energies (kJ/mol)
           Bond          Angle    Proper Dih. Per. Imp. Dih.          LJ-14
    2.72666e+03    7.17766e+03    8.90923e+03    4.30934e+02    3.08806e+03
     Coulomb-14        LJ (SR)   Coulomb (SR)      Potential
    4.19826e+04   -6.18541e+03   -7.10359e+04   -1.29062e+04


DD  step 78999 load imb.: force 269.0%

Atom distribution over 20 domains: av 171 stddev 221 min 0 max 700
           Step           Time
          79000      158.00000


   Energies (kJ/mol)
           Bond          Angle    Proper Dih. Per. Imp. Dih.          LJ-14
    2.64342e+03    7.18336e+03    8.89180e+03    4.03224e+02    3.21428e+03
     Coulomb-14        LJ (SR)   Coulomb (SR)      Potential
    4.20431e+04   -6.32328e+03   -7.08814e+04   -1.28255e+04


DD  step 79499 load imb.: force 288.4%

Atom distribution over 20 domains: av 171 stddev 221 min 0 max 695
           Step           Time
          79500      159.00000


   Energies (kJ/mol)
           Bond          Angle    Proper Dih. Per. Imp. Dih.          LJ-14
    2.67798e+03    7.20860e+03    8.90510e+03    4.84915e+02    3.15053e+03
     Coulomb-14        LJ (SR)   Coulomb (SR)      Potential
    4.18764e+04   -6.19392e+03   -7.10713e+04   -1.29617e+04


DD  step 79999 load imb.: force 277.6%

Atom distribution over 20 domains: av 171 stddev 222 min 0 max 706
           Step           Time
          80000      160.00000


   Energies (kJ/mol)
           Bond          Angle    Proper Dih. Per. Imp. Dih.          LJ-14
    2.73425e+03    7.20593e+03    8.77869e+03    4.60963e+02    3.16711e+03
     Coulomb-14        LJ (SR)   Coulomb (SR)      Potential
    4.18307e+04   -6.24344e+03   -7.12016e+04   -1.32674e+04


DD  step 80499 load imb.: force 298.9%

Atom distribution over 20 domains: av 171 stddev 221 min 0 max 705
           Step           Time
          80500      161.00000


   Energies (kJ/mol)
           Bond          Angle    Proper Dih. Per. Imp. Dih.          LJ-14
    2.66836e+03    7.00938e+03    8.88524e+03    4.21816e+02    3.18238e+03
     Coulomb-14        LJ (SR)   Coulomb (SR)      Potential
    4.18152e+04   -6.22569e+03   -7.09494e+04   -1.31927e+04


DD  step 80999 load imb.: force 304.2%

Atom distribution over 20 domains: av 171 stddev 221 min 0 max 731
           Step           Time
          81000      162.00000


   Energies (kJ/mol)
           Bond          Angle    Proper Dih. Per. Imp. Dih.          LJ-14
    2.73698e+03    7.12833e+03    8.88118e+03    4.06029e+02    3.12735e+03
     Coulomb-14        LJ (SR)   Coulomb (SR)      Potential
    4.17316e+04   -6.24319e+03   -7.08916e+04   -1.31233e+04


DD  step 81499 load imb.: force 305.2%

Atom distribution over 20 domains: av 171 stddev 224 min 0 max 741
           Step           Time
          81500      163.00000


   Energies (kJ/mol)
           Bond          Angle    Proper Dih. Per. Imp. Dih.          LJ-14
    2.69392e+03    7.21611e+03    8.87648e+03    4.36785e+02    3.12445e+03
     Coulomb-14        LJ (SR)   Coulomb (SR)      Potential
    4.16239e+04   -6.21949e+03   -7.10690e+04   -1.33168e+04


DD  step 81999 load imb.: force 314.4%

Atom distribution over 20 domains: av 171 stddev 221 min 0 max 726
           Step           Time
          82000      164.00000


   Energies (kJ/mol)
           Bond          Angle    Proper Dih. Per. Imp. Dih.          LJ-14
    2.74994e+03    7.11917e+03    8.92409e+03    4.09609e+02    3.14008e+03
     Coulomb-14        LJ (SR)   Coulomb (SR)      Potential
    4.16795e+04   -6.24891e+03   -7.11026e+04   -1.33291e+04


DD  step 82499 load imb.: force 321.5%

Atom distribution over 20 domains: av 171 stddev 220 min 0 max 739
           Step           Time
          82500      165.00000


   Energies (kJ/mol)
           Bond          Angle    Proper Dih. Per. Imp. Dih.          LJ-14
    2.72536e+03    7.42756e+03    8.84822e+03    4.22073e+02    3.16748e+03
     Coulomb-14        LJ (SR)   Coulomb (SR)      Potential
    4.18355e+04   -6.15842e+03   -7.11933e+04   -1.29255e+04


DD  step 82999 load imb.: force 314.0%

Atom distribution over 20 domains: av 171 stddev 222 min 0 max 729
           Step           Time
          83000      166.00000


   Energies (kJ/mol)
           Bond          Angle    Proper Dih. Per. Imp. Dih.          LJ-14
    2.63048e+03    7.26693e+03    8.84142e+03    4.45258e+02    3.14670e+03
     Coulomb-14        LJ (SR)   Coulomb (SR)      Potential
    4.18462e+04   -6.16092e+03   -7.11961e+04   -1.31800e+04


DD  step 83499 load imb.: force 309.5%

Atom distribution over 20 domains: av 171 stddev 224 min 0 max 748
           Step           Time
          83500      167.00000


   Energies (kJ/mol)
           Bond          Angle    Proper Dih. Per. Imp. Dih.          LJ-14
    2.55500e+03    6.87055e+03    8.83852e+03    4.28225e+02    3.15389e+03
     Coulomb-14        LJ (SR)   Coulomb (SR)      Potential
    4.19773e+04   -6.16181e+03   -7.12029e+04   -1.35412e+04


DD  step 83999 load imb.: force 314.4%

Atom distribution over 20 domains: av 171 stddev 225 min 0 max 745
           Step           Time
          84000      168.00000


   Energies (kJ/mol)
           Bond          Angle    Proper Dih. Per. Imp. Dih.          LJ-14
    2.59435e+03    7.21218e+03    8.87971e+03    4.56992e+02    3.18287e+03
     Coulomb-14        LJ (SR)   Coulomb (SR)      Potential
    4.19443e+04   -6.16463e+03   -7.13069e+04   -1.32011e+04


DD  step 84499 load imb.: force 319.4%

Atom distribution over 20 domains: av 171 stddev 226 min 0 max 777
           Step           Time
          84500      169.00000


   Energies (kJ/mol)
           Bond          Angle    Proper Dih. Per. Imp. Dih.          LJ-14
    2.75416e+03    7.25195e+03    8.90770e+03    4.17759e+02    3.19137e+03
     Coulomb-14        LJ (SR)   Coulomb (SR)      Potential
    4.20151e+04   -6.17267e+03   -7.12281e+04   -1.28627e+04


DD  step 84999 load imb.: force 341.7%

Atom distribution over 20 domains: av 171 stddev 225 min 0 max 746
           Step           Time
          85000      170.00000


   Energies (kJ/mol)
           Bond          Angle    Proper Dih. Per. Imp. Dih.          LJ-14
    2.56606e+03    7.24022e+03    8.97367e+03    4.34400e+02    3.18385e+03
     Coulomb-14        LJ (SR)   Coulomb (SR)      Potential
    4.15992e+04   -6.23493e+03   -7.09542e+04   -1.31917e+04


DD  step 85499 load imb.: force 318.5%

Atom distribution over 20 domains: av 171 stddev 223 min 0 max 711
           Step           Time
          85500      171.00000


   Energies (kJ/mol)
           Bond          Angle    Proper Dih. Per. Imp. Dih.          LJ-14
    2.61842e+03    7.23509e+03    8.78310e+03    4.45624e+02    3.12014e+03
     Coulomb-14        LJ (SR)   Coulomb (SR)      Potential
    4.17254e+04   -6.15412e+03   -7.10728e+04   -1.32991e+04


DD  step 85999 load imb.: force 314.2%

Atom distribution over 20 domains: av 171 stddev 227 min 0 max 742
           Step           Time
          86000      172.00000


   Energies (kJ/mol)
           Bond          Angle    Proper Dih. Per. Imp. Dih.          LJ-14
    2.71647e+03    7.28378e+03    8.86936e+03    4.33759e+02    3.15398e+03
     Coulomb-14        LJ (SR)   Coulomb (SR)      Potential
    4.19112e+04   -6.17542e+03   -7.12896e+04   -1.30966e+04


DD  step 86499 load imb.: force 321.0%

Atom distribution over 20 domains: av 171 stddev 226 min 0 max 755
           Step           Time
          86500      173.00000


   Energies (kJ/mol)
           Bond          Angle    Proper Dih. Per. Imp. Dih.          LJ-14
    2.74479e+03    7.24320e+03    8.96713e+03    3.80784e+02    3.10663e+03
     Coulomb-14        LJ (SR)   Coulomb (SR)      Potential
    4.17320e+04   -6.16686e+03   -7.10214e+04   -1.30137e+04


DD  step 86999 load imb.: force 324.8%

Atom distribution over 20 domains: av 171 stddev 228 min 0 max 769
           Step           Time
          87000      174.00000


   Energies (kJ/mol)
           Bond          Angle    Proper Dih. Per. Imp. Dih.          LJ-14
    2.74483e+03    7.39207e+03    8.89612e+03    4.11956e+02    3.13762e+03
     Coulomb-14        LJ (SR)   Coulomb (SR)      Potential
    4.17591e+04   -6.26769e+03   -7.08242e+04   -1.27502e+04


DD  step 87499 load imb.: force 323.9%

Atom distribution over 20 domains: av 171 stddev 231 min 0 max 835
           Step           Time
          87500      175.00000


   Energies (kJ/mol)
           Bond          Angle    Proper Dih. Per. Imp. Dih.          LJ-14
    2.60388e+03    7.34685e+03    8.94013e+03    4.23447e+02    3.23489e+03
     Coulomb-14        LJ (SR)   Coulomb (SR)      Potential
    4.20039e+04   -6.22654e+03   -7.13656e+04   -1.30390e+04


DD  step 87999 load imb.: force 362.1%

Atom distribution over 20 domains: av 171 stddev 231 min 0 max 813
           Step           Time
          88000      176.00000


   Energies (kJ/mol)
           Bond          Angle    Proper Dih. Per. Imp. Dih.          LJ-14
    2.58624e+03    7.26947e+03    8.81990e+03    4.35509e+02    3.32402e+03
     Coulomb-14        LJ (SR)   Coulomb (SR)      Potential
    4.18481e+04   -6.17131e+03   -7.13653e+04   -1.32533e+04


DD  step 88499 load imb.: force 353.2%

Atom distribution over 20 domains: av 171 stddev 230 min 0 max 800
           Step           Time
          88500      177.00000


   Energies (kJ/mol)
           Bond          Angle    Proper Dih. Per. Imp. Dih.          LJ-14
    2.72765e+03    7.04665e+03    9.05964e+03    3.73336e+02    3.19773e+03
     Coulomb-14        LJ (SR)   Coulomb (SR)      Potential
    4.17350e+04   -6.27937e+03   -7.11386e+04   -1.32779e+04


DD  step 88999 load imb.: force 346.3%

Atom distribution over 20 domains: av 171 stddev 230 min 0 max 797
           Step           Time
          89000      178.00000


   Energies (kJ/mol)
           Bond          Angle    Proper Dih. Per. Imp. Dih.          LJ-14
    2.68950e+03    7.17629e+03    9.00154e+03    4.62633e+02    3.17141e+03
     Coulomb-14        LJ (SR)   Coulomb (SR)      Potential
    4.17489e+04   -6.18520e+03   -7.11669e+04   -1.31019e+04


DD  step 89499 load imb.: force 340.7%

Atom distribution over 20 domains: av 171 stddev 229 min 0 max 761
           Step           Time
          89500      179.00000


   Energies (kJ/mol)
           Bond          Angle    Proper Dih. Per. Imp. Dih.          LJ-14
    2.61441e+03    7.17505e+03    8.91771e+03    4.51663e+02    3.19854e+03
     Coulomb-14        LJ (SR)   Coulomb (SR)      Potential
    4.16862e+04   -6.19454e+03   -7.09510e+04   -1.31019e+04


DD  step 89999 load imb.: force 329.4%

Atom distribution over 20 domains: av 171 stddev 226 min 0 max 700
           Step           Time
          90000      180.00000


   Energies (kJ/mol)
           Bond          Angle    Proper Dih. Per. Imp. Dih.          LJ-14
    2.53737e+03    7.11648e+03    8.92549e+03    4.10257e+02    3.21567e+03
     Coulomb-14        LJ (SR)   Coulomb (SR)      Potential
    4.19504e+04   -6.30595e+03   -7.07353e+04   -1.28856e+04


DD  step 90499 load imb.: force 310.9%

Atom distribution over 20 domains: av 171 stddev 225 min 0 max 711
           Step           Time
          90500      181.00000


   Energies (kJ/mol)
           Bond          Angle    Proper Dih. Per. Imp. Dih.          LJ-14
    2.60584e+03    7.14281e+03    8.86752e+03    4.04910e+02    3.25147e+03
     Coulomb-14        LJ (SR)   Coulomb (SR)      Potential
    4.17874e+04   -6.02738e+03   -7.07652e+04   -1.27327e+04


DD  step 90999 load imb.: force 315.1%

Atom distribution over 20 domains: av 171 stddev 224 min 0 max 698
           Step           Time
          91000      182.00000


   Energies (kJ/mol)
           Bond          Angle    Proper Dih. Per. Imp. Dih.          LJ-14
    2.58295e+03    7.17175e+03    8.92020e+03    4.25814e+02    3.18347e+03
     Coulomb-14        LJ (SR)   Coulomb (SR)      Potential
    4.17289e+04   -6.21801e+03   -7.06665e+04   -1.28714e+04


DD  step 91499 load imb.: force 304.4%

Atom distribution over 20 domains: av 171 stddev 228 min 0 max 743
           Step           Time
          91500      183.00000


   Energies (kJ/mol)
           Bond          Angle    Proper Dih. Per. Imp. Dih.          LJ-14
    2.75608e+03    7.13421e+03    8.93554e+03    4.60444e+02    3.17464e+03
     Coulomb-14        LJ (SR)   Coulomb (SR)      Potential
    4.16117e+04   -6.15357e+03   -7.05872e+04   -1.26682e+04


DD  step 91999 load imb.: force 342.3%

Atom distribution over 20 domains: av 171 stddev 228 min 0 max 766
           Step           Time
          92000      184.00000


   Energies (kJ/mol)
           Bond          Angle    Proper Dih. Per. Imp. Dih.          LJ-14
    2.73367e+03    7.13448e+03    8.90497e+03    4.62869e+02    3.12398e+03
     Coulomb-14        LJ (SR)   Coulomb (SR)      Potential
    4.15890e+04   -6.17815e+03   -7.04750e+04   -1.27042e+04


DD  step 92499 load imb.: force 339.7%

Atom distribution over 20 domains: av 171 stddev 227 min 0 max 753
           Step           Time
          92500      185.00000


   Energies (kJ/mol)
           Bond          Angle    Proper Dih. Per. Imp. Dih.          LJ-14
    2.91868e+03    6.88526e+03    8.92252e+03    4.17198e+02    3.17030e+03
     Coulomb-14        LJ (SR)   Coulomb (SR)      Potential
    4.16680e+04   -6.11857e+03   -7.09152e+04   -1.30518e+04


DD  step 92999 load imb.: force 319.3%

Atom distribution over 20 domains: av 171 stddev 226 min 0 max 726
           Step           Time
          93000      186.00000


   Energies (kJ/mol)
           Bond          Angle    Proper Dih. Per. Imp. Dih.          LJ-14
    2.64455e+03    7.17366e+03    8.93138e+03    4.27560e+02    3.13182e+03
     Coulomb-14        LJ (SR)   Coulomb (SR)      Potential
    4.17319e+04   -6.24558e+03   -7.09602e+04   -1.31648e+04


DD  step 93499 load imb.: force 321.2%

Atom distribution over 20 domains: av 171 stddev 224 min 0 max 728
           Step           Time
          93500      187.00000


   Energies (kJ/mol)
           Bond          Angle    Proper Dih. Per. Imp. Dih.          LJ-14
    2.71565e+03    7.14491e+03    8.98741e+03    4.30011e+02    3.21449e+03
     Coulomb-14        LJ (SR)   Coulomb (SR)      Potential
    4.17068e+04   -6.26753e+03   -7.06831e+04   -1.27514e+04


DD  step 93999 load imb.: force 329.2%

Atom distribution over 20 domains: av 171 stddev 227 min 0 max 722
           Step           Time
          94000      188.00000


   Energies (kJ/mol)
           Bond          Angle    Proper Dih. Per. Imp. Dih.          LJ-14
    2.84072e+03    7.35195e+03    8.90318e+03    3.95572e+02    3.14397e+03
     Coulomb-14        LJ (SR)   Coulomb (SR)      Potential
    4.14060e+04   -6.11220e+03   -7.05670e+04   -1.26379e+04


DD  step 94499 load imb.: force 316.9%

Atom distribution over 20 domains: av 171 stddev 227 min 0 max 732
           Step           Time
          94500      189.00000


   Energies (kJ/mol)
           Bond          Angle    Proper Dih. Per. Imp. Dih.          LJ-14
    2.70983e+03    7.32198e+03    8.85207e+03    5.00511e+02    3.19478e+03
     Coulomb-14        LJ (SR)   Coulomb (SR)      Potential
    4.15538e+04   -6.15081e+03   -7.08286e+04   -1.28464e+04


DD  step 94999 load imb.: force 324.7%

Atom distribution over 20 domains: av 171 stddev 228 min 0 max 693
           Step           Time
          95000      190.00000


   Energies (kJ/mol)
           Bond          Angle    Proper Dih. Per. Imp. Dih.          LJ-14
    2.69215e+03    7.23194e+03    8.80615e+03    4.11964e+02    3.15249e+03
     Coulomb-14        LJ (SR)   Coulomb (SR)      Potential
    4.18393e+04   -6.15369e+03   -7.09147e+04   -1.29345e+04


DD  step 95499 load imb.: force 282.1%

Atom distribution over 20 domains: av 171 stddev 231 min 0 max 695
           Step           Time
          95500      191.00000


   Energies (kJ/mol)
           Bond          Angle    Proper Dih. Per. Imp. Dih.          LJ-14
    2.83897e+03    7.49257e+03    8.89426e+03    4.37578e+02    3.09467e+03
     Coulomb-14        LJ (SR)   Coulomb (SR)      Potential
    4.16249e+04   -6.28190e+03   -7.06240e+04   -1.25229e+04


DD  step 95999 load imb.: force 286.3%

Atom distribution over 20 domains: av 171 stddev 232 min 0 max 711
           Step           Time
          96000      192.00000


   Energies (kJ/mol)
           Bond          Angle    Proper Dih. Per. Imp. Dih.          LJ-14
    2.67607e+03    7.24735e+03    8.99211e+03    4.53013e+02    3.19710e+03
     Coulomb-14        LJ (SR)   Coulomb (SR)      Potential
    4.18222e+04   -6.09258e+03   -7.08436e+04   -1.25483e+04


DD  step 96499 load imb.: force 285.3%

Atom distribution over 20 domains: av 171 stddev 230 min 0 max 711
           Step           Time
          96500      193.00000


   Energies (kJ/mol)
           Bond          Angle    Proper Dih. Per. Imp. Dih.          LJ-14
    2.62584e+03    7.34077e+03    8.96608e+03    4.09211e+02    3.07394e+03
     Coulomb-14        LJ (SR)   Coulomb (SR)      Potential
    4.17126e+04   -6.18906e+03   -7.09315e+04   -1.29920e+04


DD  step 96999 load imb.: force 309.5%

Atom distribution over 20 domains: av 171 stddev 232 min 0 max 761
           Step           Time
          97000      194.00000


   Energies (kJ/mol)
           Bond          Angle    Proper Dih. Per. Imp. Dih.          LJ-14
    2.58825e+03    7.37647e+03    8.91374e+03    4.59844e+02    3.17450e+03
     Coulomb-14        LJ (SR)   Coulomb (SR)      Potential
    4.17953e+04   -6.22848e+03   -7.09625e+04   -1.28829e+04


DD  step 97499 load imb.: force 339.4%

Atom distribution over 20 domains: av 171 stddev 231 min 0 max 738
           Step           Time
          97500      195.00000


   Energies (kJ/mol)
           Bond          Angle    Proper Dih. Per. Imp. Dih.          LJ-14
    2.67338e+03    7.19926e+03    8.84478e+03    4.46695e+02    3.16920e+03
     Coulomb-14        LJ (SR)   Coulomb (SR)      Potential
    4.18256e+04   -6.32356e+03   -7.07129e+04   -1.28776e+04


DD  step 97999 load imb.: force 312.1%

Atom distribution over 20 domains: av 171 stddev 230 min 0 max 699
           Step           Time
          98000      196.00000


   Energies (kJ/mol)
           Bond          Angle    Proper Dih. Per. Imp. Dih.          LJ-14
    2.57871e+03    7.44622e+03    8.84185e+03    4.47690e+02    3.13122e+03
     Coulomb-14        LJ (SR)   Coulomb (SR)      Potential
    4.18368e+04   -6.32899e+03   -7.05949e+04   -1.26414e+04


DD  step 98499 load imb.: force 270.9%

Atom distribution over 20 domains: av 171 stddev 228 min 0 max 676
           Step           Time
          98500      197.00000


   Energies (kJ/mol)
           Bond          Angle    Proper Dih. Per. Imp. Dih.          LJ-14
    2.67988e+03    7.11049e+03    8.80940e+03    3.86634e+02    3.20043e+03
     Coulomb-14        LJ (SR)   Coulomb (SR)      Potential
    4.18447e+04   -6.10851e+03   -7.06285e+04   -1.27055e+04


DD  step 98999 load imb.: force 261.6%

Atom distribution over 20 domains: av 171 stddev 228 min 0 max 691
           Step           Time
          99000      198.00000


   Energies (kJ/mol)
           Bond          Angle    Proper Dih. Per. Imp. Dih.          LJ-14
    2.61646e+03    7.10432e+03    8.92549e+03    4.13022e+02    3.18650e+03
     Coulomb-14        LJ (SR)   Coulomb (SR)      Potential
    4.21175e+04   -6.17513e+03   -7.06402e+04   -1.24520e+04


DD  step 99499 load imb.: force 289.3%

Atom distribution over 20 domains: av 171 stddev 229 min 0 max 721
           Step           Time
          99500      199.00000


   Energies (kJ/mol)
           Bond          Angle    Proper Dih. Per. Imp. Dih.          LJ-14
    2.79304e+03    7.07700e+03    8.86547e+03    4.68677e+02    3.11135e+03
     Coulomb-14        LJ (SR)   Coulomb (SR)      Potential
    4.17816e+04   -6.31203e+03   -7.03332e+04   -1.25481e+04


DD  step 99999 load imb.: force 302.4%

Atom distribution over 20 domains: av 171 stddev 230 min 0 max 674
           Step           Time
         100000      200.00000


   Energies (kJ/mol)
           Bond          Angle    Proper Dih. Per. Imp. Dih.          LJ-14
    2.85180e+03    7.24430e+03    8.93435e+03    4.51410e+02    3.12810e+03
     Coulomb-14        LJ (SR)   Coulomb (SR)      Potential
    4.17670e+04   -6.21185e+03   -7.07365e+04   -1.25715e+04


DD  step 100499 load imb.: force 287.2%

Atom distribution over 20 domains: av 171 stddev 227 min 0 max 737
           Step           Time
         100500      201.00000


   Energies (kJ/mol)
           Bond          Angle    Proper Dih. Per. Imp. Dih.          LJ-14
    2.80696e+03    7.37819e+03    8.93793e+03    4.72779e+02    3.16132e+03
     Coulomb-14        LJ (SR)   Coulomb (SR)      Potential
    4.16114e+04   -6.25825e+03   -7.05876e+04   -1.24773e+04


DD  step 100999 load imb.: force 307.8%

Atom distribution over 20 domains: av 171 stddev 227 min 0 max 679
           Step           Time
         101000      202.00000


   Energies (kJ/mol)
           Bond          Angle    Proper Dih. Per. Imp. Dih.          LJ-14
    2.72180e+03    7.22218e+03    9.03069e+03    4.48631e+02    3.07189e+03
     Coulomb-14        LJ (SR)   Coulomb (SR)      Potential
    4.17316e+04   -6.23050e+03   -7.06193e+04   -1.26230e+04


DD  step 101499 load imb.: force 272.6%

Atom distribution over 20 domains: av 171 stddev 227 min 0 max 676
           Step           Time
         101500      203.00000


   Energies (kJ/mol)
           Bond          Angle    Proper Dih. Per. Imp. Dih.          LJ-14
    2.68168e+03    7.13168e+03    8.95337e+03    4.51996e+02    3.10059e+03
     Coulomb-14        LJ (SR)   Coulomb (SR)      Potential
    4.16223e+04   -6.12967e+03   -7.05032e+04   -1.26913e+04


DD  step 101999 load imb.: force 267.9%

Atom distribution over 20 domains: av 171 stddev 226 min 0 max 664
           Step           Time
         102000      204.00000


   Energies (kJ/mol)
           Bond          Angle    Proper Dih. Per. Imp. Dih.          LJ-14
    2.79658e+03    7.25988e+03    8.97211e+03    4.80681e+02    3.14699e+03
     Coulomb-14        LJ (SR)   Coulomb (SR)      Potential
    4.16743e+04   -6.32860e+03   -7.04990e+04   -1.24971e+04


DD  step 102499 load imb.: force 260.4%

Atom distribution over 20 domains: av 171 stddev 225 min 0 max 695
           Step           Time
         102500      205.00000


   Energies (kJ/mol)
           Bond          Angle    Proper Dih. Per. Imp. Dih.          LJ-14
    2.81925e+03    7.23790e+03    8.92873e+03    4.40404e+02    3.19541e+03
     Coulomb-14        LJ (SR)   Coulomb (SR)      Potential
    4.16088e+04   -6.17460e+03   -7.08339e+04   -1.27780e+04


DD  step 102999 load imb.: force 289.9%

Atom distribution over 20 domains: av 171 stddev 223 min 0 max 683
           Step           Time
         103000      206.00000


   Energies (kJ/mol)
           Bond          Angle    Proper Dih. Per. Imp. Dih.          LJ-14
    2.68485e+03    7.14392e+03    8.95495e+03    4.00069e+02    3.23194e+03
     Coulomb-14        LJ (SR)   Coulomb (SR)      Potential
    4.17840e+04   -6.16184e+03   -7.05348e+04   -1.24969e+04


DD  step 103499 load imb.: force 267.4%

Atom distribution over 20 domains: av 171 stddev 222 min 0 max 677
           Step           Time
         103500      207.00000


   Energies (kJ/mol)
           Bond          Angle    Proper Dih. Per. Imp. Dih.          LJ-14
    2.50705e+03    7.24166e+03    8.93896e+03    4.84785e+02    3.16368e+03
     Coulomb-14        LJ (SR)   Coulomb (SR)      Potential
    4.18499e+04   -6.16001e+03   -7.09990e+04   -1.29729e+04


DD  step 103999 load imb.: force 279.5%

Atom distribution over 20 domains: av 171 stddev 225 min 0 max 688
           Step           Time
         104000      208.00000


   Energies (kJ/mol)
           Bond          Angle    Proper Dih. Per. Imp. Dih.          LJ-14
    2.72047e+03    7.04006e+03    9.00558e+03    3.96971e+02    3.17574e+03
     Coulomb-14        LJ (SR)   Coulomb (SR)      Potential
    4.18441e+04   -6.20950e+03   -7.07931e+04   -1.28197e+04


DD  step 104499 load imb.: force 290.8%

Atom distribution over 20 domains: av 171 stddev 223 min 0 max 704
           Step           Time
         104500      209.00000


   Energies (kJ/mol)
           Bond          Angle    Proper Dih. Per. Imp. Dih.          LJ-14
    2.66699e+03    7.23143e+03    8.88422e+03    4.60596e+02    3.09141e+03
     Coulomb-14        LJ (SR)   Coulomb (SR)      Potential
    4.15801e+04   -6.11007e+03   -7.05474e+04   -1.27427e+04


DD  step 104999 load imb.: force 304.7%

Atom distribution over 20 domains: av 171 stddev 223 min 0 max 738
           Step           Time
         105000      210.00000


   Energies (kJ/mol)
           Bond          Angle    Proper Dih. Per. Imp. Dih.          LJ-14
    2.53363e+03    7.19375e+03    8.87188e+03    3.64161e+02    3.24804e+03
     Coulomb-14        LJ (SR)   Coulomb (SR)      Potential
    4.17238e+04   -6.15576e+03   -7.05519e+04   -1.27724e+04


DD  step 105499 load imb.: force 324.0%

Atom distribution over 20 domains: av 171 stddev 225 min 0 max 742
           Step           Time
         105500      211.00000


   Energies (kJ/mol)
           Bond          Angle    Proper Dih. Per. Imp. Dih.          LJ-14
    2.53929e+03    7.27272e+03    8.87977e+03    4.55290e+02    3.19925e+03
     Coulomb-14        LJ (SR)   Coulomb (SR)      Potential
    4.18909e+04   -6.15659e+03   -7.10680e+04   -1.29874e+04


DD  step 105999 load imb.: force 326.5%

Atom distribution over 20 domains: av 171 stddev 223 min 0 max 686
           Step           Time
         106000      212.00000


   Energies (kJ/mol)
           Bond          Angle    Proper Dih. Per. Imp. Dih.          LJ-14
    2.69602e+03    7.37260e+03    8.89916e+03    4.47562e+02    3.13053e+03
     Coulomb-14        LJ (SR)   Coulomb (SR)      Potential
    4.15564e+04   -6.27540e+03   -7.05610e+04   -1.27341e+04


DD  step 106499 load imb.: force 268.0%

Atom distribution over 20 domains: av 171 stddev 222 min 0 max 689
           Step           Time
         106500      213.00000


   Energies (kJ/mol)
           Bond          Angle    Proper Dih. Per. Imp. Dih.          LJ-14
    2.59932e+03    7.32580e+03    8.85918e+03    4.39082e+02    3.19812e+03
     Coulomb-14        LJ (SR)   Coulomb (SR)      Potential
    4.17251e+04   -6.13960e+03   -7.05997e+04   -1.25927e+04


DD  step 106999 load imb.: force 274.9%

Atom distribution over 20 domains: av 171 stddev 222 min 0 max 674
           Step           Time
         107000      214.00000


   Energies (kJ/mol)
           Bond          Angle    Proper Dih. Per. Imp. Dih.          LJ-14
    2.73826e+03    7.01216e+03    8.88400e+03    4.34541e+02    3.17014e+03
     Coulomb-14        LJ (SR)   Coulomb (SR)      Potential
    4.17831e+04   -6.17876e+03   -7.06587e+04   -1.28153e+04


DD  step 107499 load imb.: force 265.4%

Atom distribution over 20 domains: av 171 stddev 225 min 0 max 682
           Step           Time
         107500      215.00000


   Energies (kJ/mol)
           Bond          Angle    Proper Dih. Per. Imp. Dih.          LJ-14
    2.65312e+03    7.33454e+03    8.93224e+03    4.39238e+02    3.12158e+03
     Coulomb-14        LJ (SR)   Coulomb (SR)      Potential
    4.18112e+04   -6.32368e+03   -7.02019e+04   -1.22337e+04


DD  step 107999 load imb.: force 275.1%

Atom distribution over 20 domains: av 171 stddev 227 min 0 max 723
           Step           Time
         108000      216.00000


   Energies (kJ/mol)
           Bond          Angle    Proper Dih. Per. Imp. Dih.          LJ-14
    2.63347e+03    7.45287e+03    8.84854e+03    3.99813e+02    3.13657e+03
     Coulomb-14        LJ (SR)   Coulomb (SR)      Potential
    4.16764e+04   -6.30468e+03   -7.02286e+04   -1.23856e+04


DD  step 108499 load imb.: force 297.6%

Atom distribution over 20 domains: av 171 stddev 225 min 0 max 676
           Step           Time
         108500      217.00000


   Energies (kJ/mol)
           Bond          Angle    Proper Dih. Per. Imp. Dih.          LJ-14
    2.59558e+03    7.37471e+03    8.82690e+03    4.64431e+02    3.19839e+03
     Coulomb-14        LJ (SR)   Coulomb (SR)      Potential
    4.14588e+04   -6.09955e+03   -7.00439e+04   -1.22246e+04


DD  step 108999 load imb.: force 270.2%

Atom distribution over 20 domains: av 171 stddev 225 min 0 max 692
           Step           Time
         109000      218.00000


   Energies (kJ/mol)
           Bond          Angle    Proper Dih. Per. Imp. Dih.          LJ-14
    2.66546e+03    7.18404e+03    8.84242e+03    4.31811e+02    3.22803e+03
     Coulomb-14        LJ (SR)   Coulomb (SR)      Potential
    4.17417e+04   -6.17282e+03   -7.04519e+04   -1.25313e+04


DD  step 109499 load imb.: force 272.2%

Atom distribution over 20 domains: av 171 stddev 226 min 0 max 695
           Step           Time
         109500      219.00000


   Energies (kJ/mol)
           Bond          Angle    Proper Dih. Per. Imp. Dih.          LJ-14
    2.73644e+03    7.00124e+03    8.81070e+03    3.96544e+02    3.22041e+03
     Coulomb-14        LJ (SR)   Coulomb (SR)      Potential
    4.18363e+04   -6.24500e+03   -7.03057e+04   -1.25491e+04


DD  step 109999 load imb.: force 287.1%

Atom distribution over 20 domains: av 171 stddev 224 min 0 max 694
           Step           Time
         110000      220.00000


   Energies (kJ/mol)
           Bond          Angle    Proper Dih. Per. Imp. Dih.          LJ-14
    2.60817e+03    7.02056e+03    8.91289e+03    4.44248e+02    3.13713e+03
     Coulomb-14        LJ (SR)   Coulomb (SR)      Potential
    4.19634e+04   -6.16732e+03   -7.07088e+04   -1.27897e+04


DD  step 110499 load imb.: force 297.9%

Atom distribution over 20 domains: av 171 stddev 224 min 0 max 676
           Step           Time
         110500      221.00000


   Energies (kJ/mol)
           Bond          Angle    Proper Dih. Per. Imp. Dih.          LJ-14
    2.72648e+03    7.16587e+03    8.76798e+03    4.12886e+02    3.16507e+03
     Coulomb-14        LJ (SR)   Coulomb (SR)      Potential
    4.17855e+04   -6.10375e+03   -7.04860e+04   -1.25659e+04


DD  step 110999 load imb.: force 271.1%

Atom distribution over 20 domains: av 171 stddev 227 min 0 max 738
           Step           Time
         111000      222.00000


   Energies (kJ/mol)
           Bond          Angle    Proper Dih. Per. Imp. Dih.          LJ-14
    2.57038e+03    7.06564e+03    8.77619e+03    4.21481e+02    3.19194e+03
     Coulomb-14        LJ (SR)   Coulomb (SR)      Potential
    4.16393e+04   -6.08067e+03   -7.01543e+04   -1.25700e+04


DD  step 111499 load imb.: force 308.1%

Atom distribution over 20 domains: av 171 stddev 227 min 0 max 742
           Step           Time
         111500      223.00000


   Energies (kJ/mol)
           Bond          Angle    Proper Dih. Per. Imp. Dih.          LJ-14
    2.87458e+03    7.48741e+03    8.79743e+03    4.10517e+02    3.10099e+03
     Coulomb-14        LJ (SR)   Coulomb (SR)      Potential
    4.14335e+04   -6.18147e+03   -7.02485e+04   -1.23256e+04


DD  step 111999 load imb.: force 309.1%

Atom distribution over 20 domains: av 171 stddev 227 min 0 max 713
           Step           Time
         112000      224.00000


   Energies (kJ/mol)
           Bond          Angle    Proper Dih. Per. Imp. Dih.          LJ-14
    2.81268e+03    7.30209e+03    8.88718e+03    4.53044e+02    3.11871e+03
     Coulomb-14        LJ (SR)   Coulomb (SR)      Potential
    4.16952e+04   -6.21329e+03   -7.07172e+04   -1.26616e+04


DD  step 112499 load imb.: force 294.8%

Atom distribution over 20 domains: av 171 stddev 229 min 0 max 705
           Step           Time
         112500      225.00000


   Energies (kJ/mol)
           Bond          Angle    Proper Dih. Per. Imp. Dih.          LJ-14
    2.99227e+03    7.35152e+03    8.90670e+03    4.12676e+02    3.12598e+03
     Coulomb-14        LJ (SR)   Coulomb (SR)      Potential
    4.16128e+04   -6.28667e+03   -7.09091e+04   -1.27939e+04


DD  step 112999 load imb.: force 276.6%

Atom distribution over 20 domains: av 171 stddev 231 min 0 max 722
           Step           Time
         113000      226.00000


   Energies (kJ/mol)
           Bond          Angle    Proper Dih. Per. Imp. Dih.          LJ-14
    2.69975e+03    7.38652e+03    8.99838e+03    4.61511e+02    3.19925e+03
     Coulomb-14        LJ (SR)   Coulomb (SR)      Potential
    4.17354e+04   -6.17857e+03   -7.09548e+04   -1.26526e+04


DD  step 113499 load imb.: force 293.3%

Atom distribution over 20 domains: av 171 stddev 235 min 0 max 768
           Step           Time
         113500      227.00000


   Energies (kJ/mol)
           Bond          Angle    Proper Dih. Per. Imp. Dih.          LJ-14
    2.74132e+03    7.21520e+03    8.84210e+03    4.18751e+02    3.11251e+03
     Coulomb-14        LJ (SR)   Coulomb (SR)      Potential
    4.15976e+04   -6.14205e+03   -7.07556e+04   -1.29702e+04


DD  step 113999 load imb.: force 322.8%

Atom distribution over 20 domains: av 171 stddev 237 min 0 max 781
           Step           Time
         114000      228.00000


   Energies (kJ/mol)
           Bond          Angle    Proper Dih. Per. Imp. Dih.          LJ-14
    2.53272e+03    7.29354e+03    8.85691e+03    4.69119e+02    3.14833e+03
     Coulomb-14        LJ (SR)   Coulomb (SR)      Potential
    4.16805e+04   -6.30187e+03   -7.04725e+04   -1.27933e+04


DD  step 114499 load imb.: force 334.2%

Atom distribution over 20 domains: av 171 stddev 237 min 0 max 748
           Step           Time
         114500      229.00000


   Energies (kJ/mol)
           Bond          Angle    Proper Dih. Per. Imp. Dih.          LJ-14
    2.76363e+03    7.50818e+03    8.90463e+03    4.31474e+02    3.20668e+03
     Coulomb-14        LJ (SR)   Coulomb (SR)      Potential
    4.17894e+04   -6.14417e+03   -7.06457e+04   -1.21859e+04


DD  step 114999 load imb.: force 307.6%

Atom distribution over 20 domains: av 171 stddev 235 min 0 max 716
           Step           Time
         115000      230.00000


   Energies (kJ/mol)
           Bond          Angle    Proper Dih. Per. Imp. Dih.          LJ-14
    2.56257e+03    7.39490e+03    8.73739e+03    4.01355e+02    3.19691e+03
     Coulomb-14        LJ (SR)   Coulomb (SR)      Potential
    4.17881e+04   -6.28643e+03   -7.05427e+04   -1.27479e+04


DD  step 115499 load imb.: force 282.7%

Atom distribution over 20 domains: av 171 stddev 238 min 0 max 726
           Step           Time
         115500      231.00000


   Energies (kJ/mol)
           Bond          Angle    Proper Dih. Per. Imp. Dih.          LJ-14
    2.73857e+03    7.28772e+03    8.96233e+03    4.06581e+02    3.15586e+03
     Coulomb-14        LJ (SR)   Coulomb (SR)      Potential
    4.17621e+04   -6.14944e+03   -7.07431e+04   -1.25794e+04


DD  step 115999 load imb.: force 314.1%

Atom distribution over 20 domains: av 171 stddev 235 min 0 max 716
           Step           Time
         116000      232.00000


   Energies (kJ/mol)
           Bond          Angle    Proper Dih. Per. Imp. Dih.          LJ-14
    2.62690e+03    7.51738e+03    8.91207e+03    4.03724e+02    3.20180e+03
     Coulomb-14        LJ (SR)   Coulomb (SR)      Potential
    4.15413e+04   -6.16733e+03   -7.07284e+04   -1.26925e+04


DD  step 116499 load imb.: force 298.6%

Atom distribution over 20 domains: av 171 stddev 235 min 0 max 747
           Step           Time
         116500      233.00000


   Energies (kJ/mol)
           Bond          Angle    Proper Dih. Per. Imp. Dih.          LJ-14
    2.62752e+03    7.32328e+03    8.86782e+03    4.26174e+02    3.27096e+03
     Coulomb-14        LJ (SR)   Coulomb (SR)      Potential
    4.17729e+04   -6.05868e+03   -7.08976e+04   -1.26676e+04


DD  step 116999 load imb.: force 315.9%

Atom distribution over 20 domains: av 171 stddev 238 min 0 max 719
           Step           Time
         117000      234.00000


   Energies (kJ/mol)
           Bond          Angle    Proper Dih. Per. Imp. Dih.          LJ-14
    2.78174e+03    7.15688e+03    8.91733e+03    4.16578e+02    3.17762e+03
     Coulomb-14        LJ (SR)   Coulomb (SR)      Potential
    4.18983e+04   -6.11164e+03   -7.12519e+04   -1.30151e+04


DD  step 117499 load imb.: force 294.8%

Atom distribution over 20 domains: av 171 stddev 237 min 0 max 727
           Step           Time
         117500      235.00000


   Energies (kJ/mol)
           Bond          Angle    Proper Dih. Per. Imp. Dih.          LJ-14
    2.63426e+03    7.63671e+03    8.90414e+03    4.04551e+02    3.17890e+03
     Coulomb-14        LJ (SR)   Coulomb (SR)      Potential
    4.16745e+04   -6.21475e+03   -7.09255e+04   -1.27072e+04


DD  step 117999 load imb.: force 293.5%

Atom distribution over 20 domains: av 171 stddev 234 min 0 max 713
           Step           Time
         118000      236.00000


   Energies (kJ/mol)
           Bond          Angle    Proper Dih. Per. Imp. Dih.          LJ-14
    2.61972e+03    7.21494e+03    9.01859e+03    4.47804e+02    3.13072e+03
     Coulomb-14        LJ (SR)   Coulomb (SR)      Potential
    4.15975e+04   -6.13675e+03   -7.07007e+04   -1.28082e+04


DD  step 118499 load imb.: force 284.7%

Atom distribution over 20 domains: av 171 stddev 234 min 0 max 714
           Step           Time
         118500      237.00000


   Energies (kJ/mol)
           Bond          Angle    Proper Dih. Per. Imp. Dih.          LJ-14
    2.68819e+03    7.25338e+03    8.90666e+03    4.51123e+02    3.16860e+03
     Coulomb-14        LJ (SR)   Coulomb (SR)      Potential
    4.17433e+04   -6.12270e+03   -7.08096e+04   -1.27211e+04


DD  step 118999 load imb.: force 280.5%

Atom distribution over 20 domains: av 171 stddev 234 min 0 max 714
           Step           Time
         119000      238.00000


   Energies (kJ/mol)
           Bond          Angle    Proper Dih. Per. Imp. Dih.          LJ-14
    2.55641e+03    7.22529e+03    8.87536e+03    4.23223e+02    3.21092e+03
     Coulomb-14        LJ (SR)   Coulomb (SR)      Potential
    4.19916e+04   -6.19023e+03   -7.08695e+04   -1.27770e+04


DD  step 119499 load imb.: force 290.6%

Atom distribution over 20 domains: av 171 stddev 230 min 0 max 719
           Step           Time
         119500      239.00000


   Energies (kJ/mol)
           Bond          Angle    Proper Dih. Per. Imp. Dih.          LJ-14
    2.75868e+03    7.07479e+03    8.82542e+03    4.36000e+02    3.17209e+03
     Coulomb-14        LJ (SR)   Coulomb (SR)      Potential
    4.16915e+04   -6.24051e+03   -7.05690e+04   -1.28510e+04


DD  step 119999 load imb.: force 291.3%

Atom distribution over 20 domains: av 171 stddev 232 min 0 max 750
           Step           Time
         120000      240.00000


   Energies (kJ/mol)
           Bond          Angle    Proper Dih. Per. Imp. Dih.          LJ-14
    2.78014e+03    7.15784e+03    8.94972e+03    4.86891e+02    3.14013e+03
     Coulomb-14        LJ (SR)   Coulomb (SR)      Potential
    4.17044e+04   -6.13176e+03   -7.06461e+04   -1.25587e+04


DD  step 120499 load imb.: force 325.1%

Atom distribution over 20 domains: av 171 stddev 230 min 0 max 697
           Step           Time
         120500      241.00000


   Energies (kJ/mol)
           Bond          Angle    Proper Dih. Per. Imp. Dih.          LJ-14
    2.74821e+03    7.09783e+03    9.03066e+03    4.61468e+02    3.12469e+03
     Coulomb-14        LJ (SR)   Coulomb (SR)      Potential
    4.17233e+04   -6.20435e+03   -7.06744e+04   -1.26926e+04


DD  step 120999 load imb.: force 285.5%

Atom distribution over 20 domains: av 171 stddev 233 min 0 max 714
           Step           Time
         121000      242.00000


   Energies (kJ/mol)
           Bond          Angle    Proper Dih. Per. Imp. Dih.          LJ-14
    2.71276e+03    7.06505e+03    8.88443e+03    4.67114e+02    3.21172e+03
     Coulomb-14        LJ (SR)   Coulomb (SR)      Potential
    4.18921e+04   -6.14070e+03   -7.08296e+04   -1.27372e+04


DD  step 121499 load imb.: force 280.6%

Atom distribution over 20 domains: av 171 stddev 235 min 0 max 719
           Step           Time
         121500      243.00000


   Energies (kJ/mol)
           Bond          Angle    Proper Dih. Per. Imp. Dih.          LJ-14
    2.84393e+03    7.20748e+03    8.93719e+03    4.35977e+02    3.12646e+03
     Coulomb-14        LJ (SR)   Coulomb (SR)      Potential
    4.18933e+04   -6.20919e+03   -7.07333e+04   -1.24981e+04


DD  step 121999 load imb.: force 278.5%

Atom distribution over 20 domains: av 171 stddev 235 min 0 max 769
           Step           Time
         122000      244.00000


   Energies (kJ/mol)
           Bond          Angle    Proper Dih. Per. Imp. Dih.          LJ-14
    2.62104e+03    7.09089e+03    8.90567e+03    4.19119e+02    3.17317e+03
     Coulomb-14        LJ (SR)   Coulomb (SR)      Potential
    4.19124e+04   -6.16420e+03   -7.07509e+04   -1.27929e+04


DD  step 122499 load imb.: force 326.6%

Atom distribution over 20 domains: av 171 stddev 236 min 0 max 769
           Step           Time
         122500      245.00000


   Energies (kJ/mol)
           Bond          Angle    Proper Dih. Per. Imp. Dih.          LJ-14
    2.66298e+03    7.13063e+03    8.94595e+03    4.49879e+02    3.08732e+03
     Coulomb-14        LJ (SR)   Coulomb (SR)      Potential
    4.16357e+04   -6.14925e+03   -7.03426e+04   -1.25794e+04


DD  step 122999 load imb.: force 320.3%

Atom distribution over 20 domains: av 171 stddev 236 min 0 max 771
           Step           Time
         123000      246.00000


   Energies (kJ/mol)
           Bond          Angle    Proper Dih. Per. Imp. Dih.          LJ-14
    2.67388e+03    7.20570e+03    8.98837e+03    4.14793e+02    3.20202e+03
     Coulomb-14        LJ (SR)   Coulomb (SR)      Potential
    4.19495e+04   -6.04941e+03   -7.07614e+04   -1.23765e+04


DD  step 123499 load imb.: force 319.6%

Atom distribution over 20 domains: av 171 stddev 238 min 0 max 760
           Step           Time
         123500      247.00000


   Energies (kJ/mol)
           Bond          Angle    Proper Dih. Per. Imp. Dih.          LJ-14
    2.71016e+03    7.24598e+03    8.78729e+03    3.83846e+02    3.12609e+03
     Coulomb-14        LJ (SR)   Coulomb (SR)      Potential
    4.17780e+04   -6.06882e+03   -7.06216e+04   -1.26591e+04


DD  step 123999 load imb.: force 304.8%

Atom distribution over 20 domains: av 171 stddev 235 min 0 max 758
           Step           Time
         124000      248.00000


   Energies (kJ/mol)
           Bond          Angle    Proper Dih. Per. Imp. Dih.          LJ-14
    2.63746e+03    7.16653e+03    8.76156e+03    4.46485e+02    3.16480e+03
     Coulomb-14        LJ (SR)   Coulomb (SR)      Potential
    4.18445e+04   -6.04588e+03   -7.09336e+04   -1.29582e+04


DD  step 124499 load imb.: force 314.5%

Atom distribution over 20 domains: av 171 stddev 235 min 0 max 724
           Step           Time
         124500      249.00000


   Energies (kJ/mol)
           Bond          Angle    Proper Dih. Per. Imp. Dih.          LJ-14
    2.55001e+03    7.09180e+03    8.84097e+03    4.55022e+02    3.20859e+03
     Coulomb-14        LJ (SR)   Coulomb (SR)      Potential
    4.18733e+04   -6.10258e+03   -7.08666e+04   -1.29496e+04


DD  step 124999 load imb.: force 278.9%

Atom distribution over 20 domains: av 171 stddev 237 min 0 max 727
           Step           Time
         125000      250.00000


   Energies (kJ/mol)
           Bond          Angle    Proper Dih. Per. Imp. Dih.          LJ-14
    2.92229e+03    7.24504e+03    8.84075e+03    4.18284e+02    3.08350e+03
     Coulomb-14        LJ (SR)   Coulomb (SR)      Potential
    4.14346e+04   -6.10956e+03   -7.06555e+04   -1.28205e+04


DD  step 125499 load imb.: force 286.1%

Atom distribution over 20 domains: av 171 stddev 237 min 0 max 739
           Step           Time
         125500      251.00000


   Energies (kJ/mol)
           Bond          Angle    Proper Dih. Per. Imp. Dih.          LJ-14
    2.64645e+03    7.19416e+03    8.88475e+03    4.48964e+02    3.13596e+03
     Coulomb-14        LJ (SR)   Coulomb (SR)      Potential
    4.18298e+04   -6.18611e+03   -7.06663e+04   -1.27123e+04


DD  step 125999 load imb.: force 284.7%

Atom distribution over 20 domains: av 171 stddev 238 min 0 max 767
           Step           Time
         126000      252.00000


   Energies (kJ/mol)
           Bond          Angle    Proper Dih. Per. Imp. Dih.          LJ-14
    2.58564e+03    7.40837e+03    8.85843e+03    4.10586e+02    3.18548e+03
     Coulomb-14        LJ (SR)   Coulomb (SR)      Potential
    4.17105e+04   -6.06513e+03   -7.08092e+04   -1.27153e+04


DD  step 126499 load imb.: force 321.2%

Atom distribution over 20 domains: av 171 stddev 240 min 0 max 791
           Step           Time
         126500      253.00000


   Energies (kJ/mol)
           Bond          Angle    Proper Dih. Per. Imp. Dih.          LJ-14
    2.93599e+03    7.18470e+03    8.95132e+03    4.59179e+02    3.11508e+03
     Coulomb-14        LJ (SR)   Coulomb (SR)      Potential
    4.18721e+04   -6.18378e+03   -7.04765e+04   -1.21419e+04


DD  step 126999 load imb.: force 337.8%

Atom distribution over 20 domains: av 171 stddev 240 min 0 max 787
           Step           Time
         127000      254.00000


   Energies (kJ/mol)
           Bond          Angle    Proper Dih. Per. Imp. Dih.          LJ-14
    2.53905e+03    7.48975e+03    8.92949e+03    4.61058e+02    3.17162e+03
     Coulomb-14        LJ (SR)   Coulomb (SR)      Potential
    4.16281e+04   -6.18623e+03   -7.05600e+04   -1.25272e+04


DD  step 127499 load imb.: force 338.7%

Atom distribution over 20 domains: av 171 stddev 241 min 0 max 774
           Step           Time
         127500      255.00000


   Energies (kJ/mol)
           Bond          Angle    Proper Dih. Per. Imp. Dih.          LJ-14
    2.68677e+03    7.28264e+03    8.95170e+03    4.38573e+02    3.19340e+03
     Coulomb-14        LJ (SR)   Coulomb (SR)      Potential
    4.17645e+04   -6.18472e+03   -7.05008e+04   -1.23679e+04


DD  step 127999 load imb.: force 317.7%

Atom distribution over 20 domains: av 171 stddev 239 min 0 max 734
           Step           Time
         128000      256.00000


   Energies (kJ/mol)
           Bond          Angle    Proper Dih. Per. Imp. Dih.          LJ-14
    2.78327e+03    7.47285e+03    8.91339e+03    4.23106e+02    3.29787e+03
     Coulomb-14        LJ (SR)   Coulomb (SR)      Potential
    4.19378e+04   -6.20902e+03   -7.06249e+04   -1.20057e+04


DD  step 128499 load imb.: force 336.8%

Atom distribution over 20 domains: av 171 stddev 241 min 0 max 773
           Step           Time
         128500      257.00000


   Energies (kJ/mol)
           Bond          Angle    Proper Dih. Per. Imp. Dih.          LJ-14
    2.71396e+03    7.29059e+03    8.85625e+03    4.69630e+02    3.26280e+03
     Coulomb-14        LJ (SR)   Coulomb (SR)      Potential
    4.19722e+04   -6.35507e+03   -7.06988e+04   -1.24885e+04


DD  step 128999 load imb.: force 312.8%

Atom distribution over 20 domains: av 171 stddev 245 min 0 max 800
           Step           Time
         129000      258.00000


   Energies (kJ/mol)
           Bond          Angle    Proper Dih. Per. Imp. Dih.          LJ-14
    2.58232e+03    7.41513e+03    8.98199e+03    4.13151e+02    3.17452e+03
     Coulomb-14        LJ (SR)   Coulomb (SR)      Potential
    4.16069e+04   -6.15769e+03   -7.04541e+04   -1.24378e+04


DD  step 129499 load imb.: force 333.7%

Atom distribution over 20 domains: av 171 stddev 247 min 0 max 822
           Step           Time
         129500      259.00000


   Energies (kJ/mol)
           Bond          Angle    Proper Dih. Per. Imp. Dih.          LJ-14
    2.77564e+03    7.39676e+03    8.92716e+03    4.89385e+02    3.13550e+03
     Coulomb-14        LJ (SR)   Coulomb (SR)      Potential
    4.17209e+04   -6.14609e+03   -7.09314e+04   -1.26321e+04


DD  step 129999 load imb.: force 352.1%

Atom distribution over 20 domains: av 171 stddev 246 min 0 max 800
           Step           Time
         130000      260.00000


   Energies (kJ/mol)
           Bond          Angle    Proper Dih. Per. Imp. Dih.          LJ-14
    2.68106e+03    7.25705e+03    8.90664e+03    4.72264e+02    3.19647e+03
     Coulomb-14        LJ (SR)   Coulomb (SR)      Potential
    4.15700e+04   -6.20319e+03   -7.07468e+04   -1.28665e+04


DD  step 130499 load imb.: force 325.6%

Atom distribution over 20 domains: av 171 stddev 245 min 0 max 778
           Step           Time
         130500      261.00000


   Energies (kJ/mol)
           Bond          Angle    Proper Dih. Per. Imp. Dih.          LJ-14
    2.66153e+03    7.22625e+03    8.87808e+03    4.57231e+02    3.12602e+03
     Coulomb-14        LJ (SR)   Coulomb (SR)      Potential
    4.16174e+04   -6.14583e+03   -7.08850e+04   -1.30644e+04


DD  step 130999 load imb.: force 320.5%

Atom distribution over 20 domains: av 171 stddev 243 min 0 max 766
           Step           Time
         131000      262.00000


   Energies (kJ/mol)
           Bond          Angle    Proper Dih. Per. Imp. Dih.          LJ-14
    2.64078e+03    7.13960e+03    8.89101e+03    4.25537e+02    3.21617e+03
     Coulomb-14        LJ (SR)   Coulomb (SR)      Potential
    4.18759e+04   -6.06747e+03   -7.12261e+04   -1.31046e+04


DD  step 131499 load imb.: force 352.6%

Atom distribution over 20 domains: av 171 stddev 242 min 0 max 758
           Step           Time
         131500      263.00000


   Energies (kJ/mol)
           Bond          Angle    Proper Dih. Per. Imp. Dih.          LJ-14
    2.73466e+03    7.07464e+03    8.86485e+03    4.21018e+02    3.18732e+03
     Coulomb-14        LJ (SR)   Coulomb (SR)      Potential
    4.17343e+04   -6.15661e+03   -7.10438e+04   -1.31836e+04


DD  step 131999 load imb.: force 312.4%

Atom distribution over 20 domains: av 171 stddev 240 min 0 max 780
           Step           Time
         132000      264.00000


   Energies (kJ/mol)
           Bond          Angle    Proper Dih. Per. Imp. Dih.          LJ-14
    2.45594e+03    7.24186e+03    8.89363e+03    4.19878e+02    3.20877e+03
     Coulomb-14        LJ (SR)   Coulomb (SR)      Potential
    4.18267e+04   -6.22303e+03   -7.09942e+04   -1.31704e+04


DD  step 132499 load imb.: force 329.7%

Atom distribution over 20 domains: av 171 stddev 242 min 0 max 775
           Step           Time
         132500      265.00000


   Energies (kJ/mol)
           Bond          Angle    Proper Dih. Per. Imp. Dih.          LJ-14
    2.71210e+03    7.20360e+03    8.94485e+03    4.36799e+02    3.06297e+03
     Coulomb-14        LJ (SR)   Coulomb (SR)      Potential
    4.16803e+04   -6.07149e+03   -7.07455e+04   -1.27763e+04


DD  step 132999 load imb.: force 314.8%

Atom distribution over 20 domains: av 171 stddev 244 min 0 max 754
           Step           Time
         133000      266.00000


   Energies (kJ/mol)
           Bond          Angle    Proper Dih. Per. Imp. Dih.          LJ-14
    2.69696e+03    7.14805e+03    8.83349e+03    4.09343e+02    3.11404e+03
     Coulomb-14        LJ (SR)   Coulomb (SR)      Potential
    4.18038e+04   -6.23109e+03   -7.08383e+04   -1.30637e+04


DD  step 133499 load imb.: force 333.0%

Atom distribution over 20 domains: av 171 stddev 244 min 0 max 772
           Step           Time
         133500      267.00000


   Energies (kJ/mol)
           Bond          Angle    Proper Dih. Per. Imp. Dih.          LJ-14
    2.67893e+03    7.15882e+03    8.83705e+03    4.02247e+02    3.15198e+03
     Coulomb-14        LJ (SR)   Coulomb (SR)      Potential
    4.16494e+04   -6.12681e+03   -7.10256e+04   -1.32740e+04


DD  step 133999 load imb.: force 311.9%

Atom distribution over 20 domains: av 171 stddev 247 min 0 max 764
           Step           Time
         134000      268.00000


   Energies (kJ/mol)
           Bond          Angle    Proper Dih. Per. Imp. Dih.          LJ-14
    2.68759e+03    7.07364e+03    8.89133e+03    4.41072e+02    3.19960e+03
     Coulomb-14        LJ (SR)   Coulomb (SR)      Potential
    4.18754e+04   -6.13923e+03   -7.13876e+04   -1.33582e+04


DD  step 134499 load imb.: force 344.3%

Atom distribution over 20 domains: av 171 stddev 247 min 0 max 788
           Step           Time
         134500      269.00000


   Energies (kJ/mol)
           Bond          Angle    Proper Dih. Per. Imp. Dih.          LJ-14
    2.61743e+03    7.19608e+03    8.80809e+03    5.31609e+02    3.22137e+03
     Coulomb-14        LJ (SR)   Coulomb (SR)      Potential
    4.19032e+04   -6.12626e+03   -7.13766e+04   -1.32251e+04


DD  step 134999 load imb.: force 377.2%

Atom distribution over 20 domains: av 171 stddev 250 min 0 max 855
           Step           Time
         135000      270.00000


   Energies (kJ/mol)
           Bond          Angle    Proper Dih. Per. Imp. Dih.          LJ-14
    2.63440e+03    7.03871e+03    8.84558e+03    4.23499e+02    3.13519e+03
     Coulomb-14        LJ (SR)   Coulomb (SR)      Potential
    4.18549e+04   -6.15316e+03   -7.11238e+04   -1.33446e+04


DD  step 135499 load imb.: force 411.2%

Atom distribution over 20 domains: av 171 stddev 247 min 0 max 774
           Step           Time
         135500      271.00000


   Energies (kJ/mol)
           Bond          Angle    Proper Dih. Per. Imp. Dih.          LJ-14
    2.67582e+03    7.32650e+03    8.92917e+03    4.70284e+02    3.25227e+03
     Coulomb-14        LJ (SR)   Coulomb (SR)      Potential
    4.19163e+04   -6.19477e+03   -7.10385e+04   -1.26629e+04


DD  step 135999 load imb.: force 369.9%

Atom distribution over 20 domains: av 171 stddev 250 min 0 max 827
           Step           Time
         136000      272.00000


   Energies (kJ/mol)
           Bond          Angle    Proper Dih. Per. Imp. Dih.          LJ-14
    2.73718e+03    7.26734e+03    8.80881e+03    4.23266e+02    3.21979e+03
     Coulomb-14        LJ (SR)   Coulomb (SR)      Potential
    4.16658e+04   -6.23395e+03   -7.09925e+04   -1.31043e+04


DD  step 136499 load imb.: force 390.8%

Atom distribution over 20 domains: av 171 stddev 251 min 0 max 786
           Step           Time
         136500      273.00000


   Energies (kJ/mol)
           Bond          Angle    Proper Dih. Per. Imp. Dih.          LJ-14
    2.71907e+03    7.18790e+03    8.78601e+03    4.77800e+02    3.19285e+03
     Coulomb-14        LJ (SR)   Coulomb (SR)      Potential
    4.18356e+04   -6.10517e+03   -7.12809e+04   -1.31869e+04


DD  step 136999 load imb.: force 380.0%

Atom distribution over 20 domains: av 171 stddev 252 min 0 max 835
           Step           Time
         137000      274.00000


   Energies (kJ/mol)
           Bond          Angle    Proper Dih. Per. Imp. Dih.          LJ-14
    2.59165e+03    7.47518e+03    8.87213e+03    4.71833e+02    3.19704e+03
     Coulomb-14        LJ (SR)   Coulomb (SR)      Potential
    4.18081e+04   -6.21399e+03   -7.11793e+04   -1.29773e+04


DD  step 137499 load imb.: force 404.7%

Atom distribution over 20 domains: av 171 stddev 247 min 0 max 827
           Step           Time
         137500      275.00000


   Energies (kJ/mol)
           Bond          Angle    Proper Dih. Per. Imp. Dih.          LJ-14
    2.65538e+03    7.08218e+03    8.86278e+03    4.41934e+02    3.19754e+03
     Coulomb-14        LJ (SR)   Coulomb (SR)      Potential
    4.16916e+04   -6.08399e+03   -7.12982e+04   -1.34508e+04


DD  step 137999 load imb.: force 396.7%

Atom distribution over 20 domains: av 171 stddev 244 min 0 max 817
           Step           Time
         138000      276.00000


   Energies (kJ/mol)
           Bond          Angle    Proper Dih. Per. Imp. Dih.          LJ-14
    2.55161e+03    7.13648e+03    8.89158e+03    4.37621e+02    3.24776e+03
     Coulomb-14        LJ (SR)   Coulomb (SR)      Potential
    4.17699e+04   -6.20580e+03   -7.13683e+04   -1.35391e+04


DD  step 138499 load imb.: force 387.7%

Atom distribution over 20 domains: av 171 stddev 244 min 0 max 819
           Step           Time
         138500      277.00000


   Energies (kJ/mol)
           Bond          Angle    Proper Dih. Per. Imp. Dih.          LJ-14
    2.67626e+03    7.09358e+03    8.84434e+03    4.57113e+02    3.26604e+03
     Coulomb-14        LJ (SR)   Coulomb (SR)      Potential
    4.18784e+04   -6.08745e+03   -7.13007e+04   -1.31724e+04


DD  step 138999 load imb.: force 385.8%

Atom distribution over 20 domains: av 171 stddev 244 min 0 max 819
           Step           Time
         139000      278.00000


   Energies (kJ/mol)
           Bond          Angle    Proper Dih. Per. Imp. Dih.          LJ-14
    2.56912e+03    7.22830e+03    8.88768e+03    4.78504e+02    3.14113e+03
     Coulomb-14        LJ (SR)   Coulomb (SR)      Potential
    4.17572e+04   -6.17271e+03   -7.11113e+04   -1.32221e+04


DD  step 139499 load imb.: force 381.0%

Atom distribution over 20 domains: av 171 stddev 247 min 0 max 880
           Step           Time
         139500      279.00000


   Energies (kJ/mol)
           Bond          Angle    Proper Dih. Per. Imp. Dih.          LJ-14
    2.77795e+03    7.40519e+03    8.90640e+03    4.09227e+02    3.15293e+03
     Coulomb-14        LJ (SR)   Coulomb (SR)      Potential
    4.17550e+04   -6.27151e+03   -7.13833e+04   -1.32482e+04


DD  step 139999 load imb.: force 415.6%

Atom distribution over 20 domains: av 171 stddev 246 min 0 max 884
           Step           Time
         140000      280.00000


   Energies (kJ/mol)
           Bond          Angle    Proper Dih. Per. Imp. Dih.          LJ-14
    2.59691e+03    7.27904e+03    8.84518e+03    4.91559e+02    3.13434e+03
     Coulomb-14        LJ (SR)   Coulomb (SR)      Potential
    4.17575e+04   -6.12263e+03   -7.13617e+04   -1.33798e+04


DD  step 140499 load imb.: force 423.0%

Atom distribution over 20 domains: av 171 stddev 245 min 0 max 902
           Step           Time
         140500      281.00000


   Energies (kJ/mol)
           Bond          Angle    Proper Dih. Per. Imp. Dih.          LJ-14
    2.65061e+03    7.11006e+03    8.82724e+03    4.34078e+02    3.17238e+03
     Coulomb-14        LJ (SR)   Coulomb (SR)      Potential
    4.18571e+04   -6.20723e+03   -7.11945e+04   -1.33502e+04


DD  step 140999 load imb.: force 424.9%

Atom distribution over 20 domains: av 171 stddev 246 min 0 max 886
           Step           Time
         141000      282.00000


   Energies (kJ/mol)
           Bond          Angle    Proper Dih. Per. Imp. Dih.          LJ-14
    2.74142e+03    7.09902e+03    8.91210e+03    4.02363e+02    3.22318e+03
     Coulomb-14        LJ (SR)   Coulomb (SR)      Potential
    4.21413e+04   -6.18029e+03   -7.16371e+04   -1.32981e+04


DD  step 141499 load imb.: force 427.8%

Atom distribution over 20 domains: av 171 stddev 246 min 0 max 880
           Step           Time
         141500      283.00000


   Energies (kJ/mol)
           Bond          Angle    Proper Dih. Per. Imp. Dih.          LJ-14
    2.81972e+03    7.12355e+03    8.89876e+03    3.60535e+02    3.11105e+03
     Coulomb-14        LJ (SR)   Coulomb (SR)      Potential
    4.18754e+04   -6.08039e+03   -7.15853e+04   -1.34767e+04


DD  step 141999 load imb.: force 420.6%

Atom distribution over 20 domains: av 171 stddev 246 min 0 max 861
           Step           Time
         142000      284.00000


   Energies (kJ/mol)
           Bond          Angle    Proper Dih. Per. Imp. Dih.          LJ-14
    2.72984e+03    7.31022e+03    8.83070e+03    4.25448e+02    3.15702e+03
     Coulomb-14        LJ (SR)   Coulomb (SR)      Potential
    4.16321e+04   -6.17794e+03   -7.12431e+04   -1.33357e+04


DD  step 142499 load imb.: force 403.7%

Atom distribution over 20 domains: av 171 stddev 241 min 0 max 824
           Step           Time
         142500      285.00000


   Energies (kJ/mol)
           Bond          Angle    Proper Dih. Per. Imp. Dih.          LJ-14
    2.71069e+03    7.22405e+03    8.85273e+03    3.82102e+02    3.07637e+03
     Coulomb-14        LJ (SR)   Coulomb (SR)      Potential
    4.16109e+04   -6.18509e+03   -7.12104e+04   -1.35387e+04


DD  step 142999 load imb.: force 394.7%

Atom distribution over 20 domains: av 171 stddev 237 min 0 max 798
           Step           Time
         143000      286.00000


   Energies (kJ/mol)
           Bond          Angle    Proper Dih. Per. Imp. Dih.          LJ-14
    2.60391e+03    7.00800e+03    8.85084e+03    4.11990e+02    3.15289e+03
     Coulomb-14        LJ (SR)   Coulomb (SR)      Potential
    4.17746e+04   -6.05042e+03   -7.12816e+04   -1.35298e+04


DD  step 143499 load imb.: force 368.6%

Atom distribution over 20 domains: av 171 stddev 237 min 0 max 794
           Step           Time
         143500      287.00000


   Energies (kJ/mol)
           Bond          Angle    Proper Dih. Per. Imp. Dih.          LJ-14
    2.65232e+03    7.19807e+03    8.88236e+03    4.26037e+02    3.20157e+03
     Coulomb-14        LJ (SR)   Coulomb (SR)      Potential
    4.16649e+04   -6.06614e+03   -7.13366e+04   -1.33775e+04


DD  step 143999 load imb.: force 366.8%

Atom distribution over 20 domains: av 171 stddev 234 min 0 max 788
           Step           Time
         144000      288.00000


   Energies (kJ/mol)
           Bond          Angle    Proper Dih. Per. Imp. Dih.          LJ-14
    2.67609e+03    7.31868e+03    8.89192e+03    4.50911e+02    3.17660e+03
     Coulomb-14        LJ (SR)   Coulomb (SR)      Potential
    4.17042e+04   -6.10882e+03   -7.10714e+04   -1.29619e+04


DD  step 144499 load imb.: force 361.5%

Atom distribution over 20 domains: av 171 stddev 236 min 0 max 811
           Step           Time
         144500      289.00000


   Energies (kJ/mol)
           Bond          Angle    Proper Dih. Per. Imp. Dih.          LJ-14
    2.61136e+03    7.36715e+03    8.87786e+03    4.56164e+02    3.21558e+03
     Coulomb-14        LJ (SR)   Coulomb (SR)      Potential
    4.17451e+04   -6.09052e+03   -7.11022e+04   -1.29195e+04


DD  step 144999 load imb.: force 377.2%

Atom distribution over 20 domains: av 171 stddev 234 min 0 max 768
           Step           Time
         145000      290.00000


   Energies (kJ/mol)
           Bond          Angle    Proper Dih. Per. Imp. Dih.          LJ-14
    2.72916e+03    7.34033e+03    9.00920e+03    4.29370e+02    3.19600e+03
     Coulomb-14        LJ (SR)   Coulomb (SR)      Potential
    4.17955e+04   -6.15501e+03   -7.13105e+04   -1.29660e+04


DD  step 145499 load imb.: force 348.3%

Atom distribution over 20 domains: av 171 stddev 237 min 0 max 785
           Step           Time
         145500      291.00000


   Energies (kJ/mol)
           Bond          Angle    Proper Dih. Per. Imp. Dih.          LJ-14
    2.71256e+03    7.37192e+03    8.87832e+03    4.45207e+02    3.09350e+03
     Coulomb-14        LJ (SR)   Coulomb (SR)      Potential
    4.16300e+04   -6.11511e+03   -7.13407e+04   -1.33243e+04


DD  step 145999 load imb.: force 358.7%

Atom distribution over 20 domains: av 171 stddev 235 min 0 max 767
           Step           Time
         146000      292.00000


   Energies (kJ/mol)
           Bond          Angle    Proper Dih. Per. Imp. Dih.          LJ-14
    2.72901e+03    7.25764e+03    8.97571e+03    4.36861e+02    3.22053e+03
     Coulomb-14        LJ (SR)   Coulomb (SR)      Potential
    4.17576e+04   -6.20683e+03   -7.13882e+04   -1.32177e+04


DD  step 146499 load imb.: force 350.4%

Atom distribution over 20 domains: av 171 stddev 236 min 0 max 801
           Step           Time
         146500      293.00000


   Energies (kJ/mol)
           Bond          Angle    Proper Dih. Per. Imp. Dih.          LJ-14
    2.67196e+03    7.39461e+03    8.94833e+03    4.57513e+02    3.15526e+03
     Coulomb-14        LJ (SR)   Coulomb (SR)      Potential
    4.15778e+04   -6.17935e+03   -7.11498e+04   -1.31236e+04


DD  step 146999 load imb.: force 369.7%

Atom distribution over 20 domains: av 171 stddev 235 min 0 max 772
           Step           Time
         147000      294.00000


   Energies (kJ/mol)
           Bond          Angle    Proper Dih. Per. Imp. Dih.          LJ-14
    2.57998e+03    7.46087e+03    8.92421e+03    4.89680e+02    3.08963e+03
     Coulomb-14        LJ (SR)   Coulomb (SR)      Potential
    4.15849e+04   -6.09108e+03   -7.13489e+04   -1.33107e+04


DD  step 147499 load imb.: force 350.4%

Atom distribution over 20 domains: av 171 stddev 236 min 0 max 815
           Step           Time
         147500      295.00000


   Energies (kJ/mol)
           Bond          Angle    Proper Dih. Per. Imp. Dih.          LJ-14
    2.73246e+03    7.24677e+03    8.90000e+03    4.52250e+02    3.15023e+03
     Coulomb-14        LJ (SR)   Coulomb (SR)      Potential
    4.17214e+04   -5.98448e+03   -7.14471e+04   -1.32285e+04


DD  step 147999 load imb.: force 376.4%

Atom distribution over 20 domains: av 171 stddev 236 min 0 max 824
           Step           Time
         148000      296.00000


   Energies (kJ/mol)
           Bond          Angle    Proper Dih. Per. Imp. Dih.          LJ-14
    2.49267e+03    7.39328e+03    8.90831e+03    4.25784e+02    3.23893e+03
     Coulomb-14        LJ (SR)   Coulomb (SR)      Potential
    4.17735e+04   -6.10747e+03   -7.12984e+04   -1.31734e+04


DD  step 148499 load imb.: force 399.2%

Atom distribution over 20 domains: av 171 stddev 234 min 0 max 782
           Step           Time
         148500      297.00000


   Energies (kJ/mol)
           Bond          Angle    Proper Dih. Per. Imp. Dih.          LJ-14
    2.65159e+03    7.30201e+03    8.94229e+03    4.38801e+02    3.18258e+03
     Coulomb-14        LJ (SR)   Coulomb (SR)      Potential
    4.16981e+04   -6.16792e+03   -7.14630e+04   -1.34156e+04


DD  step 148999 load imb.: force 362.0%

Atom distribution over 20 domains: av 171 stddev 234 min 0 max 796
           Step           Time
         149000      298.00000


   Energies (kJ/mol)
           Bond          Angle    Proper Dih. Per. Imp. Dih.          LJ-14
    2.83652e+03    6.96943e+03    8.81472e+03    4.30914e+02    3.14937e+03
     Coulomb-14        LJ (SR)   Coulomb (SR)      Potential
    4.17279e+04   -6.10769e+03   -7.12892e+04   -1.34680e+04


DD  step 149499 load imb.: force 375.2%

Atom distribution over 20 domains: av 171 stddev 234 min 0 max 804
           Step           Time
         149500      299.00000


   Energies (kJ/mol)
           Bond          Angle    Proper Dih. Per. Imp. Dih.          LJ-14
    2.70342e+03    7.53188e+03    8.94017e+03    4.23557e+02    3.08878e+03
     Coulomb-14        LJ (SR)   Coulomb (SR)      Potential
    4.17949e+04   -6.11206e+03   -7.14868e+04   -1.31161e+04


DD  step 149999 load imb.: force 381.0%

Atom distribution over 20 domains: av 171 stddev 234 min 0 max 809
           Step           Time
         150000      300.00000


   Energies (kJ/mol)
           Bond          Angle    Proper Dih. Per. Imp. Dih.          LJ-14
    2.64011e+03    7.43757e+03    8.84713e+03    4.55044e+02    3.20421e+03
     Coulomb-14        LJ (SR)   Coulomb (SR)      Potential
    4.20101e+04   -6.12330e+03   -7.15245e+04   -1.30536e+04


DD  step 150499 load imb.: force 388.4%

Atom distribution over 20 domains: av 171 stddev 231 min 0 max 803
           Step           Time
         150500      301.00000


   Energies (kJ/mol)
           Bond          Angle    Proper Dih. Per. Imp. Dih.          LJ-14
    2.69048e+03    7.29756e+03    8.89926e+03    4.63961e+02    3.21709e+03
     Coulomb-14        LJ (SR)   Coulomb (SR)      Potential
    4.16842e+04   -6.02506e+03   -7.15550e+04   -1.33274e+04


DD  step 150999 load imb.: force 389.3%

Atom distribution over 20 domains: av 171 stddev 232 min 0 max 784
           Step           Time
         151000      302.00000


   Energies (kJ/mol)
           Bond          Angle    Proper Dih. Per. Imp. Dih.          LJ-14
    2.67352e+03    7.45088e+03    8.88083e+03    4.46043e+02    3.16949e+03
     Coulomb-14        LJ (SR)   Coulomb (SR)      Potential
    4.18105e+04   -6.15205e+03   -7.13961e+04   -1.31170e+04


DD  step 151499 load imb.: force 359.6%

Atom distribution over 20 domains: av 171 stddev 234 min 0 max 789
           Step           Time
         151500      303.00000


   Energies (kJ/mol)
           Bond          Angle    Proper Dih. Per. Imp. Dih.          LJ-14
    2.78579e+03    7.12023e+03    8.85357e+03    4.86191e+02    3.14015e+03
     Coulomb-14        LJ (SR)   Coulomb (SR)      Potential
    4.16376e+04   -6.08306e+03   -7.13520e+04   -1.34115e+04


DD  step 151999 load imb.: force 365.8%

Atom distribution over 20 domains: av 171 stddev 232 min 0 max 826
           Step           Time
         152000      304.00000


   Energies (kJ/mol)
           Bond          Angle    Proper Dih. Per. Imp. Dih.          LJ-14
    2.69993e+03    7.28642e+03    8.92088e+03    4.06168e+02    3.15570e+03
     Coulomb-14        LJ (SR)   Coulomb (SR)      Potential
    4.18228e+04   -6.18365e+03   -7.15109e+04   -1.34027e+04


DD  step 152499 load imb.: force 402.2%

Atom distribution over 20 domains: av 171 stddev 231 min 0 max 780
           Step           Time
         152500      305.00000


   Energies (kJ/mol)
           Bond          Angle    Proper Dih. Per. Imp. Dih.          LJ-14
    2.67236e+03    7.15098e+03    8.81569e+03    4.53693e+02    3.22339e+03
     Coulomb-14        LJ (SR)   Coulomb (SR)      Potential
    4.19069e+04   -6.17971e+03   -7.12659e+04   -1.32226e+04


DD  step 152999 load imb.: force 370.7%

Atom distribution over 20 domains: av 171 stddev 230 min 0 max 779
           Step           Time
         153000      306.00000


   Energies (kJ/mol)
           Bond          Angle    Proper Dih. Per. Imp. Dih.          LJ-14
    2.66193e+03    7.29033e+03    8.88680e+03    4.42095e+02    3.14029e+03
     Coulomb-14        LJ (SR)   Coulomb (SR)      Potential
    4.17874e+04   -6.12158e+03   -7.16057e+04   -1.35184e+04


DD  step 153499 load imb.: force 356.1%

Atom distribution over 20 domains: av 171 stddev 229 min 0 max 798
           Step           Time
         153500      307.00000


   Energies (kJ/mol)
           Bond          Angle    Proper Dih. Per. Imp. Dih.          LJ-14
    2.60293e+03    7.32715e+03    8.88676e+03    4.83244e+02    3.17724e+03
     Coulomb-14        LJ (SR)   Coulomb (SR)      Potential
    4.17512e+04   -6.09218e+03   -7.14068e+04   -1.32705e+04


DD  step 153999 load imb.: force 374.9%

Atom distribution over 20 domains: av 171 stddev 229 min 0 max 798
           Step           Time
         154000      308.00000


   Energies (kJ/mol)
           Bond          Angle    Proper Dih. Per. Imp. Dih.          LJ-14
    2.67514e+03    7.32177e+03    8.99166e+03    4.16839e+02    3.11400e+03
     Coulomb-14        LJ (SR)   Coulomb (SR)      Potential
    4.18193e+04   -6.05820e+03   -7.11253e+04   -1.28448e+04


DD  step 154499 load imb.: force 374.1%

Atom distribution over 20 domains: av 171 stddev 228 min 0 max 811
           Step           Time
         154500      309.00000


   Energies (kJ/mol)
           Bond          Angle    Proper Dih. Per. Imp. Dih.          LJ-14
    2.77417e+03    7.10171e+03    8.97595e+03    4.74037e+02    3.22685e+03
     Coulomb-14        LJ (SR)   Coulomb (SR)      Potential
    4.18131e+04   -6.04213e+03   -7.15582e+04   -1.32346e+04


DD  step 154999 load imb.: force 381.3%

Atom distribution over 20 domains: av 171 stddev 228 min 0 max 770
           Step           Time
         155000      310.00000


   Energies (kJ/mol)
           Bond          Angle    Proper Dih. Per. Imp. Dih.          LJ-14
    2.67697e+03    7.07145e+03    9.01110e+03    4.04553e+02    3.20231e+03
     Coulomb-14        LJ (SR)   Coulomb (SR)      Potential
    4.18281e+04   -6.10529e+03   -7.10300e+04   -1.29408e+04


DD  step 155499 load imb.: force 356.0%

Atom distribution over 20 domains: av 171 stddev 226 min 0 max 763
           Step           Time
         155500      311.00000


   Energies (kJ/mol)
           Bond          Angle    Proper Dih. Per. Imp. Dih.          LJ-14
    2.67734e+03    7.34931e+03    8.85896e+03    4.06510e+02    3.17602e+03
     Coulomb-14        LJ (SR)   Coulomb (SR)      Potential
    4.18397e+04   -6.11178e+03   -7.11522e+04   -1.29562e+04


DD  step 155999 load imb.: force 349.4%

Atom distribution over 20 domains: av 171 stddev 228 min 0 max 806
           Step           Time
         156000      312.00000


   Energies (kJ/mol)
           Bond          Angle    Proper Dih. Per. Imp. Dih.          LJ-14
    2.70989e+03    7.25804e+03    8.95315e+03    4.08883e+02    3.13452e+03
     Coulomb-14        LJ (SR)   Coulomb (SR)      Potential
    4.19148e+04   -6.15601e+03   -7.13003e+04   -1.30771e+04


DD  step 156499 load imb.: force 392.6%

Atom distribution over 20 domains: av 171 stddev 229 min 0 max 785
           Step           Time
         156500      313.00000


   Energies (kJ/mol)
           Bond          Angle    Proper Dih. Per. Imp. Dih.          LJ-14
    2.60550e+03    7.38587e+03    8.95710e+03    4.48641e+02    3.11975e+03
     Coulomb-14        LJ (SR)   Coulomb (SR)      Potential
    4.17275e+04   -6.00862e+03   -7.13776e+04   -1.31419e+04


DD  step 156999 load imb.: force 371.3%

Atom distribution over 20 domains: av 171 stddev 225 min 0 max 755
           Step           Time
         157000      314.00000


   Energies (kJ/mol)
           Bond          Angle    Proper Dih. Per. Imp. Dih.          LJ-14
    2.63217e+03    7.25041e+03    8.82928e+03    4.14416e+02    3.15027e+03
     Coulomb-14        LJ (SR)   Coulomb (SR)      Potential
    4.18518e+04   -6.15678e+03   -7.12686e+04   -1.32970e+04


DD  step 157499 load imb.: force 355.8%

Atom distribution over 20 domains: av 171 stddev 227 min 0 max 775
           Step           Time
         157500      315.00000


   Energies (kJ/mol)
           Bond          Angle    Proper Dih. Per. Imp. Dih.          LJ-14
    2.64780e+03    7.30160e+03    8.90953e+03    4.37147e+02    3.18677e+03
     Coulomb-14        LJ (SR)   Coulomb (SR)      Potential
    4.19722e+04   -6.16786e+03   -7.15295e+04   -1.32423e+04


DD  step 157999 load imb.: force 368.7%

Atom distribution over 20 domains: av 171 stddev 227 min 0 max 772
           Step           Time
         158000      316.00000


   Energies (kJ/mol)
           Bond          Angle    Proper Dih. Per. Imp. Dih.          LJ-14
    2.68655e+03    7.12729e+03    8.91828e+03    4.30956e+02    3.21081e+03
     Coulomb-14        LJ (SR)   Coulomb (SR)      Potential
    4.18271e+04   -6.10343e+03   -7.14971e+04   -1.33996e+04


DD  step 158499 load imb.: force 363.2%

Atom distribution over 20 domains: av 171 stddev 228 min 0 max 748
           Step           Time
         158500      317.00000


   Energies (kJ/mol)
           Bond          Angle    Proper Dih. Per. Imp. Dih.          LJ-14
    2.69560e+03    7.00012e+03    8.96371e+03    4.71453e+02    3.15944e+03
     Coulomb-14        LJ (SR)   Coulomb (SR)      Potential
    4.19043e+04   -6.12980e+03   -7.14069e+04   -1.33420e+04


DD  step 158999 load imb.: force 346.8%

Atom distribution over 20 domains: av 171 stddev 234 min 0 max 797
           Step           Time
         159000      318.00000


   Energies (kJ/mol)
           Bond          Angle    Proper Dih. Per. Imp. Dih.          LJ-14
    2.70226e+03    6.92931e+03    9.03221e+03    4.49067e+02    3.22025e+03
     Coulomb-14        LJ (SR)   Coulomb (SR)      Potential
    4.19980e+04   -6.11615e+03   -7.14749e+04   -1.32600e+04


DD  step 159499 load imb.: force 385.4%

Atom distribution over 20 domains: av 171 stddev 231 min 0 max 769
           Step           Time
         159500      319.00000


   Energies (kJ/mol)
           Bond          Angle    Proper Dih. Per. Imp. Dih.          LJ-14
    2.70699e+03    7.06838e+03    8.94981e+03    4.33425e+02    3.20327e+03
     Coulomb-14        LJ (SR)   Coulomb (SR)      Potential
    4.18251e+04   -6.23280e+03   -7.11843e+04   -1.32301e+04


DD  step 159999 load imb.: force 359.4%

Atom distribution over 20 domains: av 171 stddev 231 min 0 max 778
           Step           Time
         160000      320.00000


   Energies (kJ/mol)
           Bond          Angle    Proper Dih. Per. Imp. Dih.          LJ-14
    2.77475e+03    7.13757e+03    8.95078e+03    3.95055e+02    3.09961e+03
     Coulomb-14        LJ (SR)   Coulomb (SR)      Potential
    4.18988e+04   -6.06774e+03   -7.11080e+04   -1.29191e+04


DD  step 160499 load imb.: force 375.1%

Atom distribution over 20 domains: av 171 stddev 226 min 0 max 702
           Step           Time
         160500      321.00000


   Energies (kJ/mol)
           Bond          Angle    Proper Dih. Per. Imp. Dih.          LJ-14
    2.64639e+03    7.11523e+03    8.95845e+03    4.34762e+02    3.23207e+03
     Coulomb-14        LJ (SR)   Coulomb (SR)      Potential
    4.17865e+04   -6.17416e+03   -7.12928e+04   -1.32935e+04


DD  step 160999 load imb.: force 307.8%

Atom distribution over 20 domains: av 171 stddev 224 min 0 max 705
           Step           Time
         161000      322.00000


   Energies (kJ/mol)
           Bond          Angle    Proper Dih. Per. Imp. Dih.          LJ-14
    2.59314e+03    7.27544e+03    8.88285e+03    4.11100e+02    3.14826e+03
     Coulomb-14        LJ (SR)   Coulomb (SR)      Potential
    4.20405e+04   -6.17443e+03   -7.11356e+04   -1.29587e+04


DD  step 161499 load imb.: force 322.9%

Atom distribution over 20 domains: av 171 stddev 225 min 0 max 712
           Step           Time
         161500      323.00000


   Energies (kJ/mol)
           Bond          Angle    Proper Dih. Per. Imp. Dih.          LJ-14
    2.84337e+03    7.07748e+03    8.91040e+03    4.13701e+02    3.11891e+03
     Coulomb-14        LJ (SR)   Coulomb (SR)      Potential
    4.17558e+04   -6.03547e+03   -7.09955e+04   -1.29113e+04


DD  step 161999 load imb.: force 328.7%

Atom distribution over 20 domains: av 171 stddev 227 min 0 max 721
           Step           Time
         162000      324.00000


   Energies (kJ/mol)
           Bond          Angle    Proper Dih. Per. Imp. Dih.          LJ-14
    2.71184e+03    7.67031e+03    8.86004e+03    4.80517e+02    3.18547e+03
     Coulomb-14        LJ (SR)   Coulomb (SR)      Potential
    4.16978e+04   -6.12026e+03   -7.11104e+04   -1.26247e+04


DD  step 162499 load imb.: force 289.2%

Atom distribution over 20 domains: av 171 stddev 228 min 0 max 697
           Step           Time
         162500      325.00000


   Energies (kJ/mol)
           Bond          Angle    Proper Dih. Per. Imp. Dih.          LJ-14
    2.66722e+03    7.41485e+03    8.91781e+03    4.05910e+02    3.15788e+03
     Coulomb-14        LJ (SR)   Coulomb (SR)      Potential
    4.18632e+04   -6.16776e+03   -7.11256e+04   -1.28665e+04


DD  step 162999 load imb.: force 311.8%

Atom distribution over 20 domains: av 171 stddev 226 min 0 max 702
           Step           Time
         163000      326.00000


   Energies (kJ/mol)
           Bond          Angle    Proper Dih. Per. Imp. Dih.          LJ-14
    2.73310e+03    7.27789e+03    8.90666e+03    4.00562e+02    3.15281e+03
     Coulomb-14        LJ (SR)   Coulomb (SR)      Potential
    4.16641e+04   -6.18984e+03   -7.09679e+04   -1.30225e+04


DD  step 163499 load imb.: force 326.9%

Atom distribution over 20 domains: av 171 stddev 229 min 0 max 701
           Step           Time
         163500      327.00000


   Energies (kJ/mol)
           Bond          Angle    Proper Dih. Per. Imp. Dih.          LJ-14
    2.83566e+03    6.94625e+03    8.84370e+03    4.60554e+02    3.17847e+03
     Coulomb-14        LJ (SR)   Coulomb (SR)      Potential
    4.19119e+04   -6.06419e+03   -7.13240e+04   -1.32117e+04


DD  step 163999 load imb.: force 322.2%

Atom distribution over 20 domains: av 171 stddev 230 min 0 max 759
           Step           Time
         164000      328.00000


   Energies (kJ/mol)
           Bond          Angle    Proper Dih. Per. Imp. Dih.          LJ-14
    2.70543e+03    7.09354e+03    8.80041e+03    4.42103e+02    3.09589e+03
     Coulomb-14        LJ (SR)   Coulomb (SR)      Potential
    4.18036e+04   -6.09796e+03   -7.10691e+04   -1.32261e+04


DD  step 164499 load imb.: force 347.2%

Atom distribution over 20 domains: av 171 stddev 226 min 0 max 709
           Step           Time
         164500      329.00000


   Energies (kJ/mol)
           Bond          Angle    Proper Dih. Per. Imp. Dih.          LJ-14
    2.62936e+03    7.35793e+03    8.85146e+03    4.33763e+02    3.15676e+03
     Coulomb-14        LJ (SR)   Coulomb (SR)      Potential
    4.19841e+04   -6.03086e+03   -7.14112e+04   -1.30287e+04


DD  step 164999 load imb.: force 322.6%

Atom distribution over 20 domains: av 171 stddev 230 min 0 max 721
           Step           Time
         165000      330.00000


   Energies (kJ/mol)
           Bond          Angle    Proper Dih. Per. Imp. Dih.          LJ-14
    2.80743e+03    7.14825e+03    8.86435e+03    4.52372e+02    3.10314e+03
     Coulomb-14        LJ (SR)   Coulomb (SR)      Potential
    4.16664e+04   -6.15431e+03   -7.09076e+04   -1.30199e+04


DD  step 165499 load imb.: force 334.4%

Atom distribution over 20 domains: av 171 stddev 232 min 0 max 732
           Step           Time
         165500      331.00000


   Energies (kJ/mol)
           Bond          Angle    Proper Dih. Per. Imp. Dih.          LJ-14
    2.68263e+03    7.20933e+03    8.86289e+03    4.73676e+02    3.18312e+03
     Coulomb-14        LJ (SR)   Coulomb (SR)      Potential
    4.18269e+04   -6.19050e+03   -7.15076e+04   -1.34596e+04


DD  step 165999 load imb.: force 338.3%

Atom distribution over 20 domains: av 171 stddev 232 min 0 max 715
           Step           Time
         166000      332.00000


   Energies (kJ/mol)
           Bond          Angle    Proper Dih. Per. Imp. Dih.          LJ-14
    2.58893e+03    7.27144e+03    8.88112e+03    4.90511e+02    3.24081e+03
     Coulomb-14        LJ (SR)   Coulomb (SR)      Potential
    4.21495e+04   -6.15529e+03   -7.16529e+04   -1.31859e+04


DD  step 166499 load imb.: force 323.9%

Atom distribution over 20 domains: av 171 stddev 231 min 0 max 740
           Step           Time
         166500      333.00000


   Energies (kJ/mol)
           Bond          Angle    Proper Dih. Per. Imp. Dih.          LJ-14
    2.80568e+03    6.96864e+03    8.81460e+03    4.57760e+02    3.20663e+03
     Coulomb-14        LJ (SR)   Coulomb (SR)      Potential
    4.19900e+04   -6.18263e+03   -7.13990e+04   -1.33383e+04


DD  step 166999 load imb.: force 297.8%

Atom distribution over 20 domains: av 171 stddev 227 min 0 max 755
           Step           Time
         167000      334.00000


   Energies (kJ/mol)
           Bond          Angle    Proper Dih. Per. Imp. Dih.          LJ-14
    2.58658e+03    7.03428e+03    8.85523e+03    4.01849e+02    3.16817e+03
     Coulomb-14        LJ (SR)   Coulomb (SR)      Potential
    4.17161e+04   -6.08528e+03   -7.10665e+04   -1.33895e+04


DD  step 167499 load imb.: force 313.7%

Atom distribution over 20 domains: av 171 stddev 229 min 0 max 727
           Step           Time
         167500      335.00000


   Energies (kJ/mol)
           Bond          Angle    Proper Dih. Per. Imp. Dih.          LJ-14
    2.72341e+03    6.93763e+03    8.93336e+03    4.42350e+02    3.13350e+03
     Coulomb-14        LJ (SR)   Coulomb (SR)      Potential
    4.19734e+04   -6.26300e+03   -7.12020e+04   -1.33213e+04


DD  step 167999 load imb.: force 284.8%

Atom distribution over 20 domains: av 171 stddev 232 min 0 max 714
           Step           Time
         168000      336.00000


   Energies (kJ/mol)
           Bond          Angle    Proper Dih. Per. Imp. Dih.          LJ-14
    2.77994e+03    7.16552e+03    8.89847e+03    4.54576e+02    3.07010e+03
     Coulomb-14        LJ (SR)   Coulomb (SR)      Potential
    4.16478e+04   -6.10364e+03   -7.09805e+04   -1.30677e+04


DD  step 168499 load imb.: force 310.8%

Atom distribution over 20 domains: av 171 stddev 234 min 0 max 719
           Step           Time
         168500      337.00000


   Energies (kJ/mol)
           Bond          Angle    Proper Dih. Per. Imp. Dih.          LJ-14
    2.73575e+03    7.17752e+03    9.00782e+03    4.52218e+02    3.20111e+03
     Coulomb-14        LJ (SR)   Coulomb (SR)      Potential
    4.18926e+04   -6.03673e+03   -7.12846e+04   -1.28543e+04


DD  step 168999 load imb.: force 313.0%

Atom distribution over 20 domains: av 171 stddev 228 min 0 max 694
           Step           Time
         169000      338.00000


   Energies (kJ/mol)
           Bond          Angle    Proper Dih. Per. Imp. Dih.          LJ-14
    2.58593e+03    7.16704e+03    8.80780e+03    4.61657e+02    3.22317e+03
     Coulomb-14        LJ (SR)   Coulomb (SR)      Potential
    4.20211e+04   -6.10036e+03   -7.08741e+04   -1.27078e+04


DD  step 169499 load imb.: force 302.9%

Atom distribution over 20 domains: av 171 stddev 227 min 0 max 697
           Step           Time
         169500      339.00000


   Energies (kJ/mol)
           Bond          Angle    Proper Dih. Per. Imp. Dih.          LJ-14
    2.72133e+03    7.19979e+03    8.99946e+03    4.18378e+02    3.20170e+03
     Coulomb-14        LJ (SR)   Coulomb (SR)      Potential
    4.19284e+04   -6.11123e+03   -7.13512e+04   -1.29934e+04


DD  step 169999 load imb.: force 278.3%

Atom distribution over 20 domains: av 171 stddev 227 min 0 max 697
           Step           Time
         170000      340.00000


   Energies (kJ/mol)
           Bond          Angle    Proper Dih. Per. Imp. Dih.          LJ-14
    2.82358e+03    7.27534e+03    8.90500e+03    4.42451e+02    3.15460e+03
     Coulomb-14        LJ (SR)   Coulomb (SR)      Potential
    4.18038e+04   -6.07647e+03   -7.10124e+04   -1.26841e+04


DD  step 170499 load imb.: force 301.4%

Atom distribution over 20 domains: av 171 stddev 228 min 0 max 712
           Step           Time
         170500      341.00000


   Energies (kJ/mol)
           Bond          Angle    Proper Dih. Per. Imp. Dih.          LJ-14
    2.68596e+03    7.03186e+03    8.87456e+03    4.55676e+02    3.15813e+03
     Coulomb-14        LJ (SR)   Coulomb (SR)      Potential
    4.18155e+04   -6.06595e+03   -7.10568e+04   -1.31011e+04


DD  step 170999 load imb.: force 281.9%

Atom distribution over 20 domains: av 171 stddev 225 min 0 max 702
           Step           Time
         171000      342.00000


   Energies (kJ/mol)
           Bond          Angle    Proper Dih. Per. Imp. Dih.          LJ-14
    2.67694e+03    7.19885e+03    8.89651e+03    4.23006e+02    3.19061e+03
     Coulomb-14        LJ (SR)   Coulomb (SR)      Potential
    4.19752e+04   -6.07304e+03   -7.13358e+04   -1.30478e+04


DD  step 171499 load imb.: force 270.7%

Atom distribution over 20 domains: av 171 stddev 226 min 0 max 712
           Step           Time
         171500      343.00000


   Energies (kJ/mol)
           Bond          Angle    Proper Dih. Per. Imp. Dih.          LJ-14
    2.67080e+03    7.17769e+03    8.91188e+03    4.52788e+02    3.20648e+03
     Coulomb-14        LJ (SR)   Coulomb (SR)      Potential
    4.18609e+04   -6.23514e+03   -7.10997e+04   -1.30543e+04


DD  step 171999 load imb.: force 282.9%

Atom distribution over 20 domains: av 171 stddev 228 min 0 max 722
           Step           Time
         172000      344.00000


   Energies (kJ/mol)
           Bond          Angle    Proper Dih. Per. Imp. Dih.          LJ-14
    2.72877e+03    7.21116e+03    8.94216e+03    4.43464e+02    3.10376e+03
     Coulomb-14        LJ (SR)   Coulomb (SR)      Potential
    4.15588e+04   -6.32265e+03   -7.07446e+04   -1.30791e+04


DD  step 172499 load imb.: force 285.1%

Atom distribution over 20 domains: av 171 stddev 226 min 0 max 720
           Step           Time
         172500      345.00000


   Energies (kJ/mol)
           Bond          Angle    Proper Dih. Per. Imp. Dih.          LJ-14
    2.49889e+03    6.95843e+03    8.95882e+03    4.38199e+02    3.14490e+03
     Coulomb-14        LJ (SR)   Coulomb (SR)      Potential
    4.18129e+04   -6.08142e+03   -7.11164e+04   -1.33856e+04


DD  step 172999 load imb.: force 303.2%

Atom distribution over 20 domains: av 171 stddev 223 min 0 max 684
           Step           Time
         173000      346.00000


   Energies (kJ/mol)
           Bond          Angle    Proper Dih. Per. Imp. Dih.          LJ-14
    2.71771e+03    7.25690e+03    8.82355e+03    4.63386e+02    3.16938e+03
     Coulomb-14        LJ (SR)   Coulomb (SR)      Potential
    4.17238e+04   -6.11782e+03   -7.07933e+04   -1.27564e+04


DD  step 173499 load imb.: force 271.8%

Atom distribution over 20 domains: av 171 stddev 225 min 0 max 709
           Step           Time
         173500      347.00000


   Energies (kJ/mol)
           Bond          Angle    Proper Dih. Per. Imp. Dih.          LJ-14
    2.80654e+03    7.19564e+03    8.84557e+03    4.76888e+02    3.23805e+03
     Coulomb-14        LJ (SR)   Coulomb (SR)      Potential
    4.19320e+04   -6.12498e+03   -7.10575e+04   -1.26878e+04


DD  step 173999 load imb.: force 326.8%

Atom distribution over 20 domains: av 171 stddev 228 min 0 max 711
           Step           Time
         174000      348.00000


   Energies (kJ/mol)
           Bond          Angle    Proper Dih. Per. Imp. Dih.          LJ-14
    2.56603e+03    7.23330e+03    8.97179e+03    4.21984e+02    3.16566e+03
     Coulomb-14        LJ (SR)   Coulomb (SR)      Potential
    4.17254e+04   -6.14805e+03   -7.10742e+04   -1.31381e+04


DD  step 174499 load imb.: force 294.0%

Atom distribution over 20 domains: av 171 stddev 229 min 0 max 743
           Step           Time
         174500      349.00000


   Energies (kJ/mol)
           Bond          Angle    Proper Dih. Per. Imp. Dih.          LJ-14
    2.65167e+03    7.17977e+03    8.85921e+03    4.36865e+02    3.22291e+03
     Coulomb-14        LJ (SR)   Coulomb (SR)      Potential
    4.18342e+04   -6.10512e+03   -7.10226e+04   -1.29431e+04


DD  step 174999 load imb.: force 342.6%

Atom distribution over 20 domains: av 171 stddev 226 min 0 max 716
           Step           Time
         175000      350.00000


   Energies (kJ/mol)
           Bond          Angle    Proper Dih. Per. Imp. Dih.          LJ-14
    2.76745e+03    7.21856e+03    8.91137e+03    4.63941e+02    3.13352e+03
     Coulomb-14        LJ (SR)   Coulomb (SR)      Potential
    4.17134e+04   -6.18931e+03   -7.09413e+04   -1.29223e+04


DD  step 175499 load imb.: force 318.1%

Atom distribution over 20 domains: av 171 stddev 229 min 0 max 731
           Step           Time
         175500      351.00000


   Energies (kJ/mol)
           Bond          Angle    Proper Dih. Per. Imp. Dih.          LJ-14
    2.72256e+03    7.23406e+03    8.85312e+03    4.64596e+02    3.22676e+03
     Coulomb-14        LJ (SR)   Coulomb (SR)      Potential
    4.16788e+04   -6.07986e+03   -7.08603e+04   -1.27603e+04


DD  step 175999 load imb.: force 332.5%

Atom distribution over 20 domains: av 171 stddev 229 min 0 max 761
           Step           Time
         176000      352.00000


   Energies (kJ/mol)
           Bond          Angle    Proper Dih. Per. Imp. Dih.          LJ-14
    2.59415e+03    7.26276e+03    8.92796e+03    4.53819e+02    3.16343e+03
     Coulomb-14        LJ (SR)   Coulomb (SR)      Potential
    4.16821e+04   -6.22615e+03   -7.06359e+04   -1.27778e+04


DD  step 176499 load imb.: force 346.1%

Atom distribution over 20 domains: av 171 stddev 226 min 0 max 745
           Step           Time
         176500      353.00000


   Energies (kJ/mol)
           Bond          Angle    Proper Dih. Per. Imp. Dih.          LJ-14
    2.82498e+03    7.36233e+03    8.82571e+03    4.13149e+02    3.23385e+03
     Coulomb-14        LJ (SR)   Coulomb (SR)      Potential
    4.16122e+04   -6.13343e+03   -7.05058e+04   -1.23670e+04


DD  step 176999 load imb.: force 339.4%

Atom distribution over 20 domains: av 171 stddev 226 min 0 max 734
           Step           Time
         177000      354.00000


   Energies (kJ/mol)
           Bond          Angle    Proper Dih. Per. Imp. Dih.          LJ-14
    2.65881e+03    7.14320e+03    8.98400e+03    4.46545e+02    3.19456e+03
     Coulomb-14        LJ (SR)   Coulomb (SR)      Potential
    4.16334e+04   -6.25624e+03   -7.03725e+04   -1.25682e+04


DD  step 177499 load imb.: force 328.5%

Atom distribution over 20 domains: av 171 stddev 228 min 0 max 745
           Step           Time
         177500      355.00000


   Energies (kJ/mol)
           Bond          Angle    Proper Dih. Per. Imp. Dih.          LJ-14
    2.85667e+03    7.11503e+03    8.86244e+03    4.03607e+02    3.19475e+03
     Coulomb-14        LJ (SR)   Coulomb (SR)      Potential
    4.16372e+04   -6.19058e+03   -7.01581e+04   -1.22790e+04


DD  step 177999 load imb.: force 327.6%

Atom distribution over 20 domains: av 171 stddev 229 min 0 max 751
           Step           Time
         178000      356.00000


   Energies (kJ/mol)
           Bond          Angle    Proper Dih. Per. Imp. Dih.          LJ-14
    2.71133e+03    7.52179e+03    8.87461e+03    4.15257e+02    3.11358e+03
     Coulomb-14        LJ (SR)   Coulomb (SR)      Potential
    4.15568e+04   -6.24607e+03   -7.03594e+04   -1.24121e+04


DD  step 178499 load imb.: force 346.1%

Atom distribution over 20 domains: av 171 stddev 225 min 0 max 733
           Step           Time
         178500      357.00000


   Energies (kJ/mol)
           Bond          Angle    Proper Dih. Per. Imp. Dih.          LJ-14
    2.70416e+03    7.38783e+03    8.84590e+03    4.03166e+02    3.15139e+03
     Coulomb-14        LJ (SR)   Coulomb (SR)      Potential
    4.14843e+04   -6.18240e+03   -7.04288e+04   -1.26344e+04


DD  step 178999 load imb.: force 332.7%

Atom distribution over 20 domains: av 171 stddev 224 min 0 max 750
           Step           Time
         179000      358.00000


   Energies (kJ/mol)
           Bond          Angle    Proper Dih. Per. Imp. Dih.          LJ-14
    2.60107e+03    7.17744e+03    8.91509e+03    4.28715e+02    3.10604e+03
     Coulomb-14        LJ (SR)   Coulomb (SR)      Potential
    4.19028e+04   -6.24448e+03   -7.06464e+04   -1.27597e+04


DD  step 179499 load imb.: force 335.6%

Atom distribution over 20 domains: av 171 stddev 220 min 0 max 674
           Step           Time
         179500      359.00000


   Energies (kJ/mol)
           Bond          Angle    Proper Dih. Per. Imp. Dih.          LJ-14
    2.71324e+03    7.10660e+03    8.97270e+03    3.73466e+02    3.14300e+03
     Coulomb-14        LJ (SR)   Coulomb (SR)      Potential
    4.18215e+04   -6.17834e+03   -7.07034e+04   -1.27512e+04


DD  step 179999 load imb.: force 276.3%

Atom distribution over 20 domains: av 171 stddev 222 min 0 max 730
           Step           Time
         180000      360.00000


   Energies (kJ/mol)
           Bond          Angle    Proper Dih. Per. Imp. Dih.          LJ-14
    2.66130e+03    7.09140e+03    8.88219e+03    4.78113e+02    3.18292e+03
     Coulomb-14        LJ (SR)   Coulomb (SR)      Potential
    4.19019e+04   -6.25649e+03   -7.08209e+04   -1.28796e+04


DD  step 180499 load imb.: force 330.7%

Atom distribution over 20 domains: av 171 stddev 219 min 0 max 711
           Step           Time
         180500      361.00000


   Energies (kJ/mol)
           Bond          Angle    Proper Dih. Per. Imp. Dih.          LJ-14
    2.64378e+03    7.30717e+03    8.85685e+03    4.25289e+02    3.24503e+03
     Coulomb-14        LJ (SR)   Coulomb (SR)      Potential
    4.19675e+04   -6.24726e+03   -7.09317e+04   -1.27334e+04


DD  step 180999 load imb.: force 320.4%

Atom distribution over 20 domains: av 171 stddev 218 min 0 max 706
           Step           Time
         181000      362.00000


   Energies (kJ/mol)
           Bond          Angle    Proper Dih. Per. Imp. Dih.          LJ-14
    2.55632e+03    7.10722e+03    8.94790e+03    4.27904e+02    3.15996e+03
     Coulomb-14        LJ (SR)   Coulomb (SR)      Potential
    4.18706e+04   -6.15712e+03   -7.09392e+04   -1.30265e+04


DD  step 181499 load imb.: force 315.1%

Atom distribution over 20 domains: av 171 stddev 220 min 0 max 712
           Step           Time
         181500      363.00000


   Energies (kJ/mol)
           Bond          Angle    Proper Dih. Per. Imp. Dih.          LJ-14
    2.70846e+03    7.29179e+03    8.81254e+03    4.26435e+02    3.15435e+03
     Coulomb-14        LJ (SR)   Coulomb (SR)      Potential
    4.17753e+04   -6.19942e+03   -7.08884e+04   -1.29189e+04


DD  step 181999 load imb.: force 314.5%

Atom distribution over 20 domains: av 171 stddev 219 min 0 max 699
           Step           Time
         182000      364.00000


   Energies (kJ/mol)
           Bond          Angle    Proper Dih. Per. Imp. Dih.          LJ-14
    2.68316e+03    7.19594e+03    8.86298e+03    4.32533e+02    3.12046e+03
     Coulomb-14        LJ (SR)   Coulomb (SR)      Potential
    4.17999e+04   -6.26276e+03   -7.09175e+04   -1.30854e+04


DD  step 182499 load imb.: force 314.5%

Atom distribution over 20 domains: av 171 stddev 219 min 0 max 699
           Step           Time
         182500      365.00000


   Energies (kJ/mol)
           Bond          Angle    Proper Dih. Per. Imp. Dih.          LJ-14
    2.62009e+03    7.11701e+03    8.89683e+03    4.47827e+02    3.24305e+03
     Coulomb-14        LJ (SR)   Coulomb (SR)      Potential
    4.19633e+04   -6.28325e+03   -7.10551e+04   -1.30502e+04


DD  step 182999 load imb.: force 308.7%

Atom distribution over 20 domains: av 171 stddev 218 min 0 max 689
           Step           Time
         183000      366.00000


   Energies (kJ/mol)
           Bond          Angle    Proper Dih. Per. Imp. Dih.          LJ-14
    2.65653e+03    7.19374e+03    8.91565e+03    3.67582e+02    3.17503e+03
     Coulomb-14        LJ (SR)   Coulomb (SR)      Potential
    4.16110e+04   -6.22136e+03   -7.09254e+04   -1.32272e+04


DD  step 183499 load imb.: force 304.5%

Atom distribution over 20 domains: av 171 stddev 217 min 0 max 680
           Step           Time
         183500      367.00000


   Energies (kJ/mol)
           Bond          Angle    Proper Dih. Per. Imp. Dih.          LJ-14
    2.71585e+03    7.24298e+03    8.84567e+03    4.18317e+02    3.16907e+03
     Coulomb-14        LJ (SR)   Coulomb (SR)      Potential
    4.16568e+04   -6.23347e+03   -7.08618e+04   -1.30466e+04


DD  step 183999 load imb.: force 305.4%

Atom distribution over 20 domains: av 171 stddev 215 min 0 max 644
           Step           Time
         184000      368.00000


   Energies (kJ/mol)
           Bond          Angle    Proper Dih. Per. Imp. Dih.          LJ-14
    2.68802e+03    7.19519e+03    8.90446e+03    4.86491e+02    3.23168e+03
     Coulomb-14        LJ (SR)   Coulomb (SR)      Potential
    4.15997e+04   -6.20758e+03   -7.09190e+04   -1.30210e+04


DD  step 184499 load imb.: force 244.0%

Atom distribution over 20 domains: av 171 stddev 216 min 0 max 661
           Step           Time
         184500      369.00000


   Energies (kJ/mol)
           Bond          Angle    Proper Dih. Per. Imp. Dih.          LJ-14
    2.58668e+03    7.23446e+03    8.85896e+03    4.80555e+02    3.12356e+03
     Coulomb-14        LJ (SR)   Coulomb (SR)      Potential
    4.17056e+04   -6.07487e+03   -7.12965e+04   -1.33816e+04


DD  step 184999 load imb.: force 268.0%

Atom distribution over 20 domains: av 171 stddev 215 min 0 max 701
           Step           Time
         185000      370.00000


   Energies (kJ/mol)
           Bond          Angle    Proper Dih. Per. Imp. Dih.          LJ-14
    2.63158e+03    7.21330e+03    8.82835e+03    4.52019e+02    3.17020e+03
     Coulomb-14        LJ (SR)   Coulomb (SR)      Potential
    4.19622e+04   -6.24118e+03   -7.12467e+04   -1.32302e+04


DD  step 185499 load imb.: force 309.0%

Atom distribution over 20 domains: av 171 stddev 216 min 0 max 680
           Step           Time
         185500      371.00000


   Energies (kJ/mol)
           Bond          Angle    Proper Dih. Per. Imp. Dih.          LJ-14
    2.49814e+03    7.48170e+03    8.82784e+03    3.92549e+02    3.15434e+03
     Coulomb-14        LJ (SR)   Coulomb (SR)      Potential
    4.16855e+04   -6.22163e+03   -7.07393e+04   -1.29209e+04


DD  step 185999 load imb.: force 294.5%

Atom distribution over 20 domains: av 171 stddev 218 min 0 max 670
           Step           Time
         186000      372.00000


   Energies (kJ/mol)
           Bond          Angle    Proper Dih. Per. Imp. Dih.          LJ-14
    2.59167e+03    7.19125e+03    8.95323e+03    4.17410e+02    3.17493e+03
     Coulomb-14        LJ (SR)   Coulomb (SR)      Potential
    4.18461e+04   -6.18419e+03   -7.11133e+04   -1.31229e+04


DD  step 186499 load imb.: force 279.0%

Atom distribution over 20 domains: av 171 stddev 217 min 0 max 685
           Step           Time
         186500      373.00000


   Energies (kJ/mol)
           Bond          Angle    Proper Dih. Per. Imp. Dih.          LJ-14
    2.65582e+03    7.15794e+03    8.82527e+03    4.31651e+02    3.14787e+03
     Coulomb-14        LJ (SR)   Coulomb (SR)      Potential
    4.17930e+04   -6.14983e+03   -7.07485e+04   -1.28867e+04


DD  step 186999 load imb.: force 298.3%

Atom distribution over 20 domains: av 171 stddev 218 min 0 max 683
           Step           Time
         187000      374.00000


   Energies (kJ/mol)
           Bond          Angle    Proper Dih. Per. Imp. Dih.          LJ-14
    2.71642e+03    7.20737e+03    8.86094e+03    4.53532e+02    3.22564e+03
     Coulomb-14        LJ (SR)   Coulomb (SR)      Potential
    4.19320e+04   -6.24090e+03   -7.08435e+04   -1.26885e+04


DD  step 187499 load imb.: force 296.1%

Atom distribution over 20 domains: av 171 stddev 217 min 0 max 681
           Step           Time
         187500      375.00000


   Energies (kJ/mol)
           Bond          Angle    Proper Dih. Per. Imp. Dih.          LJ-14
    2.67636e+03    7.33058e+03    8.91632e+03    4.32028e+02    3.08249e+03
     Coulomb-14        LJ (SR)   Coulomb (SR)      Potential
    4.18366e+04   -6.17389e+03   -7.07989e+04   -1.26984e+04


DD  step 187999 load imb.: force 290.8%

Atom distribution over 20 domains: av 171 stddev 216 min 0 max 687
           Step           Time
         188000      376.00000


   Energies (kJ/mol)
           Bond          Angle    Proper Dih. Per. Imp. Dih.          LJ-14
    2.68692e+03    7.30632e+03    8.89834e+03    4.21183e+02    3.14491e+03
     Coulomb-14        LJ (SR)   Coulomb (SR)      Potential
    4.17806e+04   -6.06952e+03   -7.10680e+04   -1.28992e+04


DD  step 188499 load imb.: force 294.2%

Atom distribution over 20 domains: av 171 stddev 216 min 0 max 704
           Step           Time
         188500      377.00000


   Energies (kJ/mol)
           Bond          Angle    Proper Dih. Per. Imp. Dih.          LJ-14
    2.84923e+03    7.30872e+03    8.94098e+03    4.55002e+02    3.17058e+03
     Coulomb-14        LJ (SR)   Coulomb (SR)      Potential
    4.17039e+04   -6.20590e+03   -7.08872e+04   -1.26647e+04


DD  step 188999 load imb.: force 300.3%

Atom distribution over 20 domains: av 171 stddev 218 min 0 max 729
           Step           Time
         189000      378.00000


   Energies (kJ/mol)
           Bond          Angle    Proper Dih. Per. Imp. Dih.          LJ-14
    2.80195e+03    7.21582e+03    8.94095e+03    4.64922e+02    3.15368e+03
     Coulomb-14        LJ (SR)   Coulomb (SR)      Potential
    4.16073e+04   -6.23521e+03   -7.08786e+04   -1.29292e+04


DD  step 189499 load imb.: force 309.6%

Atom distribution over 20 domains: av 171 stddev 216 min 0 max 667
           Step           Time
         189500      379.00000


   Energies (kJ/mol)
           Bond          Angle    Proper Dih. Per. Imp. Dih.          LJ-14
    2.74062e+03    7.12615e+03    8.90212e+03    4.02974e+02    3.18979e+03
     Coulomb-14        LJ (SR)   Coulomb (SR)      Potential
    4.18883e+04   -6.17413e+03   -7.12420e+04   -1.31662e+04


DD  step 189999 load imb.: force 279.1%

Atom distribution over 20 domains: av 171 stddev 215 min 0 max 694
           Step           Time
         190000      380.00000


   Energies (kJ/mol)
           Bond          Angle    Proper Dih. Per. Imp. Dih.          LJ-14
    2.66671e+03    7.21297e+03    8.90787e+03    4.47807e+02    3.11966e+03
     Coulomb-14        LJ (SR)   Coulomb (SR)      Potential
    4.17468e+04   -6.16294e+03   -7.10225e+04   -1.30836e+04


DD  step 190499 load imb.: force 293.4%

Atom distribution over 20 domains: av 171 stddev 219 min 0 max 687
           Step           Time
         190500      381.00000


   Energies (kJ/mol)
           Bond          Angle    Proper Dih. Per. Imp. Dih.          LJ-14
    2.55219e+03    6.97257e+03    8.81435e+03    4.35144e+02    3.21658e+03
     Coulomb-14        LJ (SR)   Coulomb (SR)      Potential
    4.20049e+04   -6.23100e+03   -7.11907e+04   -1.34260e+04


DD  step 190999 load imb.: force 292.6%

Atom distribution over 20 domains: av 171 stddev 218 min 0 max 716
           Step           Time
         191000      382.00000


   Energies (kJ/mol)
           Bond          Angle    Proper Dih. Per. Imp. Dih.          LJ-14
    2.59447e+03    7.45420e+03    8.75723e+03    4.12465e+02    3.17264e+03
     Coulomb-14        LJ (SR)   Coulomb (SR)      Potential
    4.17295e+04   -6.12285e+03   -7.13780e+04   -1.33803e+04


DD  step 191499 load imb.: force 307.4%

Atom distribution over 20 domains: av 171 stddev 220 min 0 max 732
           Step           Time
         191500      383.00000


   Energies (kJ/mol)
           Bond          Angle    Proper Dih. Per. Imp. Dih.          LJ-14
    2.66472e+03    7.14914e+03    8.80825e+03    4.51863e+02    3.21173e+03
     Coulomb-14        LJ (SR)   Coulomb (SR)      Potential
    4.18340e+04   -6.09734e+03   -7.12144e+04   -1.31921e+04


DD  step 191999 load imb.: force 321.5%

Atom distribution over 20 domains: av 171 stddev 224 min 0 max 778
           Step           Time
         192000      384.00000


   Energies (kJ/mol)
           Bond          Angle    Proper Dih. Per. Imp. Dih.          LJ-14
    2.67932e+03    7.30065e+03    8.77292e+03    4.59624e+02    3.05545e+03
     Coulomb-14        LJ (SR)   Coulomb (SR)      Potential
    4.20230e+04   -6.14313e+03   -7.15597e+04   -1.34119e+04


DD  step 192499 load imb.: force 355.3%

Atom distribution over 20 domains: av 171 stddev 227 min 0 max 815
           Step           Time
         192500      385.00000


   Energies (kJ/mol)
           Bond          Angle    Proper Dih. Per. Imp. Dih.          LJ-14
    2.77309e+03    7.38217e+03    8.99435e+03    4.61922e+02    3.12030e+03
     Coulomb-14        LJ (SR)   Coulomb (SR)      Potential
    4.16166e+04   -6.26935e+03   -7.09883e+04   -1.29092e+04


DD  step 192999 load imb.: force 385.5%

Atom distribution over 20 domains: av 171 stddev 229 min 0 max 815
           Step           Time
         193000      386.00000


   Energies (kJ/mol)
           Bond          Angle    Proper Dih. Per. Imp. Dih.          LJ-14
    2.56720e+03    7.28812e+03    8.79657e+03    4.40014e+02    3.24229e+03
     Coulomb-14        LJ (SR)   Coulomb (SR)      Potential
    4.18395e+04   -6.15882e+03   -7.08506e+04   -1.28358e+04


DD  step 193499 load imb.: force 380.3%

Atom distribution over 20 domains: av 171 stddev 226 min 0 max 793
           Step           Time
         193500      387.00000


   Energies (kJ/mol)
           Bond          Angle    Proper Dih. Per. Imp. Dih.          LJ-14
    2.65062e+03    7.08688e+03    8.91321e+03    4.69233e+02    3.16058e+03
     Coulomb-14        LJ (SR)   Coulomb (SR)      Potential
    4.19745e+04   -6.10156e+03   -7.06373e+04   -1.24838e+04


DD  step 193999 load imb.: force 365.6%

Atom distribution over 20 domains: av 171 stddev 224 min 0 max 779
           Step           Time
         194000      388.00000


   Energies (kJ/mol)
           Bond          Angle    Proper Dih. Per. Imp. Dih.          LJ-14
    2.77410e+03    7.42583e+03    8.87338e+03    4.40819e+02    3.15698e+03
     Coulomb-14        LJ (SR)   Coulomb (SR)      Potential
    4.18164e+04   -6.13085e+03   -7.07318e+04   -1.23751e+04


DD  step 194499 load imb.: force 364.6%

Atom distribution over 20 domains: av 171 stddev 224 min 0 max 770
           Step           Time
         194500      389.00000


   Energies (kJ/mol)
           Bond          Angle    Proper Dih. Per. Imp. Dih.          LJ-14
    2.56864e+03    7.14379e+03    8.88599e+03    4.25705e+02    3.18002e+03
     Coulomb-14        LJ (SR)   Coulomb (SR)      Potential
    4.19141e+04   -6.04647e+03   -7.10799e+04   -1.30082e+04


DD  step 194999 load imb.: force 359.3%

Atom distribution over 20 domains: av 171 stddev 227 min 0 max 792
           Step           Time
         195000      390.00000


   Energies (kJ/mol)
           Bond          Angle    Proper Dih. Per. Imp. Dih.          LJ-14
    2.60048e+03    7.32411e+03    8.93604e+03    4.18675e+02    3.18840e+03
     Coulomb-14        LJ (SR)   Coulomb (SR)      Potential
    4.18058e+04   -6.12345e+03   -7.09805e+04   -1.28304e+04


DD  step 195499 load imb.: force 375.8%

Atom distribution over 20 domains: av 171 stddev 226 min 0 max 789
           Step           Time
         195500      391.00000


   Energies (kJ/mol)
           Bond          Angle    Proper Dih. Per. Imp. Dih.          LJ-14
    2.67786e+03    7.17407e+03    8.91582e+03    4.70205e+02    3.10121e+03
     Coulomb-14        LJ (SR)   Coulomb (SR)      Potential
    4.18970e+04   -6.08630e+03   -7.12121e+04   -1.30623e+04


DD  step 195999 load imb.: force 373.6%

Atom distribution over 20 domains: av 171 stddev 229 min 0 max 797
           Step           Time
         196000      392.00000


   Energies (kJ/mol)
           Bond          Angle    Proper Dih. Per. Imp. Dih.          LJ-14
    2.81356e+03    7.24623e+03    8.87161e+03    4.33235e+02    3.15865e+03
     Coulomb-14        LJ (SR)   Coulomb (SR)      Potential
    4.19076e+04   -6.20306e+03   -7.11767e+04   -1.29489e+04


DD  step 196499 load imb.: force 378.6%

Atom distribution over 20 domains: av 171 stddev 226 min 0 max 799
           Step           Time
         196500      393.00000


   Energies (kJ/mol)
           Bond          Angle    Proper Dih. Per. Imp. Dih.          LJ-14
    2.82559e+03    7.23852e+03    8.82136e+03    4.74746e+02    3.23717e+03
     Coulomb-14        LJ (SR)   Coulomb (SR)      Potential
    4.17225e+04   -6.19416e+03   -7.06025e+04   -1.24767e+04


DD  step 196999 load imb.: force 373.5%

Atom distribution over 20 domains: av 171 stddev 224 min 0 max 763
           Step           Time
         197000      394.00000


   Energies (kJ/mol)
           Bond          Angle    Proper Dih. Per. Imp. Dih.          LJ-14
    2.78267e+03    7.28933e+03    8.88843e+03    4.69091e+02    3.13581e+03
     Coulomb-14        LJ (SR)   Coulomb (SR)      Potential
    4.18886e+04   -6.05028e+03   -7.08312e+04   -1.24276e+04


DD  step 197499 load imb.: force 348.9%

Atom distribution over 20 domains: av 171 stddev 226 min 0 max 776
           Step           Time
         197500      395.00000


   Energies (kJ/mol)
           Bond          Angle    Proper Dih. Per. Imp. Dih.          LJ-14
    2.76279e+03    7.32011e+03    8.85684e+03    4.47856e+02    3.06490e+03
     Coulomb-14        LJ (SR)   Coulomb (SR)      Potential
    4.16643e+04   -6.22745e+03   -7.06752e+04   -1.27858e+04


DD  step 197999 load imb.: force 354.0%

Atom distribution over 20 domains: av 171 stddev 225 min 0 max 757
           Step           Time
         198000      396.00000


   Energies (kJ/mol)
           Bond          Angle    Proper Dih. Per. Imp. Dih.          LJ-14
    2.64649e+03    7.22654e+03    8.95601e+03    4.23157e+02    3.26176e+03
     Coulomb-14        LJ (SR)   Coulomb (SR)      Potential
    4.19669e+04   -6.08323e+03   -7.13333e+04   -1.29357e+04


DD  step 198499 load imb.: force 339.6%

Atom distribution over 20 domains: av 171 stddev 228 min 0 max 802
           Step           Time
         198500      397.00000


   Energies (kJ/mol)
           Bond          Angle    Proper Dih. Per. Imp. Dih.          LJ-14
    2.73720e+03    7.10806e+03    8.87818e+03    4.80819e+02    3.17052e+03
     Coulomb-14        LJ (SR)   Coulomb (SR)      Potential
    4.17018e+04   -6.18104e+03   -7.08388e+04   -1.29433e+04


DD  step 198999 load imb.: force 382.6%

Atom distribution over 20 domains: av 171 stddev 226 min 0 max 786
           Step           Time
         199000      398.00000


   Energies (kJ/mol)
           Bond          Angle    Proper Dih. Per. Imp. Dih.          LJ-14
    2.68669e+03    7.00322e+03    8.91901e+03    4.62824e+02    3.12398e+03
     Coulomb-14        LJ (SR)   Coulomb (SR)      Potential
    4.19000e+04   -6.14028e+03   -7.12891e+04   -1.33336e+04


DD  step 199499 load imb.: force 362.9%

Atom distribution over 20 domains: av 171 stddev 225 min 0 max 793
           Step           Time
         199500      399.00000


   Energies (kJ/mol)
           Bond          Angle    Proper Dih. Per. Imp. Dih.          LJ-14
    2.61685e+03    7.07697e+03    8.86523e+03    4.26857e+02    3.21130e+03
     Coulomb-14        LJ (SR)   Coulomb (SR)      Potential
    4.17740e+04   -6.18107e+03   -7.10094e+04   -1.32193e+04


DD  step 199999 load imb.: force 369.7%

Atom distribution over 20 domains: av 171 stddev 228 min 0 max 800
           Step           Time
         200000      400.00000


   Energies (kJ/mol)
           Bond          Angle    Proper Dih. Per. Imp. Dih.          LJ-14
    2.77729e+03    7.05388e+03    8.86474e+03    4.36572e+02    3.18235e+03
     Coulomb-14        LJ (SR)   Coulomb (SR)      Potential
    4.19804e+04   -6.06696e+03   -7.10110e+04   -1.27827e+04


DD  step 200499 load imb.: force 384.3%

Atom distribution over 20 domains: av 171 stddev 229 min 0 max 811
           Step           Time
         200500      401.00000


   Energies (kJ/mol)
           Bond          Angle    Proper Dih. Per. Imp. Dih.          LJ-14
    2.72161e+03    7.14796e+03    8.86170e+03    4.31608e+02    3.16002e+03
     Coulomb-14        LJ (SR)   Coulomb (SR)      Potential
    4.19380e+04   -6.17852e+03   -7.12224e+04   -1.31400e+04


DD  step 200999 load imb.: force 387.0%

Atom distribution over 20 domains: av 171 stddev 227 min 0 max 793
           Step           Time
         201000      402.00000


   Energies (kJ/mol)
           Bond          Angle    Proper Dih. Per. Imp. Dih.          LJ-14
    2.72951e+03    7.23361e+03    8.82076e+03    4.45327e+02    3.13992e+03
     Coulomb-14        LJ (SR)   Coulomb (SR)      Potential
    4.19706e+04   -6.12946e+03   -7.16001e+04   -1.33899e+04


DD  step 201499 load imb.: force 373.1%

Atom distribution over 20 domains: av 171 stddev 226 min 0 max 770
           Step           Time
         201500      403.00000


   Energies (kJ/mol)
           Bond          Angle    Proper Dih. Per. Imp. Dih.          LJ-14
    2.68466e+03    6.92991e+03    8.87902e+03    4.15288e+02    3.08713e+03
     Coulomb-14        LJ (SR)   Coulomb (SR)      Potential
    4.20018e+04   -6.13530e+03   -7.14879e+04   -1.36254e+04


DD  step 201999 load imb.: force 342.9%

Atom distribution over 20 domains: av 171 stddev 228 min 0 max 787
           Step           Time
         202000      404.00000


   Energies (kJ/mol)
           Bond          Angle    Proper Dih. Per. Imp. Dih.          LJ-14
    2.87788e+03    7.12797e+03    8.92066e+03    4.69707e+02    3.12826e+03
     Coulomb-14        LJ (SR)   Coulomb (SR)      Potential
    4.17883e+04   -6.11240e+03   -7.13328e+04   -1.31324e+04


DD  step 202499 load imb.: force 347.1%

Atom distribution over 20 domains: av 171 stddev 227 min 0 max 775
           Step           Time
         202500      405.00000


   Energies (kJ/mol)
           Bond          Angle    Proper Dih. Per. Imp. Dih.          LJ-14
    2.64552e+03    7.18476e+03    8.93644e+03    4.82150e+02    3.19431e+03
     Coulomb-14        LJ (SR)   Coulomb (SR)      Potential
    4.18880e+04   -6.17269e+03   -7.11332e+04   -1.29748e+04


DD  step 202999 load imb.: force 335.8%

Atom distribution over 20 domains: av 171 stddev 224 min 0 max 730
           Step           Time
         203000      406.00000


   Energies (kJ/mol)
           Bond          Angle    Proper Dih. Per. Imp. Dih.          LJ-14
    2.71665e+03    7.02730e+03    8.90752e+03    4.43626e+02    3.11396e+03
     Coulomb-14        LJ (SR)   Coulomb (SR)      Potential
    4.17843e+04   -6.19201e+03   -7.11390e+04   -1.33377e+04


DD  step 203499 load imb.: force 309.9%

Atom distribution over 20 domains: av 171 stddev 225 min 0 max 744
           Step           Time
         203500      407.00000


   Energies (kJ/mol)
           Bond          Angle    Proper Dih. Per. Imp. Dih.          LJ-14
    2.60291e+03    7.26148e+03    8.92167e+03    4.51392e+02    3.14690e+03
     Coulomb-14        LJ (SR)   Coulomb (SR)      Potential
    4.18745e+04   -6.26582e+03   -7.10738e+04   -1.30808e+04


DD  step 203999 load imb.: force 325.2%

Atom distribution over 20 domains: av 171 stddev 226 min 0 max 725
           Step           Time
         204000      408.00000


   Energies (kJ/mol)
           Bond          Angle    Proper Dih. Per. Imp. Dih.          LJ-14
    2.63544e+03    7.24507e+03    8.94630e+03    4.27286e+02    3.21274e+03
     Coulomb-14        LJ (SR)   Coulomb (SR)      Potential
    4.17972e+04   -6.25117e+03   -7.11386e+04   -1.31257e+04


DD  step 204499 load imb.: force 316.4%

Atom distribution over 20 domains: av 171 stddev 226 min 0 max 757
           Step           Time
         204500      409.00000


   Energies (kJ/mol)
           Bond          Angle    Proper Dih. Per. Imp. Dih.          LJ-14
    2.54069e+03    7.05499e+03    8.79595e+03    4.50834e+02    3.23163e+03
     Coulomb-14        LJ (SR)   Coulomb (SR)      Potential
    4.19947e+04   -6.22561e+03   -7.09294e+04   -1.30862e+04


DD  step 204999 load imb.: force 337.1%

Atom distribution over 20 domains: av 171 stddev 226 min 0 max 748
           Step           Time
         205000      410.00000


   Energies (kJ/mol)
           Bond          Angle    Proper Dih. Per. Imp. Dih.          LJ-14
    2.70827e+03    7.16478e+03    8.81138e+03    4.70399e+02    3.19541e+03
     Coulomb-14        LJ (SR)   Coulomb (SR)      Potential
    4.17457e+04   -6.15524e+03   -7.10738e+04   -1.31331e+04


DD  step 205499 load imb.: force 332.8%

Atom distribution over 20 domains: av 171 stddev 230 min 0 max 814
           Step           Time
         205500      411.00000


   Energies (kJ/mol)
           Bond          Angle    Proper Dih. Per. Imp. Dih.          LJ-14
    2.76188e+03    7.41040e+03    8.98172e+03    4.48738e+02    3.16633e+03
     Coulomb-14        LJ (SR)   Coulomb (SR)      Potential
    4.18319e+04   -6.24373e+03   -7.13816e+04   -1.30244e+04


DD  step 205999 load imb.: force 386.3%

Atom distribution over 20 domains: av 171 stddev 229 min 0 max 788
           Step           Time
         206000      412.00000


   Energies (kJ/mol)
           Bond          Angle    Proper Dih. Per. Imp. Dih.          LJ-14
    2.68261e+03    7.35962e+03    8.88066e+03    4.04674e+02    3.10087e+03
     Coulomb-14        LJ (SR)   Coulomb (SR)      Potential
    4.16997e+04   -6.14712e+03   -7.09046e+04   -1.29236e+04


DD  step 206499 load imb.: force 365.4%

Atom distribution over 20 domains: av 171 stddev 232 min 0 max 826
           Step           Time
         206500      413.00000


   Energies (kJ/mol)
           Bond          Angle    Proper Dih. Per. Imp. Dih.          LJ-14
    2.80427e+03    7.25058e+03    8.86896e+03    4.41964e+02    3.11293e+03
     Coulomb-14        LJ (SR)   Coulomb (SR)      Potential
    4.16604e+04   -6.12511e+03   -7.10842e+04   -1.30702e+04


DD  step 206999 load imb.: force 385.0%

Atom distribution over 20 domains: av 171 stddev 232 min 0 max 806
           Step           Time
         207000      414.00000


   Energies (kJ/mol)
           Bond          Angle    Proper Dih. Per. Imp. Dih.          LJ-14
    2.80833e+03    7.32300e+03    8.77850e+03    4.29076e+02    3.12398e+03
     Coulomb-14        LJ (SR)   Coulomb (SR)      Potential
    4.17391e+04   -6.08150e+03   -7.12120e+04   -1.30915e+04


DD  step 207499 load imb.: force 367.7%

Atom distribution over 20 domains: av 171 stddev 234 min 0 max 827
           Step           Time
         207500      415.00000


   Energies (kJ/mol)
           Bond          Angle    Proper Dih. Per. Imp. Dih.          LJ-14
    2.80990e+03    7.45003e+03    8.87962e+03    4.42619e+02    3.12593e+03
     Coulomb-14        LJ (SR)   Coulomb (SR)      Potential
    4.17962e+04   -6.13852e+03   -7.14951e+04   -1.31293e+04


DD  step 207999 load imb.: force 390.0%

Atom distribution over 20 domains: av 171 stddev 235 min 0 max 836
           Step           Time
         208000      416.00000


   Energies (kJ/mol)
           Bond          Angle    Proper Dih. Per. Imp. Dih.          LJ-14
    2.66731e+03    7.28665e+03    8.78675e+03    3.48151e+02    3.12116e+03
     Coulomb-14        LJ (SR)   Coulomb (SR)      Potential
    4.20409e+04   -6.07466e+03   -7.12232e+04   -1.30469e+04


DD  step 208499 load imb.: force 388.6%

Atom distribution over 20 domains: av 171 stddev 235 min 0 max 834
           Step           Time
         208500      417.00000


   Energies (kJ/mol)
           Bond          Angle    Proper Dih. Per. Imp. Dih.          LJ-14
    2.66684e+03    7.27309e+03    8.92041e+03    4.17555e+02    3.14541e+03
     Coulomb-14        LJ (SR)   Coulomb (SR)      Potential
    4.17019e+04   -6.13692e+03   -7.09398e+04   -1.29515e+04


DD  step 208999 load imb.: force 405.8%

Atom distribution over 20 domains: av 171 stddev 233 min 0 max 836
           Step           Time
         209000      418.00000


   Energies (kJ/mol)
           Bond          Angle    Proper Dih. Per. Imp. Dih.          LJ-14
    2.65648e+03    7.24557e+03    8.95021e+03    4.23351e+02    3.17178e+03
     Coulomb-14        LJ (SR)   Coulomb (SR)      Potential
    4.18781e+04   -6.11595e+03   -7.12951e+04   -1.30855e+04


DD  step 209499 load imb.: force 398.2%

Atom distribution over 20 domains: av 171 stddev 233 min 0 max 826
           Step           Time
         209500      419.00000


   Energies (kJ/mol)
           Bond          Angle    Proper Dih. Per. Imp. Dih.          LJ-14
    2.61346e+03    7.26794e+03    8.86861e+03    4.55853e+02    3.16109e+03
     Coulomb-14        LJ (SR)   Coulomb (SR)      Potential
    4.16775e+04   -6.17967e+03   -7.09671e+04   -1.31024e+04


DD  step 209999 load imb.: force 388.5%

Atom distribution over 20 domains: av 171 stddev 230 min 0 max 785
           Step           Time
         210000      420.00000


   Energies (kJ/mol)
           Bond          Angle    Proper Dih. Per. Imp. Dih.          LJ-14
    2.63830e+03    7.27556e+03    8.93536e+03    4.83181e+02    3.29605e+03
     Coulomb-14        LJ (SR)   Coulomb (SR)      Potential
    4.18131e+04   -6.14782e+03   -7.10793e+04   -1.27856e+04


DD  step 210499 load imb.: force 355.9%

Atom distribution over 20 domains: av 171 stddev 231 min 0 max 802
           Step           Time
         210500      421.00000


   Energies (kJ/mol)
           Bond          Angle    Proper Dih. Per. Imp. Dih.          LJ-14
    2.64156e+03    7.19418e+03    8.84176e+03    4.04481e+02    3.13491e+03
     Coulomb-14        LJ (SR)   Coulomb (SR)      Potential
    4.18088e+04   -6.13917e+03   -7.10915e+04   -1.32050e+04


DD  step 210999 load imb.: force 364.5%

Atom distribution over 20 domains: av 171 stddev 232 min 0 max 810
           Step           Time
         211000      422.00000


   Energies (kJ/mol)
           Bond          Angle    Proper Dih. Per. Imp. Dih.          LJ-14
    2.65326e+03    7.04955e+03    8.97715e+03    4.20103e+02    3.21087e+03
     Coulomb-14        LJ (SR)   Coulomb (SR)      Potential
    4.17735e+04   -6.01367e+03   -7.10749e+04   -1.30042e+04


DD  step 211499 load imb.: force 362.4%

Atom distribution over 20 domains: av 171 stddev 233 min 0 max 819
           Step           Time
         211500      423.00000


   Energies (kJ/mol)
           Bond          Angle    Proper Dih. Per. Imp. Dih.          LJ-14
    2.63947e+03    7.36234e+03    8.89936e+03    3.97147e+02    3.20335e+03
     Coulomb-14        LJ (SR)   Coulomb (SR)      Potential
    4.18571e+04   -6.12299e+03   -7.14706e+04   -1.32349e+04


DD  step 211999 load imb.: force 378.0%

Atom distribution over 20 domains: av 171 stddev 229 min 0 max 795
           Step           Time
         212000      424.00000


   Energies (kJ/mol)
           Bond          Angle    Proper Dih. Per. Imp. Dih.          LJ-14
    2.64650e+03    7.05509e+03    8.94508e+03    4.36240e+02    3.10717e+03
     Coulomb-14        LJ (SR)   Coulomb (SR)      Potential
    4.18633e+04   -6.16646e+03   -7.11471e+04   -1.32602e+04


DD  step 212499 load imb.: force 367.9%

Atom distribution over 20 domains: av 171 stddev 227 min 0 max 757
           Step           Time
         212500      425.00000


   Energies (kJ/mol)
           Bond          Angle    Proper Dih. Per. Imp. Dih.          LJ-14
    2.76062e+03    7.10502e+03    8.85560e+03    4.39247e+02    3.15025e+03
     Coulomb-14        LJ (SR)   Coulomb (SR)      Potential
    4.17889e+04   -6.10210e+03   -7.13038e+04   -1.33063e+04


DD  step 212999 load imb.: force 344.5%

Atom distribution over 20 domains: av 171 stddev 227 min 0 max 798
           Step           Time
         213000      426.00000


   Energies (kJ/mol)
           Bond          Angle    Proper Dih. Per. Imp. Dih.          LJ-14
    2.61805e+03    7.52985e+03    8.95494e+03    4.44455e+02    3.08694e+03
     Coulomb-14        LJ (SR)   Coulomb (SR)      Potential
    4.15479e+04   -6.12633e+03   -7.10378e+04   -1.29820e+04


DD  step 213499 load imb.: force 368.1%

Atom distribution over 20 domains: av 171 stddev 224 min 0 max 761
           Step           Time
         213500      427.00000


   Energies (kJ/mol)
           Bond          Angle    Proper Dih. Per. Imp. Dih.          LJ-14
    2.64392e+03    7.40744e+03    8.87063e+03    4.18193e+02    3.12664e+03
     Coulomb-14        LJ (SR)   Coulomb (SR)      Potential
    4.16966e+04   -6.23497e+03   -7.10998e+04   -1.31713e+04


DD  step 213999 load imb.: force 337.0%

Atom distribution over 20 domains: av 171 stddev 232 min 0 max 843
           Step           Time
         214000      428.00000


   Energies (kJ/mol)
           Bond          Angle    Proper Dih. Per. Imp. Dih.          LJ-14
    2.54032e+03    7.08358e+03    8.90826e+03    4.32001e+02    3.18750e+03
     Coulomb-14        LJ (SR)   Coulomb (SR)      Potential
    4.19649e+04   -6.16679e+03   -7.15316e+04   -1.35818e+04


DD  step 214499 load imb.: force 409.1%

Atom distribution over 20 domains: av 171 stddev 232 min 0 max 833
           Step           Time
         214500      429.00000


   Energies (kJ/mol)
           Bond          Angle    Proper Dih. Per. Imp. Dih.          LJ-14
    2.76041e+03    7.11262e+03    8.83828e+03    4.27691e+02    3.11439e+03
     Coulomb-14        LJ (SR)   Coulomb (SR)      Potential
    4.17202e+04   -6.24507e+03   -7.10803e+04   -1.33517e+04


DD  step 214999 load imb.: force 403.4%

Atom distribution over 20 domains: av 171 stddev 233 min 0 max 826
           Step           Time
         215000      430.00000


   Energies (kJ/mol)
           Bond          Angle    Proper Dih. Per. Imp. Dih.          LJ-14
    2.59676e+03    6.99478e+03    8.82550e+03    3.72510e+02    3.15815e+03
     Coulomb-14        LJ (SR)   Coulomb (SR)      Potential
    4.18121e+04   -6.06560e+03   -7.11425e+04   -1.34483e+04


DD  step 215499 load imb.: force 416.6%

Atom distribution over 20 domains: av 171 stddev 236 min 0 max 860
           Step           Time
         215500      431.00000


   Energies (kJ/mol)
           Bond          Angle    Proper Dih. Per. Imp. Dih.          LJ-14
    2.73779e+03    7.00465e+03    8.91062e+03    4.11060e+02    3.18450e+03
     Coulomb-14        LJ (SR)   Coulomb (SR)      Potential
    4.18222e+04   -6.21183e+03   -7.10656e+04   -1.32066e+04


DD  step 215999 load imb.: force 417.7%

Atom distribution over 20 domains: av 171 stddev 230 min 0 max 803
           Step           Time
         216000      432.00000


   Energies (kJ/mol)
           Bond          Angle    Proper Dih. Per. Imp. Dih.          LJ-14
    2.47438e+03    7.13786e+03    8.91286e+03    4.45314e+02    3.19185e+03
     Coulomb-14        LJ (SR)   Coulomb (SR)      Potential
    4.19115e+04   -6.14413e+03   -7.12898e+04   -1.33602e+04


DD  step 216499 load imb.: force 392.9%

Atom distribution over 20 domains: av 171 stddev 229 min 0 max 802
           Step           Time
         216500      433.00000


   Energies (kJ/mol)
           Bond          Angle    Proper Dih. Per. Imp. Dih.          LJ-14
    2.62188e+03    7.19045e+03    8.96860e+03    4.38090e+02    3.15497e+03
     Coulomb-14        LJ (SR)   Coulomb (SR)      Potential
    4.17691e+04   -6.10450e+03   -7.13480e+04   -1.33094e+04


DD  step 216999 load imb.: force 386.7%

Atom distribution over 20 domains: av 171 stddev 229 min 0 max 810
           Step           Time
         217000      434.00000


   Energies (kJ/mol)
           Bond          Angle    Proper Dih. Per. Imp. Dih.          LJ-14
    2.54094e+03    7.14412e+03    8.96488e+03    4.81402e+02    3.17349e+03
     Coulomb-14        LJ (SR)   Coulomb (SR)      Potential
    4.17862e+04   -6.08867e+03   -7.11373e+04   -1.31350e+04


DD  step 217499 load imb.: force 388.8%

Atom distribution over 20 domains: av 171 stddev 228 min 0 max 783
           Step           Time
         217500      435.00000


   Energies (kJ/mol)
           Bond          Angle    Proper Dih. Per. Imp. Dih.          LJ-14
    2.58105e+03    7.14460e+03    8.94039e+03    4.26124e+02    3.11233e+03
     Coulomb-14        LJ (SR)   Coulomb (SR)      Potential
    4.17717e+04   -6.05750e+03   -7.09946e+04   -1.30759e+04


DD  step 217999 load imb.: force 365.8%

Atom distribution over 20 domains: av 171 stddev 227 min 0 max 790
           Step           Time
         218000      436.00000


   Energies (kJ/mol)
           Bond          Angle    Proper Dih. Per. Imp. Dih.          LJ-14
    2.58407e+03    6.96666e+03    8.84895e+03    4.79375e+02    3.21744e+03
     Coulomb-14        LJ (SR)   Coulomb (SR)      Potential
    4.19845e+04   -6.09204e+03   -7.09136e+04   -1.29246e+04


DD  step 218499 load imb.: force 373.1%

Atom distribution over 20 domains: av 171 stddev 227 min 0 max 788
           Step           Time
         218500      437.00000


   Energies (kJ/mol)
           Bond          Angle    Proper Dih. Per. Imp. Dih.          LJ-14
    2.68731e+03    7.12517e+03    9.02146e+03    4.07203e+02    3.24803e+03
     Coulomb-14        LJ (SR)   Coulomb (SR)      Potential
    4.18666e+04   -6.11519e+03   -7.08252e+04   -1.25846e+04


DD  step 218999 load imb.: force 376.6%

Atom distribution over 20 domains: av 171 stddev 227 min 0 max 789
           Step           Time
         219000      438.00000


   Energies (kJ/mol)
           Bond          Angle    Proper Dih. Per. Imp. Dih.          LJ-14
    2.73716e+03    6.94810e+03    8.92937e+03    4.65194e+02    3.16489e+03
     Coulomb-14        LJ (SR)   Coulomb (SR)      Potential
    4.16282e+04   -6.14333e+03   -7.08861e+04   -1.31565e+04


DD  step 219499 load imb.: force 377.1%

Atom distribution over 20 domains: av 171 stddev 227 min 0 max 783
           Step           Time
         219500      439.00000


   Energies (kJ/mol)
           Bond          Angle    Proper Dih. Per. Imp. Dih.          LJ-14
    2.75851e+03    6.91919e+03    9.06061e+03    4.33212e+02    3.10504e+03
     Coulomb-14        LJ (SR)   Coulomb (SR)      Potential
    4.18022e+04   -6.14880e+03   -7.09963e+04   -1.30663e+04


DD  step 219999 load imb.: force 377.0%

Atom distribution over 20 domains: av 171 stddev 228 min 0 max 802
           Step           Time
         220000      440.00000


   Energies (kJ/mol)
           Bond          Angle    Proper Dih. Per. Imp. Dih.          LJ-14
    2.80016e+03    7.30588e+03    8.87798e+03    4.67549e+02    3.06310e+03
     Coulomb-14        LJ (SR)   Coulomb (SR)      Potential
    4.16822e+04   -6.15952e+03   -7.09607e+04   -1.29233e+04


DD  step 220499 load imb.: force 392.0%

Atom distribution over 20 domains: av 171 stddev 226 min 0 max 784
           Step           Time
         220500      441.00000


   Energies (kJ/mol)
           Bond          Angle    Proper Dih. Per. Imp. Dih.          LJ-14
    2.58042e+03    7.17843e+03    8.79067e+03    4.64293e+02    3.13917e+03
     Coulomb-14        LJ (SR)   Coulomb (SR)      Potential
    4.17008e+04   -6.13637e+03   -7.06482e+04   -1.29307e+04


DD  step 220999 load imb.: force 368.8%

Atom distribution over 20 domains: av 171 stddev 226 min 0 max 792
           Step           Time
         221000      442.00000


   Energies (kJ/mol)
           Bond          Angle    Proper Dih. Per. Imp. Dih.          LJ-14
    2.58052e+03    6.82755e+03    8.90868e+03    4.64072e+02    3.16565e+03
     Coulomb-14        LJ (SR)   Coulomb (SR)      Potential
    4.19834e+04   -6.23622e+03   -7.12278e+04   -1.35342e+04


DD  step 221499 load imb.: force 368.2%

Atom distribution over 20 domains: av 171 stddev 217 min 0 max 704
           Step           Time
         221500      443.00000


   Energies (kJ/mol)
           Bond          Angle    Proper Dih. Per. Imp. Dih.          LJ-14
    2.57182e+03    7.28102e+03    8.91102e+03    3.99000e+02    3.23299e+03
     Coulomb-14        LJ (SR)   Coulomb (SR)      Potential
    4.20114e+04   -6.20824e+03   -7.13162e+04   -1.31172e+04


DD  step 221999 load imb.: force 315.0%

Atom distribution over 20 domains: av 171 stddev 221 min 0 max 731
           Step           Time
         222000      444.00000


   Energies (kJ/mol)
           Bond          Angle    Proper Dih. Per. Imp. Dih.          LJ-14
    2.61512e+03    7.08391e+03    8.94938e+03    4.40411e+02    3.23058e+03
     Coulomb-14        LJ (SR)   Coulomb (SR)      Potential
    4.18046e+04   -6.13071e+03   -7.11716e+04   -1.31783e+04


DD  step 222499 load imb.: force 336.6%

Atom distribution over 20 domains: av 171 stddev 229 min 0 max 818
           Step           Time
         222500      445.00000


   Energies (kJ/mol)
           Bond          Angle    Proper Dih. Per. Imp. Dih.          LJ-14
    2.75131e+03    6.99475e+03    8.88617e+03    4.19596e+02    3.14679e+03
     Coulomb-14        LJ (SR)   Coulomb (SR)      Potential
    4.18435e+04   -6.09579e+03   -7.14024e+04   -1.34561e+04


DD  step 222999 load imb.: force 386.8%

Atom distribution over 20 domains: av 171 stddev 225 min 0 max 781
           Step           Time
         223000      446.00000


   Energies (kJ/mol)
           Bond          Angle    Proper Dih. Per. Imp. Dih.          LJ-14
    2.67783e+03    7.35245e+03    8.84830e+03    4.32788e+02    3.12497e+03
     Coulomb-14        LJ (SR)   Coulomb (SR)      Potential
    4.18583e+04   -6.07591e+03   -7.11239e+04   -1.29052e+04


DD  step 223499 load imb.: force 366.0%

Atom distribution over 20 domains: av 171 stddev 225 min 0 max 780
           Step           Time
         223500      447.00000


   Energies (kJ/mol)
           Bond          Angle    Proper Dih. Per. Imp. Dih.          LJ-14
    2.71213e+03    7.37741e+03    8.87329e+03    4.36303e+02    3.10383e+03
     Coulomb-14        LJ (SR)   Coulomb (SR)      Potential
    4.17328e+04   -6.26334e+03   -7.10513e+04   -1.30788e+04


DD  step 223999 load imb.: force 364.9%

Atom distribution over 20 domains: av 171 stddev 221 min 0 max 722
           Step           Time
         224000      448.00000


   Energies (kJ/mol)
           Bond          Angle    Proper Dih. Per. Imp. Dih.          LJ-14
    2.70404e+03    7.03690e+03    8.87949e+03    4.70286e+02    3.13878e+03
     Coulomb-14        LJ (SR)   Coulomb (SR)      Potential
    4.20981e+04   -6.15953e+03   -7.12871e+04   -1.31189e+04


DD  step 224499 load imb.: force 319.8%

Atom distribution over 20 domains: av 171 stddev 220 min 0 max 742
           Step           Time
         224500      449.00000


   Energies (kJ/mol)
           Bond          Angle    Proper Dih. Per. Imp. Dih.          LJ-14
    2.61194e+03    7.24422e+03    8.83076e+03    3.95742e+02    3.15601e+03
     Coulomb-14        LJ (SR)   Coulomb (SR)      Potential
    4.18371e+04   -6.07483e+03   -7.10458e+04   -1.30449e+04


DD  step 224999 load imb.: force 332.5%

Atom distribution over 20 domains: av 171 stddev 220 min 0 max 728
           Step           Time
         225000      450.00000


   Energies (kJ/mol)
           Bond          Angle    Proper Dih. Per. Imp. Dih.          LJ-14
    2.72291e+03    7.09805e+03    8.93803e+03    4.47122e+02    3.12354e+03
     Coulomb-14        LJ (SR)   Coulomb (SR)      Potential
    4.16479e+04   -6.10040e+03   -7.07457e+04   -1.28685e+04


DD  step 225499 load imb.: force 318.8%

Atom distribution over 20 domains: av 171 stddev 219 min 0 max 734
           Step           Time
         225500      451.00000


   Energies (kJ/mol)
           Bond          Angle    Proper Dih. Per. Imp. Dih.          LJ-14
    2.55300e+03    7.32973e+03    8.84234e+03    4.37277e+02    3.20803e+03
     Coulomb-14        LJ (SR)   Coulomb (SR)      Potential
    4.17688e+04   -6.08882e+03   -7.07980e+04   -1.27476e+04


DD  step 225999 load imb.: force 330.7%

Atom distribution over 20 domains: av 171 stddev 221 min 0 max 741
           Step           Time
         226000      452.00000


   Energies (kJ/mol)
           Bond          Angle    Proper Dih. Per. Imp. Dih.          LJ-14
    2.69171e+03    7.18912e+03    8.92578e+03    4.38276e+02    3.22386e+03
     Coulomb-14        LJ (SR)   Coulomb (SR)      Potential
    4.15915e+04   -6.07863e+03   -7.07721e+04   -1.27904e+04


DD  step 226499 load imb.: force 333.6%

Atom distribution over 20 domains: av 171 stddev 218 min 0 max 716
           Step           Time
         226500      453.00000


   Energies (kJ/mol)
           Bond          Angle    Proper Dih. Per. Imp. Dih.          LJ-14
    2.60514e+03    7.02848e+03    8.91042e+03    4.22334e+02    3.19121e+03
     Coulomb-14        LJ (SR)   Coulomb (SR)      Potential
    4.19878e+04   -6.11412e+03   -7.08910e+04   -1.28597e+04


DD  step 226999 load imb.: force 313.0%

Atom distribution over 20 domains: av 171 stddev 221 min 0 max 757
           Step           Time
         227000      454.00000


   Energies (kJ/mol)
           Bond          Angle    Proper Dih. Per. Imp. Dih.          LJ-14
    2.69238e+03    7.41342e+03    8.89326e+03    4.61541e+02    3.18432e+03
     Coulomb-14        LJ (SR)   Coulomb (SR)      Potential
    4.16937e+04   -6.09518e+03   -7.06146e+04   -1.23712e+04


DD  step 227499 load imb.: force 349.8%

Atom distribution over 20 domains: av 171 stddev 221 min 0 max 742
           Step           Time
         227500      455.00000


   Energies (kJ/mol)
           Bond          Angle    Proper Dih. Per. Imp. Dih.          LJ-14
    2.62806e+03    7.18427e+03    8.83494e+03    4.16087e+02    3.12189e+03
     Coulomb-14        LJ (SR)   Coulomb (SR)      Potential
    4.18784e+04   -6.06522e+03   -7.08023e+04   -1.28038e+04


DD  step 227999 load imb.: force 340.5%

Atom distribution over 20 domains: av 171 stddev 218 min 0 max 676
           Step           Time
         228000      456.00000


   Energies (kJ/mol)
           Bond          Angle    Proper Dih. Per. Imp. Dih.          LJ-14
    2.69905e+03    7.32680e+03    8.85390e+03    4.64651e+02    3.20525e+03
     Coulomb-14        LJ (SR)   Coulomb (SR)      Potential
    4.21397e+04   -6.20043e+03   -7.09646e+04   -1.24757e+04


DD  step 228499 load imb.: force 287.3%

Atom distribution over 20 domains: av 171 stddev 215 min 0 max 656
           Step           Time
         228500      457.00000


   Energies (kJ/mol)
           Bond          Angle    Proper Dih. Per. Imp. Dih.          LJ-14
    2.64038e+03    7.12383e+03    8.96059e+03    4.14944e+02    3.17955e+03
     Coulomb-14        LJ (SR)   Coulomb (SR)      Potential
    4.19185e+04   -6.22352e+03   -7.08382e+04   -1.28239e+04


DD  step 228999 load imb.: force 276.7%

Atom distribution over 20 domains: av 171 stddev 218 min 0 max 685
           Step           Time
         229000      458.00000


   Energies (kJ/mol)
           Bond          Angle    Proper Dih. Per. Imp. Dih.          LJ-14
    2.66522e+03    7.07511e+03    8.88702e+03    4.09698e+02    3.18953e+03
     Coulomb-14        LJ (SR)   Coulomb (SR)      Potential
    4.19673e+04   -6.17401e+03   -7.07487e+04   -1.27288e+04


DD  step 229499 load imb.: force 286.0%

Atom distribution over 20 domains: av 171 stddev 223 min 0 max 762
           Step           Time
         229500      459.00000


   Energies (kJ/mol)
           Bond          Angle    Proper Dih. Per. Imp. Dih.          LJ-14
    2.84418e+03    7.16719e+03    8.95993e+03    4.23175e+02    3.08583e+03
     Coulomb-14        LJ (SR)   Coulomb (SR)      Potential
    4.19551e+04   -6.22125e+03   -7.08581e+04   -1.26440e+04


DD  step 229999 load imb.: force 346.6%

Atom distribution over 20 domains: av 171 stddev 222 min 0 max 746
           Step           Time
         230000      460.00000


   Energies (kJ/mol)
           Bond          Angle    Proper Dih. Per. Imp. Dih.          LJ-14
    2.64819e+03    7.20622e+03    8.89580e+03    4.40740e+02    3.16219e+03
     Coulomb-14        LJ (SR)   Coulomb (SR)      Potential
    4.18102e+04   -6.13788e+03   -7.07640e+04   -1.27385e+04


DD  step 230499 load imb.: force 343.1%

Atom distribution over 20 domains: av 171 stddev 223 min 0 max 758
           Step           Time
         230500      461.00000


   Energies (kJ/mol)
           Bond          Angle    Proper Dih. Per. Imp. Dih.          LJ-14
    2.70148e+03    7.20888e+03    8.83650e+03    4.20755e+02    3.21062e+03
     Coulomb-14        LJ (SR)   Coulomb (SR)      Potential
    4.19215e+04   -6.12783e+03   -7.06015e+04   -1.24296e+04


DD  step 230999 load imb.: force 356.5%

Atom distribution over 20 domains: av 171 stddev 222 min 0 max 746
           Step           Time
         231000      462.00000


   Energies (kJ/mol)
           Bond          Angle    Proper Dih. Per. Imp. Dih.          LJ-14
    2.73467e+03    7.22553e+03    8.83247e+03    4.68083e+02    3.21805e+03
     Coulomb-14        LJ (SR)   Coulomb (SR)      Potential
    4.16949e+04   -6.07015e+03   -7.06703e+04   -1.25668e+04


DD  step 231499 load imb.: force 340.8%

Atom distribution over 20 domains: av 171 stddev 219 min 0 max 704
           Step           Time
         231500      463.00000


   Energies (kJ/mol)
           Bond          Angle    Proper Dih. Per. Imp. Dih.          LJ-14
    2.66409e+03    7.42035e+03    8.83327e+03    4.35572e+02    3.17578e+03
     Coulomb-14        LJ (SR)   Coulomb (SR)      Potential
    4.16795e+04   -6.12735e+03   -7.08399e+04   -1.27587e+04


DD  step 231999 load imb.: force 305.9%

Atom distribution over 20 domains: av 171 stddev 223 min 0 max 758
           Step           Time
         232000      464.00000


   Energies (kJ/mol)
           Bond          Angle    Proper Dih. Per. Imp. Dih.          LJ-14
    2.63876e+03    7.29806e+03    8.86065e+03    3.91287e+02    3.10204e+03
     Coulomb-14        LJ (SR)   Coulomb (SR)      Potential
    4.14923e+04   -6.06450e+03   -7.03927e+04   -1.26741e+04


DD  step 232499 load imb.: force 349.6%

Atom distribution over 20 domains: av 171 stddev 223 min 0 max 767
           Step           Time
         232500      465.00000


   Energies (kJ/mol)
           Bond          Angle    Proper Dih. Per. Imp. Dih.          LJ-14
    2.60299e+03    7.30160e+03    8.86124e+03    4.02971e+02    3.22297e+03
     Coulomb-14        LJ (SR)   Coulomb (SR)      Potential
    4.20413e+04   -6.05559e+03   -7.06875e+04   -1.23100e+04


DD  step 232999 load imb.: force 352.1%

Atom distribution over 20 domains: av 171 stddev 225 min 0 max 765
           Step           Time
         233000      466.00000


   Energies (kJ/mol)
           Bond          Angle    Proper Dih. Per. Imp. Dih.          LJ-14
    2.59509e+03    7.36754e+03    8.89267e+03    3.95017e+02    3.18126e+03
     Coulomb-14        LJ (SR)   Coulomb (SR)      Potential
    4.17608e+04   -6.12723e+03   -7.05660e+04   -1.25008e+04


DD  step 233499 load imb.: force 352.5%

Atom distribution over 20 domains: av 171 stddev 220 min 0 max 730
           Step           Time
         233500      467.00000


   Energies (kJ/mol)
           Bond          Angle    Proper Dih. Per. Imp. Dih.          LJ-14
    2.68032e+03    7.04632e+03    8.82981e+03    4.10674e+02    3.12906e+03
     Coulomb-14        LJ (SR)   Coulomb (SR)      Potential
    4.20555e+04   -6.15741e+03   -7.09027e+04   -1.29084e+04


DD  step 233999 load imb.: force 316.4%

Atom distribution over 20 domains: av 171 stddev 224 min 0 max 780
           Step           Time
         234000      468.00000


   Energies (kJ/mol)
           Bond          Angle    Proper Dih. Per. Imp. Dih.          LJ-14
    2.68950e+03    7.28299e+03    8.87318e+03    4.60702e+02    3.18865e+03
     Coulomb-14        LJ (SR)   Coulomb (SR)      Potential
    4.18546e+04   -6.04345e+03   -7.11465e+04   -1.28404e+04


DD  step 234499 load imb.: force 358.4%

Atom distribution over 20 domains: av 171 stddev 227 min 0 max 803
           Step           Time
         234500      469.00000


   Energies (kJ/mol)
           Bond          Angle    Proper Dih. Per. Imp. Dih.          LJ-14
    2.68850e+03    7.19372e+03    8.90191e+03    4.33023e+02    3.17889e+03
     Coulomb-14        LJ (SR)   Coulomb (SR)      Potential
    4.18494e+04   -6.20842e+03   -7.07740e+04   -1.27370e+04


DD  step 234999 load imb.: force 373.6%

Atom distribution over 20 domains: av 171 stddev 222 min 0 max 753
           Step           Time
         235000      470.00000


   Energies (kJ/mol)
           Bond          Angle    Proper Dih. Per. Imp. Dih.          LJ-14
    2.76445e+03    7.46046e+03    8.84323e+03    4.60533e+02    3.13786e+03
     Coulomb-14        LJ (SR)   Coulomb (SR)      Potential
    4.16916e+04   -6.14894e+03   -7.07857e+04   -1.25765e+04


DD  step 235499 load imb.: force 333.8%

Atom distribution over 20 domains: av 171 stddev 223 min 0 max 758
           Step           Time
         235500      471.00000


   Energies (kJ/mol)
           Bond          Angle    Proper Dih. Per. Imp. Dih.          LJ-14
    2.67272e+03    7.35297e+03    8.96632e+03    4.37343e+02    3.12038e+03
     Coulomb-14        LJ (SR)   Coulomb (SR)      Potential
    4.17995e+04   -6.23378e+03   -7.05509e+04   -1.24355e+04


DD  step 235999 load imb.: force 345.3%

Atom distribution over 20 domains: av 171 stddev 222 min 0 max 740
           Step           Time
         236000      472.00000


   Energies (kJ/mol)
           Bond          Angle    Proper Dih. Per. Imp. Dih.          LJ-14
    2.73942e+03    7.26052e+03    8.82006e+03    3.53894e+02    3.17669e+03
     Coulomb-14        LJ (SR)   Coulomb (SR)      Potential
    4.18115e+04   -6.15134e+03   -7.07012e+04   -1.26905e+04


DD  step 236499 load imb.: force 331.9%

Atom distribution over 20 domains: av 171 stddev 225 min 0 max 791
           Step           Time
         236500      473.00000


   Energies (kJ/mol)
           Bond          Angle    Proper Dih. Per. Imp. Dih.          LJ-14
    2.61057e+03    7.15730e+03    8.81954e+03    4.43885e+02    3.22530e+03
     Coulomb-14        LJ (SR)   Coulomb (SR)      Potential
    4.19210e+04   -6.09771e+03   -7.06353e+04   -1.25554e+04


DD  step 236999 load imb.: force 367.9%

Atom distribution over 20 domains: av 171 stddev 222 min 0 max 726
           Step           Time
         237000      474.00000


   Energies (kJ/mol)
           Bond          Angle    Proper Dih. Per. Imp. Dih.          LJ-14
    2.78179e+03    7.08079e+03    9.10945e+03    4.43171e+02    3.22893e+03
     Coulomb-14        LJ (SR)   Coulomb (SR)      Potential
    4.18273e+04   -6.21875e+03   -7.05952e+04   -1.23425e+04


DD  step 237499 load imb.: force 315.0%

Atom distribution over 20 domains: av 171 stddev 222 min 0 max 730
           Step           Time
         237500      475.00000


   Energies (kJ/mol)
           Bond          Angle    Proper Dih. Per. Imp. Dih.          LJ-14
    2.63885e+03    7.25643e+03    8.88963e+03    3.86802e+02    3.14846e+03
     Coulomb-14        LJ (SR)   Coulomb (SR)      Potential
    4.17728e+04   -6.18180e+03   -7.07165e+04   -1.28054e+04


DD  step 237999 load imb.: force 314.6%

Atom distribution over 20 domains: av 171 stddev 219 min 0 max 693
           Step           Time
         238000      476.00000


   Energies (kJ/mol)
           Bond          Angle    Proper Dih. Per. Imp. Dih.          LJ-14
    2.84986e+03    7.32201e+03    8.92963e+03    4.46660e+02    3.13249e+03
     Coulomb-14        LJ (SR)   Coulomb (SR)      Potential
    4.17068e+04   -6.23147e+03   -7.07419e+04   -1.25860e+04


DD  step 238499 load imb.: force 290.9%

Atom distribution over 20 domains: av 171 stddev 220 min 0 max 697
           Step           Time
         238500      477.00000


   Energies (kJ/mol)
           Bond          Angle    Proper Dih. Per. Imp. Dih.          LJ-14
    2.68044e+03    7.38856e+03    8.98240e+03    4.20523e+02    3.04928e+03
     Coulomb-14        LJ (SR)   Coulomb (SR)      Potential
    4.19060e+04   -6.22406e+03   -7.10267e+04   -1.28236e+04


DD  step 238999 load imb.: force 297.6%

Atom distribution over 20 domains: av 171 stddev 222 min 0 max 768
           Step           Time
         239000      478.00000


   Energies (kJ/mol)
           Bond          Angle    Proper Dih. Per. Imp. Dih.          LJ-14
    2.62245e+03    7.33188e+03    8.94378e+03    4.27308e+02    3.11929e+03
     Coulomb-14        LJ (SR)   Coulomb (SR)      Potential
    4.17300e+04   -6.00696e+03   -7.06953e+04   -1.25276e+04


DD  step 239499 load imb.: force 334.9%

Atom distribution over 20 domains: av 171 stddev 221 min 0 max 764
           Step           Time
         239500      479.00000


   Energies (kJ/mol)
           Bond          Angle    Proper Dih. Per. Imp. Dih.          LJ-14
    2.68333e+03    7.00700e+03    8.79243e+03    4.62471e+02    3.13039e+03
     Coulomb-14        LJ (SR)   Coulomb (SR)      Potential
    4.19872e+04   -6.09373e+03   -7.08164e+04   -1.28472e+04


DD  step 239999 load imb.: force 335.8%

Atom distribution over 20 domains: av 171 stddev 225 min 0 max 793
           Step           Time
         240000      480.00000


   Energies (kJ/mol)
           Bond          Angle    Proper Dih. Per. Imp. Dih.          LJ-14
    2.68806e+03    6.99145e+03    8.84363e+03    4.54032e+02    3.10934e+03
     Coulomb-14        LJ (SR)   Coulomb (SR)      Potential
    4.17973e+04   -6.21436e+03   -7.07747e+04   -1.31053e+04


DD  step 240499 load imb.: force 362.3%

Atom distribution over 20 domains: av 171 stddev 226 min 0 max 790
           Step           Time
         240500      481.00000


   Energies (kJ/mol)
           Bond          Angle    Proper Dih. Per. Imp. Dih.          LJ-14
    2.59979e+03    7.04569e+03    8.90243e+03    4.46420e+02    3.18513e+03
     Coulomb-14        LJ (SR)   Coulomb (SR)      Potential
    4.17285e+04   -6.20011e+03   -7.06052e+04   -1.28974e+04


DD  step 240999 load imb.: force 353.7%

Atom distribution over 20 domains: av 171 stddev 225 min 0 max 780
           Step           Time
         241000      482.00000


   Energies (kJ/mol)
           Bond          Angle    Proper Dih. Per. Imp. Dih.          LJ-14
    2.69433e+03    7.03859e+03    8.84446e+03    4.69884e+02    3.20501e+03
     Coulomb-14        LJ (SR)   Coulomb (SR)      Potential
    4.19970e+04   -6.23296e+03   -7.06619e+04   -1.26456e+04


DD  step 241499 load imb.: force 351.1%

Atom distribution over 20 domains: av 171 stddev 226 min 0 max 776
           Step           Time
         241500      483.00000


   Energies (kJ/mol)
           Bond          Angle    Proper Dih. Per. Imp. Dih.          LJ-14
    2.74363e+03    7.28172e+03    8.94473e+03    4.16687e+02    3.16199e+03
     Coulomb-14        LJ (SR)   Coulomb (SR)      Potential
    4.19240e+04   -6.29242e+03   -7.09798e+04   -1.27995e+04


DD  step 241999 load imb.: force 340.5%

Atom distribution over 20 domains: av 171 stddev 220 min 0 max 723
           Step           Time
         242000      484.00000


   Energies (kJ/mol)
           Bond          Angle    Proper Dih. Per. Imp. Dih.          LJ-14
    2.69025e+03    7.04264e+03    8.93062e+03    4.19069e+02    3.18014e+03
     Coulomb-14        LJ (SR)   Coulomb (SR)      Potential
    4.19723e+04   -6.06814e+03   -7.10691e+04   -1.29023e+04


DD  step 242499 load imb.: force 315.8%

Atom distribution over 20 domains: av 171 stddev 225 min 0 max 769
           Step           Time
         242500      485.00000


   Energies (kJ/mol)
           Bond          Angle    Proper Dih. Per. Imp. Dih.          LJ-14
    2.65019e+03    7.01708e+03    9.04518e+03    4.50621e+02    3.17048e+03
     Coulomb-14        LJ (SR)   Coulomb (SR)      Potential
    4.18538e+04   -6.13442e+03   -7.10327e+04   -1.29797e+04


DD  step 242999 load imb.: force 338.1%

Atom distribution over 20 domains: av 171 stddev 223 min 0 max 767
           Step           Time
         243000      486.00000


   Energies (kJ/mol)
           Bond          Angle    Proper Dih. Per. Imp. Dih.          LJ-14
    2.63129e+03    7.43164e+03    9.01116e+03    4.39870e+02    3.17611e+03
     Coulomb-14        LJ (SR)   Coulomb (SR)      Potential
    4.18770e+04   -6.18130e+03   -7.11557e+04   -1.27699e+04


DD  step 243499 load imb.: force 344.3%

Atom distribution over 20 domains: av 171 stddev 225 min 0 max 764
           Step           Time
         243500      487.00000


   Energies (kJ/mol)
           Bond          Angle    Proper Dih. Per. Imp. Dih.          LJ-14
    2.67903e+03    7.22463e+03    8.96052e+03    4.38563e+02    3.21785e+03
     Coulomb-14        LJ (SR)   Coulomb (SR)      Potential
    4.18451e+04   -6.28592e+03   -7.08884e+04   -1.28086e+04


DD  step 243999 load imb.: force 336.3%

Atom distribution over 20 domains: av 171 stddev 220 min 0 max 745
           Step           Time
         244000      488.00000


   Energies (kJ/mol)
           Bond          Angle    Proper Dih. Per. Imp. Dih.          LJ-14
    2.72840e+03    7.29778e+03    8.92699e+03    4.49104e+02    3.15555e+03
     Coulomb-14        LJ (SR)   Coulomb (SR)      Potential
    4.18487e+04   -6.10867e+03   -7.08452e+04   -1.25474e+04


DD  step 244499 load imb.: force 325.2%

Atom distribution over 20 domains: av 171 stddev 223 min 0 max 745
           Step           Time
         244500      489.00000


   Energies (kJ/mol)
           Bond          Angle    Proper Dih. Per. Imp. Dih.          LJ-14
    2.84215e+03    7.22595e+03    8.82234e+03    3.98891e+02    3.13278e+03
     Coulomb-14        LJ (SR)   Coulomb (SR)      Potential
    4.17765e+04   -6.11287e+03   -7.08890e+04   -1.28032e+04


DD  step 244999 load imb.: force 331.4%

Atom distribution over 20 domains: av 171 stddev 225 min 0 max 770
           Step           Time
         245000      490.00000


   Energies (kJ/mol)
           Bond          Angle    Proper Dih. Per. Imp. Dih.          LJ-14
    2.62437e+03    7.32840e+03    8.99781e+03    4.46293e+02    3.20863e+03
     Coulomb-14        LJ (SR)   Coulomb (SR)      Potential
    4.18919e+04   -6.17743e+03   -7.08025e+04   -1.24824e+04


DD  step 245499 load imb.: force 331.2%

Atom distribution over 20 domains: av 171 stddev 228 min 0 max 788
           Step           Time
         245500      491.00000


   Energies (kJ/mol)
           Bond          Angle    Proper Dih. Per. Imp. Dih.          LJ-14
    2.68140e+03    7.10190e+03    8.87129e+03    4.42048e+02    3.21561e+03
     Coulomb-14        LJ (SR)   Coulomb (SR)      Potential
    4.17725e+04   -6.22933e+03   -7.07127e+04   -1.28573e+04


DD  step 245999 load imb.: force 345.9%

Atom distribution over 20 domains: av 171 stddev 223 min 0 max 772
           Step           Time
         246000      492.00000


   Energies (kJ/mol)
           Bond          Angle    Proper Dih. Per. Imp. Dih.          LJ-14
    2.65920e+03    7.20975e+03    8.90282e+03    4.04465e+02    3.13074e+03
     Coulomb-14        LJ (SR)   Coulomb (SR)      Potential
    4.16665e+04   -6.28757e+03   -7.06375e+04   -1.29516e+04


DD  step 246499 load imb.: force 348.4%

Atom distribution over 20 domains: av 171 stddev 224 min 0 max 762
           Step           Time
         246500      493.00000


   Energies (kJ/mol)
           Bond          Angle    Proper Dih. Per. Imp. Dih.          LJ-14
    2.73771e+03    7.18727e+03    8.87608e+03    4.05896e+02    3.23459e+03
     Coulomb-14        LJ (SR)   Coulomb (SR)      Potential
    4.19937e+04   -6.23226e+03   -7.11095e+04   -1.29065e+04


DD  step 246999 load imb.: force 340.5%

Atom distribution over 20 domains: av 171 stddev 222 min 0 max 761
           Step           Time
         247000      494.00000


   Energies (kJ/mol)
           Bond          Angle    Proper Dih. Per. Imp. Dih.          LJ-14
    2.63442e+03    7.19539e+03    8.80929e+03    4.43338e+02    3.17482e+03
     Coulomb-14        LJ (SR)   Coulomb (SR)      Potential
    4.19449e+04   -6.30970e+03   -7.09560e+04   -1.30635e+04


DD  step 247499 load imb.: force 338.6%

Atom distribution over 20 domains: av 171 stddev 218 min 0 max 724
           Step           Time
         247500      495.00000


   Energies (kJ/mol)
           Bond          Angle    Proper Dih. Per. Imp. Dih.          LJ-14
    2.71040e+03    7.06831e+03    8.84221e+03    5.02070e+02    3.10234e+03
     Coulomb-14        LJ (SR)   Coulomb (SR)      Potential
    4.19379e+04   -6.13167e+03   -7.08198e+04   -1.27882e+04


DD  step 247999 load imb.: force 299.6%

Atom distribution over 20 domains: av 171 stddev 217 min 0 max 722
           Step           Time
         248000      496.00000


   Energies (kJ/mol)
           Bond          Angle    Proper Dih. Per. Imp. Dih.          LJ-14
    2.73397e+03    7.30682e+03    8.86728e+03    4.48454e+02    3.13519e+03
     Coulomb-14        LJ (SR)   Coulomb (SR)      Potential
    4.18763e+04   -6.28203e+03   -7.10491e+04   -1.29632e+04


DD  step 248499 load imb.: force 314.3%

Atom distribution over 20 domains: av 171 stddev 217 min 0 max 719
           Step           Time
         248500      497.00000


   Energies (kJ/mol)
           Bond          Angle    Proper Dih. Per. Imp. Dih.          LJ-14
    2.67262e+03    7.20187e+03    8.95533e+03    4.07630e+02    3.20995e+03
     Coulomb-14        LJ (SR)   Coulomb (SR)      Potential
    4.18522e+04   -6.08819e+03   -7.08749e+04   -1.26635e+04


DD  step 248999 load imb.: force 309.5%

Atom distribution over 20 domains: av 171 stddev 218 min 0 max 738
           Step           Time
         249000      498.00000


   Energies (kJ/mol)
           Bond          Angle    Proper Dih. Per. Imp. Dih.          LJ-14
    2.70163e+03    6.98111e+03    8.89604e+03    4.00626e+02    3.15635e+03
     Coulomb-14        LJ (SR)   Coulomb (SR)      Potential
    4.18616e+04   -6.14548e+03   -7.08489e+04   -1.29970e+04


DD  step 249499 load imb.: force 314.1%

Atom distribution over 20 domains: av 171 stddev 217 min 0 max 730
           Step           Time
         249500      499.00000


   Energies (kJ/mol)
           Bond          Angle    Proper Dih. Per. Imp. Dih.          LJ-14
    2.69735e+03    7.49018e+03    8.93716e+03    4.09360e+02    3.10687e+03
     Coulomb-14        LJ (SR)   Coulomb (SR)      Potential
    4.16007e+04   -6.22410e+03   -7.04778e+04   -1.24603e+04


DD  step 249999 load imb.: force 319.0%

Atom distribution over 20 domains: av 171 stddev 216 min 0 max 731
           Step           Time
         250000      500.00000


   Energies (kJ/mol)
           Bond          Angle    Proper Dih. Per. Imp. Dih.          LJ-14
    2.63521e+03    7.18654e+03    8.88747e+03    4.06660e+02    3.17664e+03
     Coulomb-14        LJ (SR)   Coulomb (SR)      Potential
    4.19976e+04   -6.22513e+03   -7.07260e+04   -1.26610e+04


DD  step 250499 load imb.: force 309.9%

Atom distribution over 20 domains: av 171 stddev 215 min 0 max 710
           Step           Time
         250500      501.00000


   Energies (kJ/mol)
           Bond          Angle    Proper Dih. Per. Imp. Dih.          LJ-14
    2.65045e+03    7.19672e+03    8.82740e+03    3.81491e+02    3.16953e+03
     Coulomb-14        LJ (SR)   Coulomb (SR)      Potential
    4.18694e+04   -6.13234e+03   -7.07927e+04   -1.28300e+04


DD  step 250999 load imb.: force 305.2%

Atom distribution over 20 domains: av 171 stddev 214 min 0 max 699
           Step           Time
         251000      502.00000


   Energies (kJ/mol)
           Bond          Angle    Proper Dih. Per. Imp. Dih.          LJ-14
    2.83581e+03    7.08948e+03    8.95556e+03    4.10600e+02    3.15203e+03
     Coulomb-14        LJ (SR)   Coulomb (SR)      Potential
    4.17415e+04   -6.15123e+03   -7.07389e+04   -1.27052e+04


DD  step 251499 load imb.: force 298.8%

Atom distribution over 20 domains: av 171 stddev 218 min 0 max 734
           Step           Time
         251500      503.00000


   Energies (kJ/mol)
           Bond          Angle    Proper Dih. Per. Imp. Dih.          LJ-14
    2.69277e+03    7.11363e+03    8.90599e+03    4.28412e+02    3.21821e+03
     Coulomb-14        LJ (SR)   Coulomb (SR)      Potential
    4.19553e+04   -6.16840e+03   -7.08238e+04   -1.26779e+04


DD  step 251999 load imb.: force 331.0%

Atom distribution over 20 domains: av 171 stddev 219 min 0 max 746
           Step           Time
         252000      504.00000


   Energies (kJ/mol)
           Bond          Angle    Proper Dih. Per. Imp. Dih.          LJ-14
    2.65008e+03    7.14377e+03    8.93446e+03    3.73759e+02    3.21474e+03
     Coulomb-14        LJ (SR)   Coulomb (SR)      Potential
    4.17682e+04   -6.16511e+03   -7.08906e+04   -1.29707e+04


DD  step 252499 load imb.: force 336.7%

Atom distribution over 20 domains: av 171 stddev 219 min 0 max 749
           Step           Time
         252500      505.00000


   Energies (kJ/mol)
           Bond          Angle    Proper Dih. Per. Imp. Dih.          LJ-14
    2.68381e+03    7.26733e+03    8.95170e+03    4.36793e+02    3.19686e+03
     Coulomb-14        LJ (SR)   Coulomb (SR)      Potential
    4.20777e+04   -6.19808e+03   -7.11630e+04   -1.27469e+04


DD  step 252999 load imb.: force 332.0%

Atom distribution over 20 domains: av 171 stddev 223 min 0 max 778
           Step           Time
         253000      506.00000


   Energies (kJ/mol)
           Bond          Angle    Proper Dih. Per. Imp. Dih.          LJ-14
    2.67844e+03    7.11419e+03    8.88600e+03    4.06798e+02    3.17534e+03
     Coulomb-14        LJ (SR)   Coulomb (SR)      Potential
    4.21808e+04   -6.18665e+03   -7.10955e+04   -1.28405e+04


DD  step 253499 load imb.: force 338.9%

Atom distribution over 20 domains: av 171 stddev 214 min 0 max 710
           Step           Time
         253500      507.00000


   Energies (kJ/mol)
           Bond          Angle    Proper Dih. Per. Imp. Dih.          LJ-14
    2.79384e+03    7.17281e+03    8.88633e+03    4.61349e+02    3.14410e+03
     Coulomb-14        LJ (SR)   Coulomb (SR)      Potential
    4.18907e+04   -6.21324e+03   -7.10035e+04   -1.28676e+04


DD  step 253999 load imb.: force 305.2%

Atom distribution over 20 domains: av 171 stddev 216 min 0 max 718
           Step           Time
         254000      508.00000


   Energies (kJ/mol)
           Bond          Angle    Proper Dih. Per. Imp. Dih.          LJ-14
    2.60324e+03    7.24050e+03    8.87291e+03    4.34679e+02    3.17905e+03
     Coulomb-14        LJ (SR)   Coulomb (SR)      Potential
    4.20944e+04   -6.25027e+03   -7.11126e+04   -1.29381e+04


DD  step 254499 load imb.: force 314.5%

Atom distribution over 20 domains: av 171 stddev 214 min 0 max 709
           Step           Time
         254500      509.00000


   Energies (kJ/mol)
           Bond          Angle    Proper Dih. Per. Imp. Dih.          LJ-14
    2.57263e+03    7.26929e+03    8.95179e+03    4.26946e+02    3.11538e+03
     Coulomb-14        LJ (SR)   Coulomb (SR)      Potential
    4.18723e+04   -6.30480e+03   -7.09858e+04   -1.30822e+04


DD  step 254999 load imb.: force 293.7%

Atom distribution over 20 domains: av 171 stddev 212 min 0 max 689
           Step           Time
         255000      510.00000


   Energies (kJ/mol)
           Bond          Angle    Proper Dih. Per. Imp. Dih.          LJ-14
    2.76272e+03    7.28864e+03    8.97074e+03    4.09383e+02    3.11478e+03
     Coulomb-14        LJ (SR)   Coulomb (SR)      Potential
    4.18826e+04   -6.20596e+03   -7.08445e+04   -1.26216e+04


DD  step 255499 load imb.: force 294.8%

Atom distribution over 20 domains: av 171 stddev 210 min 0 max 688
           Step           Time
         255500      511.00000


   Energies (kJ/mol)
           Bond          Angle    Proper Dih. Per. Imp. Dih.          LJ-14
    2.76116e+03    7.40032e+03    8.99096e+03    4.14715e+02    3.15521e+03
     Coulomb-14        LJ (SR)   Coulomb (SR)      Potential
    4.16892e+04   -6.16580e+03   -7.06615e+04   -1.24158e+04


DD  step 255999 load imb.: force 292.7%

Atom distribution over 20 domains: av 171 stddev 210 min 0 max 665
           Step           Time
         256000      512.00000


   Energies (kJ/mol)
           Bond          Angle    Proper Dih. Per. Imp. Dih.          LJ-14
    2.78011e+03    7.31397e+03    8.86982e+03    4.03504e+02    3.11225e+03
     Coulomb-14        LJ (SR)   Coulomb (SR)      Potential
    4.15798e+04   -6.20545e+03   -7.06319e+04   -1.27779e+04


DD  step 256499 load imb.: force 277.6%

Atom distribution over 20 domains: av 171 stddev 207 min 0 max 648
           Step           Time
         256500      513.00000


   Energies (kJ/mol)
           Bond          Angle    Proper Dih. Per. Imp. Dih.          LJ-14
    2.61692e+03    7.00261e+03    8.95972e+03    4.42356e+02    3.25922e+03
     Coulomb-14        LJ (SR)   Coulomb (SR)      Potential
    4.21643e+04   -6.14765e+03   -7.09786e+04   -1.26811e+04


DD  step 256999 load imb.: force 267.2%

Atom distribution over 20 domains: av 171 stddev 208 min 0 max 676
           Step           Time
         257000      514.00000


   Energies (kJ/mol)
           Bond          Angle    Proper Dih. Per. Imp. Dih.          LJ-14
    2.68856e+03    7.25161e+03    8.91067e+03    4.15100e+02    3.14878e+03
     Coulomb-14        LJ (SR)   Coulomb (SR)      Potential
    4.15453e+04   -6.05453e+03   -7.05871e+04   -1.26816e+04


DD  step 257499 load imb.: force 283.6%

Atom distribution over 20 domains: av 171 stddev 205 min 0 max 648
           Step           Time
         257500      515.00000


   Energies (kJ/mol)
           Bond          Angle    Proper Dih. Per. Imp. Dih.          LJ-14
    2.67983e+03    7.17508e+03    8.92696e+03    3.84339e+02    3.24031e+03
     Coulomb-14        LJ (SR)   Coulomb (SR)      Potential
    4.18129e+04   -6.28924e+03   -7.05794e+04   -1.26492e+04


DD  step 257999 load imb.: force 268.9%

Atom distribution over 20 domains: av 171 stddev 205 min 0 max 628
           Step           Time
         258000      516.00000


   Energies (kJ/mol)
           Bond          Angle    Proper Dih. Per. Imp. Dih.          LJ-14
    2.62853e+03    7.04798e+03    8.85366e+03    4.12226e+02    3.26116e+03
     Coulomb-14        LJ (SR)   Coulomb (SR)      Potential
    4.19132e+04   -6.07628e+03   -7.06222e+04   -1.25817e+04


DD  step 258499 load imb.: force 247.0%

Atom distribution over 20 domains: av 171 stddev 207 min 0 max 652
           Step           Time
         258500      517.00000


   Energies (kJ/mol)
           Bond          Angle    Proper Dih. Per. Imp. Dih.          LJ-14
    2.82049e+03    7.16156e+03    9.02928e+03    4.61411e+02    3.13764e+03
     Coulomb-14        LJ (SR)   Coulomb (SR)      Potential
    4.16848e+04   -6.14395e+03   -7.03795e+04   -1.22283e+04


DD  step 258999 load imb.: force 270.0%

Atom distribution over 20 domains: av 171 stddev 205 min 0 max 615
           Step           Time
         259000      518.00000


   Energies (kJ/mol)
           Bond          Angle    Proper Dih. Per. Imp. Dih.          LJ-14
    2.66193e+03    7.26170e+03    8.99980e+03    4.60109e+02    3.11650e+03
     Coulomb-14        LJ (SR)   Coulomb (SR)      Potential
    4.19115e+04   -6.21598e+03   -7.08173e+04   -1.26217e+04


DD  step 259499 load imb.: force 231.9%

Atom distribution over 20 domains: av 171 stddev 207 min 0 max 666
           Step           Time
         259500      519.00000


   Energies (kJ/mol)
           Bond          Angle    Proper Dih. Per. Imp. Dih.          LJ-14
    2.51621e+03    7.33871e+03    8.88716e+03    4.11871e+02    3.14357e+03
     Coulomb-14        LJ (SR)   Coulomb (SR)      Potential
    4.17714e+04   -6.13946e+03   -7.05389e+04   -1.26095e+04


DD  step 259999 load imb.: force 274.3%

Atom distribution over 20 domains: av 171 stddev 208 min 0 max 668
           Step           Time
         260000      520.00000


   Energies (kJ/mol)
           Bond          Angle    Proper Dih. Per. Imp. Dih.          LJ-14
    2.66935e+03    7.33452e+03    8.88183e+03    4.20505e+02    3.08017e+03
     Coulomb-14        LJ (SR)   Coulomb (SR)      Potential
    4.16651e+04   -6.23949e+03   -7.03214e+04   -1.25093e+04


DD  step 260499 load imb.: force 277.9%

Atom distribution over 20 domains: av 171 stddev 207 min 0 max 644
           Step           Time
         260500      521.00000


   Energies (kJ/mol)
           Bond          Angle    Proper Dih. Per. Imp. Dih.          LJ-14
    2.56375e+03    7.49676e+03    8.89129e+03    3.87104e+02    3.17384e+03
     Coulomb-14        LJ (SR)   Coulomb (SR)      Potential
    4.17568e+04   -6.21820e+03   -7.04857e+04   -1.24343e+04


DD  step 260999 load imb.: force 265.1%

Atom distribution over 20 domains: av 171 stddev 211 min 0 max 693
           Step           Time
         261000      522.00000


   Energies (kJ/mol)
           Bond          Angle    Proper Dih. Per. Imp. Dih.          LJ-14
    2.68883e+03    7.28065e+03    8.85412e+03    4.18185e+02    3.16813e+03
     Coulomb-14        LJ (SR)   Coulomb (SR)      Potential
    4.16638e+04   -6.04750e+03   -7.05007e+04   -1.24745e+04


DD  step 261499 load imb.: force 299.1%

Atom distribution over 20 domains: av 171 stddev 211 min 0 max 686
           Step           Time
         261500      523.00000


   Energies (kJ/mol)
           Bond          Angle    Proper Dih. Per. Imp. Dih.          LJ-14
    2.86225e+03    7.18941e+03    8.85901e+03    4.79539e+02    3.11943e+03
     Coulomb-14        LJ (SR)   Coulomb (SR)      Potential
    4.17573e+04   -6.02289e+03   -7.07017e+04   -1.24576e+04


DD  step 261999 load imb.: force 307.8%

Atom distribution over 20 domains: av 171 stddev 213 min 0 max 716
           Step           Time
         262000      524.00000


   Energies (kJ/mol)
           Bond          Angle    Proper Dih. Per. Imp. Dih.          LJ-14
    2.66568e+03    7.06331e+03    8.83585e+03    4.41769e+02    3.23086e+03
     Coulomb-14        LJ (SR)   Coulomb (SR)      Potential
    4.21196e+04   -6.01688e+03   -7.07542e+04   -1.24141e+04


DD  step 262499 load imb.: force 309.8%

Atom distribution over 20 domains: av 171 stddev 211 min 0 max 700
           Step           Time
         262500      525.00000


   Energies (kJ/mol)
           Bond          Angle    Proper Dih. Per. Imp. Dih.          LJ-14
    2.78835e+03    7.33344e+03    8.94758e+03    4.43688e+02    3.12894e+03
     Coulomb-14        LJ (SR)   Coulomb (SR)      Potential
    4.16551e+04   -6.07050e+03   -7.05668e+04   -1.23402e+04


DD  step 262999 load imb.: force 305.8%

Atom distribution over 20 domains: av 171 stddev 218 min 0 max 761
           Step           Time
         263000      526.00000


   Energies (kJ/mol)
           Bond          Angle    Proper Dih. Per. Imp. Dih.          LJ-14
    2.75696e+03    7.56194e+03    8.91486e+03    4.60703e+02    3.07665e+03
     Coulomb-14        LJ (SR)   Coulomb (SR)      Potential
    4.16000e+04   -6.15376e+03   -7.06259e+04   -1.24085e+04


DD  step 263499 load imb.: force 343.3%

Atom distribution over 20 domains: av 171 stddev 216 min 0 max 732
           Step           Time
         263500      527.00000


   Energies (kJ/mol)
           Bond          Angle    Proper Dih. Per. Imp. Dih.          LJ-14
    2.77009e+03    7.19673e+03    8.74782e+03    4.46583e+02    3.14652e+03
     Coulomb-14        LJ (SR)   Coulomb (SR)      Potential
    4.18842e+04   -6.12196e+03   -7.06188e+04   -1.25488e+04


DD  step 263999 load imb.: force 328.5%

Atom distribution over 20 domains: av 171 stddev 214 min 0 max 700
           Step           Time
         264000      528.00000


   Energies (kJ/mol)
           Bond          Angle    Proper Dih. Per. Imp. Dih.          LJ-14
    2.70666e+03    7.27647e+03    8.85609e+03    4.42297e+02    3.14178e+03
     Coulomb-14        LJ (SR)   Coulomb (SR)      Potential
    4.18055e+04   -6.18372e+03   -7.04743e+04   -1.24292e+04


DD  step 264499 load imb.: force 308.1%

Atom distribution over 20 domains: av 171 stddev 215 min 0 max 715
           Step           Time
         264500      529.00000


   Energies (kJ/mol)
           Bond          Angle    Proper Dih. Per. Imp. Dih.          LJ-14
    2.81395e+03    7.31824e+03    8.94352e+03    4.01508e+02    3.15622e+03
     Coulomb-14        LJ (SR)   Coulomb (SR)      Potential
    4.16209e+04   -6.16390e+03   -7.05537e+04   -1.24632e+04


DD  step 264999 load imb.: force 315.5%

Atom distribution over 20 domains: av 171 stddev 217 min 0 max 748
           Step           Time
         265000      530.00000


   Energies (kJ/mol)
           Bond          Angle    Proper Dih. Per. Imp. Dih.          LJ-14
    2.60846e+03    7.36332e+03    9.00585e+03    4.41448e+02    3.22353e+03
     Coulomb-14        LJ (SR)   Coulomb (SR)      Potential
    4.18772e+04   -6.15608e+03   -7.06872e+04   -1.23235e+04


DD  step 265499 load imb.: force 326.3%

Atom distribution over 20 domains: av 171 stddev 222 min 0 max 774
           Step           Time
         265500      531.00000


   Energies (kJ/mol)
           Bond          Angle    Proper Dih. Per. Imp. Dih.          LJ-14
    2.69248e+03    7.32753e+03    8.80997e+03    4.57442e+02    3.12800e+03
     Coulomb-14        LJ (SR)   Coulomb (SR)      Potential
    4.19106e+04   -5.97031e+03   -7.10839e+04   -1.27282e+04


DD  step 265999 load imb.: force 339.9%

Atom distribution over 20 domains: av 171 stddev 218 min 0 max 755
           Step           Time
         266000      532.00000


   Energies (kJ/mol)
           Bond          Angle    Proper Dih. Per. Imp. Dih.          LJ-14
    2.60660e+03    7.36524e+03    8.98131e+03    4.44339e+02    3.11578e+03
     Coulomb-14        LJ (SR)   Coulomb (SR)      Potential
    4.16463e+04   -6.10583e+03   -7.07082e+04   -1.26545e+04


DD  step 266499 load imb.: force 337.1%

Atom distribution over 20 domains: av 171 stddev 225 min 0 max 812
           Step           Time
         266500      533.00000


   Energies (kJ/mol)
           Bond          Angle    Proper Dih. Per. Imp. Dih.          LJ-14
    2.58750e+03    7.35844e+03    8.82483e+03    4.91227e+02    3.19258e+03
     Coulomb-14        LJ (SR)   Coulomb (SR)      Potential
    4.18226e+04   -6.02876e+03   -7.09872e+04   -1.27387e+04


DD  step 266999 load imb.: force 364.0%

Atom distribution over 20 domains: av 171 stddev 222 min 0 max 767
           Step           Time
         267000      534.00000


   Energies (kJ/mol)
           Bond          Angle    Proper Dih. Per. Imp. Dih.          LJ-14
    2.75404e+03    7.41956e+03    8.86243e+03    4.44024e+02    3.09354e+03
     Coulomb-14        LJ (SR)   Coulomb (SR)      Potential
    4.17864e+04   -6.21088e+03   -7.07061e+04   -1.25570e+04


DD  step 267499 load imb.: force 331.8%

Atom distribution over 20 domains: av 171 stddev 223 min 0 max 777
           Step           Time
         267500      535.00000


   Energies (kJ/mol)
           Bond          Angle    Proper Dih. Per. Imp. Dih.          LJ-14
    2.64223e+03    7.35906e+03    8.89296e+03    4.78316e+02    3.24387e+03
     Coulomb-14        LJ (SR)   Coulomb (SR)      Potential
    4.19890e+04   -5.99829e+03   -7.09393e+04   -1.23322e+04


DD  step 267999 load imb.: force 343.2%

Atom distribution over 20 domains: av 171 stddev 220 min 0 max 773
           Step           Time
         268000      536.00000


   Energies (kJ/mol)
           Bond          Angle    Proper Dih. Per. Imp. Dih.          LJ-14
    2.72899e+03    7.21818e+03    8.93729e+03    4.31798e+02    3.10425e+03
     Coulomb-14        LJ (SR)   Coulomb (SR)      Potential
    4.15733e+04   -6.09890e+03   -7.06329e+04   -1.27381e+04


DD  step 268499 load imb.: force 341.2%

Atom distribution over 20 domains: av 171 stddev 215 min 0 max 719
           Step           Time
         268500      537.00000


   Energies (kJ/mol)
           Bond          Angle    Proper Dih. Per. Imp. Dih.          LJ-14
    2.60948e+03    7.35713e+03    8.90359e+03    4.36377e+02    3.13518e+03
     Coulomb-14        LJ (SR)   Coulomb (SR)      Potential
    4.17108e+04   -6.08132e+03   -7.04846e+04   -1.24134e+04


DD  step 268999 load imb.: force 307.9%

Atom distribution over 20 domains: av 171 stddev 216 min 0 max 716
           Step           Time
         269000      538.00000


   Energies (kJ/mol)
           Bond          Angle    Proper Dih. Per. Imp. Dih.          LJ-14
    2.64072e+03    7.23795e+03    8.79723e+03    3.86724e+02    3.15899e+03
     Coulomb-14        LJ (SR)   Coulomb (SR)      Potential
    4.18305e+04   -5.92373e+03   -7.08363e+04   -1.27079e+04


DD  step 269499 load imb.: force 312.5%

Atom distribution over 20 domains: av 171 stddev 212 min 0 max 676
           Step           Time
         269500      539.00000


   Energies (kJ/mol)
           Bond          Angle    Proper Dih. Per. Imp. Dih.          LJ-14
    2.67352e+03    7.31228e+03    8.93105e+03    4.81149e+02    3.19150e+03
     Coulomb-14        LJ (SR)   Coulomb (SR)      Potential
    4.17467e+04   -6.22047e+03   -7.07719e+04   -1.26561e+04


DD  step 269999 load imb.: force 289.5%

Atom distribution over 20 domains: av 171 stddev 211 min 0 max 680
           Step           Time
         270000      540.00000


   Energies (kJ/mol)
           Bond          Angle    Proper Dih. Per. Imp. Dih.          LJ-14
    2.76204e+03    7.21644e+03    8.79083e+03    4.07100e+02    3.15777e+03
     Coulomb-14        LJ (SR)   Coulomb (SR)      Potential
    4.17065e+04   -6.09527e+03   -7.06548e+04   -1.27094e+04


DD  step 270499 load imb.: force 290.5%

Atom distribution over 20 domains: av 171 stddev 213 min 0 max 675
           Step           Time
         270500      541.00000


   Energies (kJ/mol)
           Bond          Angle    Proper Dih. Per. Imp. Dih.          LJ-14
    2.56623e+03    7.20139e+03    8.87064e+03    4.39512e+02    3.18927e+03
     Coulomb-14        LJ (SR)   Coulomb (SR)      Potential
    4.17289e+04   -6.14966e+03   -7.07490e+04   -1.29027e+04


DD  step 270999 load imb.: force 283.1%

Atom distribution over 20 domains: av 171 stddev 212 min 0 max 673
           Step           Time
         271000      542.00000


   Energies (kJ/mol)
           Bond          Angle    Proper Dih. Per. Imp. Dih.          LJ-14
    2.57776e+03    7.01534e+03    8.80438e+03    4.05668e+02    3.18634e+03
     Coulomb-14        LJ (SR)   Coulomb (SR)      Potential
    4.18449e+04   -6.05261e+03   -7.09352e+04   -1.31534e+04


DD  step 271499 load imb.: force 275.8%

Atom distribution over 20 domains: av 171 stddev 212 min 0 max 694
           Step           Time
         271500      543.00000


   Energies (kJ/mol)
           Bond          Angle    Proper Dih. Per. Imp. Dih.          LJ-14
    2.61504e+03    7.10012e+03    8.86627e+03    4.19959e+02    3.16659e+03
     Coulomb-14        LJ (SR)   Coulomb (SR)      Potential
    4.18032e+04   -6.10554e+03   -7.11661e+04   -1.33005e+04


DD  step 271999 load imb.: force 294.3%

Atom distribution over 20 domains: av 171 stddev 207 min 0 max 641
           Step           Time
         272000      544.00000


   Energies (kJ/mol)
           Bond          Angle    Proper Dih. Per. Imp. Dih.          LJ-14
    2.67417e+03    7.17597e+03    8.80637e+03    4.03947e+02    3.11484e+03
     Coulomb-14        LJ (SR)   Coulomb (SR)      Potential
    4.18366e+04   -6.10665e+03   -7.09625e+04   -1.30572e+04


DD  step 272499 load imb.: force 251.7%

Atom distribution over 20 domains: av 171 stddev 212 min 0 max 656
           Step           Time
         272500      545.00000


   Energies (kJ/mol)
           Bond          Angle    Proper Dih. Per. Imp. Dih.          LJ-14
    2.73828e+03    7.00833e+03    8.85972e+03    3.98875e+02    3.09878e+03
     Coulomb-14        LJ (SR)   Coulomb (SR)      Potential
    4.17561e+04   -6.14322e+03   -7.05859e+04   -1.28691e+04


DD  step 272999 load imb.: force 262.3%

Atom distribution over 20 domains: av 171 stddev 209 min 0 max 627
           Step           Time
         273000      546.00000


   Energies (kJ/mol)
           Bond          Angle    Proper Dih. Per. Imp. Dih.          LJ-14
    2.63410e+03    7.26582e+03    8.81924e+03    4.84518e+02    3.19035e+03
     Coulomb-14        LJ (SR)   Coulomb (SR)      Potential
    4.19757e+04   -6.13078e+03   -7.07548e+04   -1.25158e+04


DD  step 273499 load imb.: force 252.5%

Atom distribution over 20 domains: av 171 stddev 211 min 0 max 656
           Step           Time
         273500      547.00000


   Energies (kJ/mol)
           Bond          Angle    Proper Dih. Per. Imp. Dih.          LJ-14
    2.65410e+03    7.28238e+03    8.83350e+03    4.78272e+02    3.16537e+03
     Coulomb-14        LJ (SR)   Coulomb (SR)      Potential
    4.19051e+04   -6.03702e+03   -7.07294e+04   -1.24476e+04


DD  step 273999 load imb.: force 263.5%

Atom distribution over 20 domains: av 171 stddev 210 min 0 max 639
           Step           Time
         274000      548.00000


   Energies (kJ/mol)
           Bond          Angle    Proper Dih. Per. Imp. Dih.          LJ-14
    2.73086e+03    7.22683e+03    8.85665e+03    4.18715e+02    3.10666e+03
     Coulomb-14        LJ (SR)   Coulomb (SR)      Potential
    4.16329e+04   -6.06019e+03   -7.07821e+04   -1.28697e+04


DD  step 274499 load imb.: force 260.6%

Atom distribution over 20 domains: av 171 stddev 211 min 0 max 650
           Step           Time
         274500      549.00000


   Energies (kJ/mol)
           Bond          Angle    Proper Dih. Per. Imp. Dih.          LJ-14
    2.63933e+03    6.97568e+03    8.76303e+03    4.19151e+02    3.21872e+03
     Coulomb-14        LJ (SR)   Coulomb (SR)      Potential
    4.21961e+04   -6.07238e+03   -7.08686e+04   -1.27289e+04


DD  step 274999 load imb.: force 253.2%

Atom distribution over 20 domains: av 171 stddev 212 min 0 max 660
           Step           Time
         275000      550.00000


   Energies (kJ/mol)
           Bond          Angle    Proper Dih. Per. Imp. Dih.          LJ-14
    2.79492e+03    7.11066e+03    9.00785e+03    4.29245e+02    3.12801e+03
     Coulomb-14        LJ (SR)   Coulomb (SR)      Potential
    4.18983e+04   -6.04194e+03   -7.08875e+04   -1.25604e+04


DD  step 275499 load imb.: force 264.2%

Atom distribution over 20 domains: av 171 stddev 212 min 0 max 646
           Step           Time
         275500      551.00000


   Energies (kJ/mol)
           Bond          Angle    Proper Dih. Per. Imp. Dih.          LJ-14
    2.70450e+03    7.34108e+03    8.85478e+03    4.71659e+02    3.10557e+03
     Coulomb-14        LJ (SR)   Coulomb (SR)      Potential
    4.18478e+04   -6.09684e+03   -7.07355e+04   -1.25070e+04


DD  step 275999 load imb.: force 258.4%

Atom distribution over 20 domains: av 171 stddev 214 min 0 max 684
           Step           Time
         276000      552.00000


   Energies (kJ/mol)
           Bond          Angle    Proper Dih. Per. Imp. Dih.          LJ-14
    2.63827e+03    7.15470e+03    8.89350e+03    4.30655e+02    3.16256e+03
     Coulomb-14        LJ (SR)   Coulomb (SR)      Potential
    4.19230e+04   -6.05748e+03   -7.08182e+04   -1.26731e+04


DD  step 276499 load imb.: force 291.9%

Atom distribution over 20 domains: av 171 stddev 215 min 0 max 687
           Step           Time
         276500      553.00000


   Energies (kJ/mol)
           Bond          Angle    Proper Dih. Per. Imp. Dih.          LJ-14
    2.51307e+03    7.17462e+03    8.89917e+03    4.49652e+02    3.17119e+03
     Coulomb-14        LJ (SR)   Coulomb (SR)      Potential
    4.19153e+04   -5.99792e+03   -7.09450e+04   -1.28199e+04


DD  step 276999 load imb.: force 292.6%

Atom distribution over 20 domains: av 171 stddev 215 min 0 max 677
           Step           Time
         277000      554.00000


   Energies (kJ/mol)
           Bond          Angle    Proper Dih. Per. Imp. Dih.          LJ-14
    2.72200e+03    7.11249e+03    8.89507e+03    4.39335e+02    3.15001e+03
     Coulomb-14        LJ (SR)   Coulomb (SR)      Potential
    4.18818e+04   -6.22405e+03   -7.08046e+04   -1.28279e+04


DD  step 277499 load imb.: force 292.7%

Atom distribution over 20 domains: av 171 stddev 213 min 0 max 687
           Step           Time
         277500      555.00000


   Energies (kJ/mol)
           Bond          Angle    Proper Dih. Per. Imp. Dih.          LJ-14
    2.68059e+03    7.06549e+03    8.84449e+03    3.84561e+02    3.12002e+03
     Coulomb-14        LJ (SR)   Coulomb (SR)      Potential
    4.20509e+04   -6.11256e+03   -7.13476e+04   -1.33141e+04


DD  step 277999 load imb.: force 296.1%

Atom distribution over 20 domains: av 171 stddev 214 min 0 max 705
           Step           Time
         278000      556.00000


   Energies (kJ/mol)
           Bond          Angle    Proper Dih. Per. Imp. Dih.          LJ-14
    2.63735e+03    7.13645e+03    8.79003e+03    3.82378e+02    3.17516e+03
     Coulomb-14        LJ (SR)   Coulomb (SR)      Potential
    4.17746e+04   -6.06189e+03   -7.12593e+04   -1.34252e+04


DD  step 278499 load imb.: force 301.7%

Atom distribution over 20 domains: av 171 stddev 215 min 0 max 721
           Step           Time
         278500      557.00000


   Energies (kJ/mol)
           Bond          Angle    Proper Dih. Per. Imp. Dih.          LJ-14
    2.52636e+03    7.31492e+03    8.77265e+03    4.14323e+02    3.20745e+03
     Coulomb-14        LJ (SR)   Coulomb (SR)      Potential
    4.17340e+04   -6.15561e+03   -7.08985e+04   -1.30843e+04


DD  step 278999 load imb.: force 319.4%

Atom distribution over 20 domains: av 171 stddev 218 min 0 max 720
           Step           Time
         279000      558.00000


   Energies (kJ/mol)
           Bond          Angle    Proper Dih. Per. Imp. Dih.          LJ-14
    2.61531e+03    7.39626e+03    8.91858e+03    4.40711e+02    3.19005e+03
     Coulomb-14        LJ (SR)   Coulomb (SR)      Potential
    4.17689e+04   -6.15458e+03   -7.12457e+04   -1.30704e+04


DD  step 279499 load imb.: force 313.3%

Atom distribution over 20 domains: av 171 stddev 217 min 0 max 737
           Step           Time
         279500      559.00000


   Energies (kJ/mol)
           Bond          Angle    Proper Dih. Per. Imp. Dih.          LJ-14
    2.71910e+03    7.25481e+03    8.84454e+03    4.43777e+02    3.11423e+03
     Coulomb-14        LJ (SR)   Coulomb (SR)      Potential
    4.18429e+04   -6.07548e+03   -7.10404e+04   -1.28965e+04


DD  step 279999 load imb.: force 318.4%

Atom distribution over 20 domains: av 171 stddev 217 min 0 max 718
           Step           Time
         280000      560.00000


   Energies (kJ/mol)
           Bond          Angle    Proper Dih. Per. Imp. Dih.          LJ-14
    2.51800e+03    7.07912e+03    8.80800e+03    4.69284e+02    3.24355e+03
     Coulomb-14        LJ (SR)   Coulomb (SR)      Potential
    4.21001e+04   -6.10283e+03   -7.13718e+04   -1.32566e+04


DD  step 280499 load imb.: force 317.6%

Atom distribution over 20 domains: av 171 stddev 212 min 0 max 687
           Step           Time
         280500      561.00000


   Energies (kJ/mol)
           Bond          Angle    Proper Dih. Per. Imp. Dih.          LJ-14
    2.61642e+03    7.01093e+03    8.79397e+03    4.37231e+02    3.28376e+03
     Coulomb-14        LJ (SR)   Coulomb (SR)      Potential
    4.19268e+04   -6.16091e+03   -7.07542e+04   -1.28460e+04


DD  step 280999 load imb.: force 284.2%

Atom distribution over 20 domains: av 171 stddev 212 min 0 max 658
           Step           Time
         281000      562.00000


   Energies (kJ/mol)
           Bond          Angle    Proper Dih. Per. Imp. Dih.          LJ-14
    2.52809e+03    7.12067e+03    8.84612e+03    4.59663e+02    3.19731e+03
     Coulomb-14        LJ (SR)   Coulomb (SR)      Potential
    4.16700e+04   -6.12559e+03   -7.05617e+04   -1.28654e+04


DD  step 281499 load imb.: force 273.0%

Atom distribution over 20 domains: av 171 stddev 213 min 0 max 707
           Step           Time
         281500      563.00000


   Energies (kJ/mol)
           Bond          Angle    Proper Dih. Per. Imp. Dih.          LJ-14
    2.79308e+03    7.38102e+03    8.84963e+03    3.99578e+02    3.14925e+03
     Coulomb-14        LJ (SR)   Coulomb (SR)      Potential
    4.17536e+04   -6.11534e+03   -7.09170e+04   -1.27062e+04


DD  step 281999 load imb.: force 297.7%

Atom distribution over 20 domains: av 171 stddev 211 min 0 max 664
           Step           Time
         282000      564.00000


   Energies (kJ/mol)
           Bond          Angle    Proper Dih. Per. Imp. Dih.          LJ-14
    2.54837e+03    7.22110e+03    8.95386e+03    4.08681e+02    3.19784e+03
     Coulomb-14        LJ (SR)   Coulomb (SR)      Potential
    4.18912e+04   -6.14633e+03   -7.08472e+04   -1.27725e+04


DD  step 282499 load imb.: force 272.5%

Atom distribution over 20 domains: av 171 stddev 213 min 0 max 700
           Step           Time
         282500      565.00000


   Energies (kJ/mol)
           Bond          Angle    Proper Dih. Per. Imp. Dih.          LJ-14
    2.54227e+03    7.10935e+03    8.91294e+03    4.34603e+02    3.19261e+03
     Coulomb-14        LJ (SR)   Coulomb (SR)      Potential
    4.18964e+04   -6.21974e+03   -7.06555e+04   -1.27871e+04


DD  step 282999 load imb.: force 295.4%

Atom distribution over 20 domains: av 171 stddev 217 min 0 max 723
           Step           Time
         283000      566.00000


   Energies (kJ/mol)
           Bond          Angle    Proper Dih. Per. Imp. Dih.          LJ-14
    2.69108e+03    7.26942e+03    8.76954e+03    4.60213e+02    3.18502e+03
     Coulomb-14        LJ (SR)   Coulomb (SR)      Potential
    4.20274e+04   -6.10589e+03   -7.11278e+04   -1.28310e+04


DD  step 283499 load imb.: force 301.7%

Atom distribution over 20 domains: av 171 stddev 218 min 0 max 713
           Step           Time
         283500      567.00000


   Energies (kJ/mol)
           Bond          Angle    Proper Dih. Per. Imp. Dih.          LJ-14
    2.61992e+03    7.22023e+03    8.90594e+03    4.18362e+02    3.22849e+03
     Coulomb-14        LJ (SR)   Coulomb (SR)      Potential
    4.17862e+04   -6.13784e+03   -7.07160e+04   -1.26747e+04


DD  step 283999 load imb.: force 318.9%

Atom distribution over 20 domains: av 171 stddev 216 min 0 max 701
           Step           Time
         284000      568.00000


   Energies (kJ/mol)
           Bond          Angle    Proper Dih. Per. Imp. Dih.          LJ-14
    2.74464e+03    7.27177e+03    8.82969e+03    3.97225e+02    3.20466e+03
     Coulomb-14        LJ (SR)   Coulomb (SR)      Potential
    4.20102e+04   -6.12370e+03   -7.09788e+04   -1.26443e+04


DD  step 284499 load imb.: force 302.0%

Atom distribution over 20 domains: av 171 stddev 219 min 0 max 708
           Step           Time
         284500      569.00000


   Energies (kJ/mol)
           Bond          Angle    Proper Dih. Per. Imp. Dih.          LJ-14
    2.76453e+03    7.41898e+03    8.86978e+03    4.31656e+02    3.11131e+03
     Coulomb-14        LJ (SR)   Coulomb (SR)      Potential
    4.20182e+04   -6.16328e+03   -7.09812e+04   -1.25301e+04


DD  step 284999 load imb.: force 305.0%

Atom distribution over 20 domains: av 171 stddev 219 min 0 max 739
           Step           Time
         285000      570.00000


   Energies (kJ/mol)
           Bond          Angle    Proper Dih. Per. Imp. Dih.          LJ-14
    2.74715e+03    7.30757e+03    8.95366e+03    4.32983e+02    3.19505e+03
     Coulomb-14        LJ (SR)   Coulomb (SR)      Potential
    4.18548e+04   -6.28083e+03   -7.11309e+04   -1.29204e+04


DD  step 285499 load imb.: force 324.0%

Atom distribution over 20 domains: av 171 stddev 221 min 0 max 749
           Step           Time
         285500      571.00000


   Energies (kJ/mol)
           Bond          Angle    Proper Dih. Per. Imp. Dih.          LJ-14
    2.57283e+03    7.25683e+03    8.91753e+03    4.48730e+02    3.14738e+03
     Coulomb-14        LJ (SR)   Coulomb (SR)      Potential
    4.20578e+04   -6.16586e+03   -7.10337e+04   -1.27984e+04


DD  step 285999 load imb.: force 329.7%

Atom distribution over 20 domains: av 171 stddev 223 min 0 max 776
           Step           Time
         286000      572.00000


   Energies (kJ/mol)
           Bond          Angle    Proper Dih. Per. Imp. Dih.          LJ-14
    2.76356e+03    7.23488e+03    8.91380e+03    4.08108e+02    3.11858e+03
     Coulomb-14        LJ (SR)   Coulomb (SR)      Potential
    4.16827e+04   -6.01738e+03   -7.11624e+04   -1.30581e+04


DD  step 286499 load imb.: force 344.3%

Atom distribution over 20 domains: av 171 stddev 219 min 0 max 736
           Step           Time
         286500      573.00000


   Energies (kJ/mol)
           Bond          Angle    Proper Dih. Per. Imp. Dih.          LJ-14
    2.79669e+03    7.16338e+03    8.81915e+03    4.19088e+02    3.20927e+03
     Coulomb-14        LJ (SR)   Coulomb (SR)      Potential
    4.21290e+04   -6.13199e+03   -7.16016e+04   -1.31970e+04


DD  step 286999 load imb.: force 326.5%

Atom distribution over 20 domains: av 171 stddev 220 min 0 max 745
           Step           Time
         287000      574.00000


   Energies (kJ/mol)
           Bond          Angle    Proper Dih. Per. Imp. Dih.          LJ-14
    2.62526e+03    7.30461e+03    8.87108e+03    4.49742e+02    3.25755e+03
     Coulomb-14        LJ (SR)   Coulomb (SR)      Potential
    4.22672e+04   -6.20292e+03   -7.14837e+04   -1.29112e+04


DD  step 287499 load imb.: force 331.6%

Atom distribution over 20 domains: av 171 stddev 227 min 0 max 812
           Step           Time
         287500      575.00000


   Energies (kJ/mol)
           Bond          Angle    Proper Dih. Per. Imp. Dih.          LJ-14
    2.66345e+03    7.25012e+03    8.81609e+03    4.44613e+02    3.13727e+03
     Coulomb-14        LJ (SR)   Coulomb (SR)      Potential
    4.18800e+04   -6.06825e+03   -7.14565e+04   -1.33332e+04


DD  step 287999 load imb.: force 367.0%

Atom distribution over 20 domains: av 171 stddev 222 min 0 max 775
           Step           Time
         288000      576.00000


   Energies (kJ/mol)
           Bond          Angle    Proper Dih. Per. Imp. Dih.          LJ-14
    2.79955e+03    7.19358e+03    8.84396e+03    3.97377e+02    3.13138e+03
     Coulomb-14        LJ (SR)   Coulomb (SR)      Potential
    4.17002e+04   -6.33037e+03   -7.10619e+04   -1.33262e+04


DD  step 288499 load imb.: force 343.8%

Atom distribution over 20 domains: av 171 stddev 220 min 0 max 761
           Step           Time
         288500      577.00000


   Energies (kJ/mol)
           Bond          Angle    Proper Dih. Per. Imp. Dih.          LJ-14
    2.57870e+03    7.04694e+03    8.88592e+03    4.26786e+02    3.17735e+03
     Coulomb-14        LJ (SR)   Coulomb (SR)      Potential
    4.18765e+04   -6.03295e+03   -7.13297e+04   -1.33705e+04


DD  step 288999 load imb.: force 339.8%

Atom distribution over 20 domains: av 171 stddev 219 min 0 max 748
           Step           Time
         289000      578.00000


   Energies (kJ/mol)
           Bond          Angle    Proper Dih. Per. Imp. Dih.          LJ-14
    2.66892e+03    7.22000e+03    8.83814e+03    4.67241e+02    3.10604e+03
     Coulomb-14        LJ (SR)   Coulomb (SR)      Potential
    4.18357e+04   -6.18541e+03   -7.10046e+04   -1.30540e+04


DD  step 289499 load imb.: force 326.5%

Atom distribution over 20 domains: av 171 stddev 220 min 0 max 759
           Step           Time
         289500      579.00000


   Energies (kJ/mol)
           Bond          Angle    Proper Dih. Per. Imp. Dih.          LJ-14
    2.57346e+03    7.09628e+03    8.83334e+03    4.59642e+02    3.20160e+03
     Coulomb-14        LJ (SR)   Coulomb (SR)      Potential
    4.19392e+04   -6.07403e+03   -7.13750e+04   -1.33455e+04


DD  step 289999 load imb.: force 335.9%

Atom distribution over 20 domains: av 171 stddev 221 min 0 max 757
           Step           Time
         290000      580.00000


   Energies (kJ/mol)
           Bond          Angle    Proper Dih. Per. Imp. Dih.          LJ-14
    2.78669e+03    7.08806e+03    8.83994e+03    4.21038e+02    3.09336e+03
     Coulomb-14        LJ (SR)   Coulomb (SR)      Potential
    4.17790e+04   -6.12771e+03   -7.11733e+04   -1.32930e+04


DD  step 290499 load imb.: force 336.3%

Atom distribution over 20 domains: av 171 stddev 224 min 0 max 792
           Step           Time
         290500      581.00000


   Energies (kJ/mol)
           Bond          Angle    Proper Dih. Per. Imp. Dih.          LJ-14
    2.60056e+03    7.15854e+03    8.87271e+03    4.34819e+02    3.12974e+03
     Coulomb-14        LJ (SR)   Coulomb (SR)      Potential
    4.20074e+04   -6.15324e+03   -7.12060e+04   -1.31555e+04


DD  step 290999 load imb.: force 348.8%

Atom distribution over 20 domains: av 171 stddev 224 min 0 max 798
           Step           Time
         291000      582.00000


   Energies (kJ/mol)
           Bond          Angle    Proper Dih. Per. Imp. Dih.          LJ-14
    2.70715e+03    7.18791e+03    8.84316e+03    4.06355e+02    3.07199e+03
     Coulomb-14        LJ (SR)   Coulomb (SR)      Potential
    4.20155e+04   -6.20590e+03   -7.08870e+04   -1.28608e+04


DD  step 291499 load imb.: force 363.8%

Atom distribution over 20 domains: av 171 stddev 223 min 0 max 771
           Step           Time
         291500      583.00000


   Energies (kJ/mol)
           Bond          Angle    Proper Dih. Per. Imp. Dih.          LJ-14
    2.73483e+03    7.15577e+03    8.93304e+03    4.21634e+02    3.14073e+03
     Coulomb-14        LJ (SR)   Coulomb (SR)      Potential
    4.20179e+04   -6.04665e+03   -7.14050e+04   -1.30478e+04


DD  step 291999 load imb.: force 348.0%

Atom distribution over 20 domains: av 171 stddev 220 min 0 max 726
           Step           Time
         292000      584.00000


   Energies (kJ/mol)
           Bond          Angle    Proper Dih. Per. Imp. Dih.          LJ-14
    2.65178e+03    7.22081e+03    8.94753e+03    4.72728e+02    3.23210e+03
     Coulomb-14        LJ (SR)   Coulomb (SR)      Potential
    4.20034e+04   -6.10479e+03   -7.10723e+04   -1.26488e+04


DD  step 292499 load imb.: force 307.3%

Atom distribution over 20 domains: av 171 stddev 219 min 0 max 711
           Step           Time
         292500      585.00000


   Energies (kJ/mol)
           Bond          Angle    Proper Dih. Per. Imp. Dih.          LJ-14
    2.64799e+03    7.26338e+03    8.91787e+03    4.72755e+02    3.16648e+03
     Coulomb-14        LJ (SR)   Coulomb (SR)      Potential
    4.17930e+04   -6.00533e+03   -7.10875e+04   -1.28314e+04


DD  step 292999 load imb.: force 300.7%

Atom distribution over 20 domains: av 171 stddev 218 min 0 max 695
           Step           Time
         293000      586.00000


   Energies (kJ/mol)
           Bond          Angle    Proper Dih. Per. Imp. Dih.          LJ-14
    2.73815e+03    7.28286e+03    8.95131e+03    4.27142e+02    3.13798e+03
     Coulomb-14        LJ (SR)   Coulomb (SR)      Potential
    4.17265e+04   -6.07531e+03   -7.12624e+04   -1.30738e+04


DD  step 293499 load imb.: force 291.1%

Atom distribution over 20 domains: av 171 stddev 221 min 0 max 741
           Step           Time
         293500      587.00000


   Energies (kJ/mol)
           Bond          Angle    Proper Dih. Per. Imp. Dih.          LJ-14
    2.64361e+03    7.36599e+03    8.77496e+03    4.29857e+02    3.19876e+03
     Coulomb-14        LJ (SR)   Coulomb (SR)      Potential
    4.20133e+04   -6.09599e+03   -7.12478e+04   -1.29173e+04


DD  step 293999 load imb.: force 322.9%

Atom distribution over 20 domains: av 171 stddev 223 min 0 max 755
           Step           Time
         294000      588.00000


   Energies (kJ/mol)
           Bond          Angle    Proper Dih. Per. Imp. Dih.          LJ-14
    2.81912e+03    7.36903e+03    8.84092e+03    4.39403e+02    3.17637e+03
     Coulomb-14        LJ (SR)   Coulomb (SR)      Potential
    4.17835e+04   -6.11372e+03   -7.10036e+04   -1.26890e+04


DD  step 294499 load imb.: force 330.4%

Atom distribution over 20 domains: av 171 stddev 230 min 0 max 830
           Step           Time
         294500      589.00000


   Energies (kJ/mol)
           Bond          Angle    Proper Dih. Per. Imp. Dih.          LJ-14
    2.64734e+03    7.34806e+03    8.86699e+03    4.57431e+02    3.15614e+03
     Coulomb-14        LJ (SR)   Coulomb (SR)      Potential
    4.20651e+04   -6.29000e+03   -7.13102e+04   -1.30592e+04


DD  step 294999 load imb.: force 386.1%

Atom distribution over 20 domains: av 171 stddev 224 min 0 max 791
           Step           Time
         295000      590.00000


   Energies (kJ/mol)
           Bond          Angle    Proper Dih. Per. Imp. Dih.          LJ-14
    2.68342e+03    7.47969e+03    8.84644e+03    4.08003e+02    3.18135e+03
     Coulomb-14        LJ (SR)   Coulomb (SR)      Potential
    4.17604e+04   -6.16087e+03   -7.12400e+04   -1.30416e+04


DD  step 295499 load imb.: force 358.3%

Atom distribution over 20 domains: av 171 stddev 227 min 0 max 820
           Step           Time
         295500      591.00000


   Energies (kJ/mol)
           Bond          Angle    Proper Dih. Per. Imp. Dih.          LJ-14
    2.75671e+03    7.14489e+03    8.96462e+03    4.13761e+02    3.12174e+03
     Coulomb-14        LJ (SR)   Coulomb (SR)      Potential
    4.18412e+04   -6.13685e+03   -7.11212e+04   -1.30151e+04


DD  step 295999 load imb.: force 361.0%

Atom distribution over 20 domains: av 171 stddev 227 min 0 max 811
           Step           Time
         296000      592.00000


   Energies (kJ/mol)
           Bond          Angle    Proper Dih. Per. Imp. Dih.          LJ-14
    2.64734e+03    7.17698e+03    8.87857e+03    4.08310e+02    3.13232e+03
     Coulomb-14        LJ (SR)   Coulomb (SR)      Potential
    4.18471e+04   -6.11404e+03   -7.12417e+04   -1.32651e+04


DD  step 296499 load imb.: force 364.4%

Atom distribution over 20 domains: av 171 stddev 225 min 0 max 790
           Step           Time
         296500      593.00000


   Energies (kJ/mol)
           Bond          Angle    Proper Dih. Per. Imp. Dih.          LJ-14
    2.59041e+03    7.00643e+03    8.78121e+03    4.14559e+02    3.18537e+03
     Coulomb-14        LJ (SR)   Coulomb (SR)      Potential
    4.19441e+04   -6.15722e+03   -7.11322e+04   -1.33673e+04


DD  step 296999 load imb.: force 361.8%

Atom distribution over 20 domains: av 171 stddev 224 min 0 max 778
           Step           Time
         297000      594.00000


   Energies (kJ/mol)
           Bond          Angle    Proper Dih. Per. Imp. Dih.          LJ-14
    2.68447e+03    7.15487e+03    8.80989e+03    4.18590e+02    3.17140e+03
     Coulomb-14        LJ (SR)   Coulomb (SR)      Potential
    4.18736e+04   -6.10205e+03   -7.13896e+04   -1.33789e+04


DD  step 297499 load imb.: force 344.2%

Atom distribution over 20 domains: av 171 stddev 228 min 0 max 812
           Step           Time
         297500      595.00000


   Energies (kJ/mol)
           Bond          Angle    Proper Dih. Per. Imp. Dih.          LJ-14
    2.70449e+03    7.08887e+03    8.82587e+03    4.26360e+02    3.07581e+03
     Coulomb-14        LJ (SR)   Coulomb (SR)      Potential
    4.18776e+04   -6.22398e+03   -7.11869e+04   -1.34119e+04


DD  step 297999 load imb.: force 369.7%

Atom distribution over 20 domains: av 171 stddev 226 min 0 max 808
           Step           Time
         298000      596.00000


   Energies (kJ/mol)
           Bond          Angle    Proper Dih. Per. Imp. Dih.          LJ-14
    2.69973e+03    7.34774e+03    8.87992e+03    4.16018e+02    3.07833e+03
     Coulomb-14        LJ (SR)   Coulomb (SR)      Potential
    4.15802e+04   -6.05420e+03   -7.11424e+04   -1.31947e+04


DD  step 298499 load imb.: force 374.9%

Atom distribution over 20 domains: av 171 stddev 229 min 0 max 824
           Step           Time
         298500      597.00000


   Energies (kJ/mol)
           Bond          Angle    Proper Dih. Per. Imp. Dih.          LJ-14
    2.57675e+03    7.28497e+03    8.89303e+03    4.58116e+02    3.24529e+03
     Coulomb-14        LJ (SR)   Coulomb (SR)      Potential
    4.18324e+04   -6.03866e+03   -7.11607e+04   -1.29088e+04


DD  step 298999 load imb.: force 386.3%

Atom distribution over 20 domains: av 171 stddev 229 min 0 max 808
           Step           Time
         299000      598.00000


   Energies (kJ/mol)
           Bond          Angle    Proper Dih. Per. Imp. Dih.          LJ-14
    2.44673e+03    7.29050e+03    8.80698e+03    4.76045e+02    3.23847e+03
     Coulomb-14        LJ (SR)   Coulomb (SR)      Potential
    4.17739e+04   -6.12636e+03   -7.11288e+04   -1.32225e+04


DD  step 299499 load imb.: force 373.7%

Atom distribution over 20 domains: av 171 stddev 226 min 0 max 784
           Step           Time
         299500      599.00000


   Energies (kJ/mol)
           Bond          Angle    Proper Dih. Per. Imp. Dih.          LJ-14
    2.61343e+03    7.07152e+03    8.90371e+03    3.85554e+02    3.19059e+03
     Coulomb-14        LJ (SR)   Coulomb (SR)      Potential
    4.18553e+04   -6.13371e+03   -7.10678e+04   -1.31814e+04


DD  step 299999 load imb.: force 348.8%

Atom distribution over 20 domains: av 171 stddev 223 min 0 max 751
           Step           Time
         300000      600.00000


   Energies (kJ/mol)
           Bond          Angle    Proper Dih. Per. Imp. Dih.          LJ-14
    2.57316e+03    7.23501e+03    8.95923e+03    4.05810e+02    3.24581e+03
     Coulomb-14        LJ (SR)   Coulomb (SR)      Potential
    4.19865e+04   -6.12510e+03   -7.11404e+04   -1.28600e+04


DD  step 300499 load imb.: force 336.3%

Atom distribution over 20 domains: av 171 stddev 227 min 0 max 781
           Step           Time
         300500      601.00000


   Energies (kJ/mol)
           Bond          Angle    Proper Dih. Per. Imp. Dih.          LJ-14
    2.72762e+03    7.09742e+03    8.79649e+03    4.81902e+02    3.16115e+03
     Coulomb-14        LJ (SR)   Coulomb (SR)      Potential
    4.17914e+04   -6.15680e+03   -7.13010e+04   -1.34018e+04


DD  step 300999 load imb.: force 354.7%

Atom distribution over 20 domains: av 171 stddev 230 min 0 max 788
           Step           Time
         301000      602.00000


   Energies (kJ/mol)
           Bond          Angle    Proper Dih. Per. Imp. Dih.          LJ-14
    2.71243e+03    7.20405e+03    8.92475e+03    4.84387e+02    3.13856e+03
     Coulomb-14        LJ (SR)   Coulomb (SR)      Potential
    4.18535e+04   -6.10969e+03   -7.12613e+04   -1.30533e+04


DD  step 301499 load imb.: force 356.9%

Atom distribution over 20 domains: av 171 stddev 231 min 0 max 811
           Step           Time
         301500      603.00000


   Energies (kJ/mol)
           Bond          Angle    Proper Dih. Per. Imp. Dih.          LJ-14
    2.63372e+03    7.25137e+03    8.84701e+03    4.70257e+02    3.08915e+03
     Coulomb-14        LJ (SR)   Coulomb (SR)      Potential
    4.20275e+04   -6.21565e+03   -7.12413e+04   -1.31380e+04


DD  step 301999 load imb.: force 369.8%

Atom distribution over 20 domains: av 171 stddev 230 min 0 max 818
           Step           Time
         302000      604.00000


   Energies (kJ/mol)
           Bond          Angle    Proper Dih. Per. Imp. Dih.          LJ-14
    2.59817e+03    7.24376e+03    8.90050e+03    4.36425e+02    3.26079e+03
     Coulomb-14        LJ (SR)   Coulomb (SR)      Potential
    4.20042e+04   -6.07312e+03   -7.12511e+04   -1.28804e+04


DD  step 302499 load imb.: force 378.8%

Atom distribution over 20 domains: av 171 stddev 227 min 0 max 804
           Step           Time
         302500      605.00000


   Energies (kJ/mol)
           Bond          Angle    Proper Dih. Per. Imp. Dih.          LJ-14
    2.64035e+03    7.38182e+03    8.84001e+03    4.09142e+02    3.17655e+03
     Coulomb-14        LJ (SR)   Coulomb (SR)      Potential
    4.21351e+04   -6.19023e+03   -7.13724e+04   -1.29797e+04


DD  step 302999 load imb.: force 370.2%

Atom distribution over 20 domains: av 171 stddev 231 min 0 max 823
           Step           Time
         303000      606.00000


   Energies (kJ/mol)
           Bond          Angle    Proper Dih. Per. Imp. Dih.          LJ-14
    2.51093e+03    7.34091e+03    8.89343e+03    4.56862e+02    3.17085e+03
     Coulomb-14        LJ (SR)   Coulomb (SR)      Potential
    4.18708e+04   -6.13130e+03   -7.08224e+04   -1.27099e+04


DD  step 303499 load imb.: force 375.5%

Atom distribution over 20 domains: av 171 stddev 230 min 0 max 811
           Step           Time
         303500      607.00000


   Energies (kJ/mol)
           Bond          Angle    Proper Dih. Per. Imp. Dih.          LJ-14
    2.81378e+03    7.19047e+03    8.90294e+03    3.88382e+02    3.13652e+03
     Coulomb-14        LJ (SR)   Coulomb (SR)      Potential
    4.17806e+04   -6.01232e+03   -7.11437e+04   -1.29433e+04


DD  step 303999 load imb.: force 376.2%

Atom distribution over 20 domains: av 171 stddev 230 min 0 max 831
           Step           Time
         304000      608.00000


   Energies (kJ/mol)
           Bond          Angle    Proper Dih. Per. Imp. Dih.          LJ-14
    2.79149e+03    7.14213e+03    8.88072e+03    4.24924e+02    3.06581e+03
     Coulomb-14        LJ (SR)   Coulomb (SR)      Potential
    4.17556e+04   -6.27307e+03   -7.06561e+04   -1.28685e+04


DD  step 304499 load imb.: force 386.2%

Atom distribution over 20 domains: av 171 stddev 233 min 0 max 852
           Step           Time
         304500      609.00000


   Energies (kJ/mol)
           Bond          Angle    Proper Dih. Per. Imp. Dih.          LJ-14
    2.68405e+03    6.95646e+03    8.80623e+03    4.16527e+02    3.22845e+03
     Coulomb-14        LJ (SR)   Coulomb (SR)      Potential
    4.19883e+04   -6.07769e+03   -7.09369e+04   -1.29346e+04


DD  step 304999 load imb.: force 400.5%

Atom distribution over 20 domains: av 171 stddev 229 min 0 max 815
           Step           Time
         305000      610.00000


   Energies (kJ/mol)
           Bond          Angle    Proper Dih. Per. Imp. Dih.          LJ-14
    2.53756e+03    6.98746e+03    8.90472e+03    4.41274e+02    3.08624e+03
     Coulomb-14        LJ (SR)   Coulomb (SR)      Potential
    4.19245e+04   -6.22524e+03   -7.10175e+04   -1.33610e+04


DD  step 305499 load imb.: force 377.8%

Atom distribution over 20 domains: av 171 stddev 223 min 0 max 741
           Step           Time
         305500      611.00000


   Energies (kJ/mol)
           Bond          Angle    Proper Dih. Per. Imp. Dih.          LJ-14
    2.60475e+03    7.19304e+03    8.98240e+03    4.38773e+02    3.15120e+03
     Coulomb-14        LJ (SR)   Coulomb (SR)      Potential
    4.18958e+04   -6.11772e+03   -7.12216e+04   -1.30733e+04


DD  step 305999 load imb.: force 325.7%

Atom distribution over 20 domains: av 171 stddev 225 min 0 max 772
           Step           Time
         306000      612.00000


   Energies (kJ/mol)
           Bond          Angle    Proper Dih. Per. Imp. Dih.          LJ-14
    2.66094e+03    6.99388e+03    8.93219e+03    4.06101e+02    3.14324e+03
     Coulomb-14        LJ (SR)   Coulomb (SR)      Potential
    4.18806e+04   -6.14284e+03   -7.14405e+04   -1.35664e+04


DD  step 306499 load imb.: force 348.1%

Atom distribution over 20 domains: av 171 stddev 231 min 0 max 827
           Step           Time
         306500      613.00000


   Energies (kJ/mol)
           Bond          Angle    Proper Dih. Per. Imp. Dih.          LJ-14
    2.63770e+03    7.22807e+03    8.97637e+03    4.04720e+02    3.10254e+03
     Coulomb-14        LJ (SR)   Coulomb (SR)      Potential
    4.18165e+04   -6.11027e+03   -7.10496e+04   -1.29940e+04


DD  step 306999 load imb.: force 384.9%

Atom distribution over 20 domains: av 171 stddev 229 min 0 max 813
           Step           Time
         307000      614.00000


   Energies (kJ/mol)
           Bond          Angle    Proper Dih. Per. Imp. Dih.          LJ-14
    2.57848e+03    7.15514e+03    8.91579e+03    4.19585e+02    3.14325e+03
     Coulomb-14        LJ (SR)   Coulomb (SR)      Potential
    4.18608e+04   -6.05369e+03   -7.13220e+04   -1.33026e+04


DD  step 307499 load imb.: force 367.3%

Atom distribution over 20 domains: av 171 stddev 232 min 0 max 815
           Step           Time
         307500      615.00000


   Energies (kJ/mol)
           Bond          Angle    Proper Dih. Per. Imp. Dih.          LJ-14
    2.59780e+03    7.24904e+03    8.83179e+03    3.91577e+02    3.15408e+03
     Coulomb-14        LJ (SR)   Coulomb (SR)      Potential
    4.18561e+04   -5.98895e+03   -7.12577e+04   -1.31663e+04


DD  step 307999 load imb.: force 373.9%

Atom distribution over 20 domains: av 171 stddev 235 min 0 max 852
           Step           Time
         308000      616.00000


   Energies (kJ/mol)
           Bond          Angle    Proper Dih. Per. Imp. Dih.          LJ-14
    2.58857e+03    7.39432e+03    8.81742e+03    4.25438e+02    3.16208e+03
     Coulomb-14        LJ (SR)   Coulomb (SR)      Potential
    4.18669e+04   -6.22578e+03   -7.12677e+04   -1.32388e+04


DD  step 308499 load imb.: force 393.8%

Atom distribution over 20 domains: av 171 stddev 232 min 0 max 809
           Step           Time
         308500      617.00000


   Energies (kJ/mol)
           Bond          Angle    Proper Dih. Per. Imp. Dih.          LJ-14
    2.73165e+03    7.20646e+03    8.99710e+03    4.66415e+02    3.19410e+03
     Coulomb-14        LJ (SR)   Coulomb (SR)      Potential
    4.17385e+04   -6.22973e+03   -7.10877e+04   -1.29832e+04


DD  step 308999 load imb.: force 361.0%

Atom distribution over 20 domains: av 171 stddev 228 min 0 max 780
           Step           Time
         309000      618.00000


   Energies (kJ/mol)
           Bond          Angle    Proper Dih. Per. Imp. Dih.          LJ-14
    2.62504e+03    6.92082e+03    8.88701e+03    3.81518e+02    3.22188e+03
     Coulomb-14        LJ (SR)   Coulomb (SR)      Potential
    4.19619e+04   -6.05827e+03   -7.11887e+04   -1.32488e+04


DD  step 309499 load imb.: force 356.5%

Atom distribution over 20 domains: av 171 stddev 227 min 0 max 772
           Step           Time
         309500      619.00000


   Energies (kJ/mol)
           Bond          Angle    Proper Dih. Per. Imp. Dih.          LJ-14
    2.67048e+03    7.31183e+03    8.75556e+03    4.46945e+02    3.09984e+03
     Coulomb-14        LJ (SR)   Coulomb (SR)      Potential
    4.17497e+04   -6.08157e+03   -7.09437e+04   -1.29909e+04


DD  step 309999 load imb.: force 348.2%

Atom distribution over 20 domains: av 171 stddev 229 min 0 max 787
           Step           Time
         310000      620.00000


   Energies (kJ/mol)
           Bond          Angle    Proper Dih. Per. Imp. Dih.          LJ-14
    2.60893e+03    7.20524e+03    8.89047e+03    4.18849e+02    3.15302e+03
     Coulomb-14        LJ (SR)   Coulomb (SR)      Potential
    4.17649e+04   -6.22066e+03   -7.10656e+04   -1.32449e+04


DD  step 310499 load imb.: force 353.0%

Atom distribution over 20 domains: av 171 stddev 226 min 0 max 749
           Step           Time
         310500      621.00000


   Energies (kJ/mol)
           Bond          Angle    Proper Dih. Per. Imp. Dih.          LJ-14
    2.74703e+03    7.07051e+03    8.78536e+03    4.26945e+02    3.12059e+03
     Coulomb-14        LJ (SR)   Coulomb (SR)      Potential
    4.18301e+04   -6.28539e+03   -7.10279e+04   -1.33327e+04


DD  step 310999 load imb.: force 334.0%

Atom distribution over 20 domains: av 171 stddev 229 min 0 max 790
           Step           Time
         311000      622.00000


   Energies (kJ/mol)
           Bond          Angle    Proper Dih. Per. Imp. Dih.          LJ-14
    2.66718e+03    7.18141e+03    9.02836e+03    3.92172e+02    3.18499e+03
     Coulomb-14        LJ (SR)   Coulomb (SR)      Potential
    4.19232e+04   -6.28316e+03   -7.10020e+04   -1.29079e+04


DD  step 311499 load imb.: force 351.1%

Atom distribution over 20 domains: av 171 stddev 229 min 0 max 799
           Step           Time
         311500      623.00000


   Energies (kJ/mol)
           Bond          Angle    Proper Dih. Per. Imp. Dih.          LJ-14
    2.75015e+03    7.23152e+03    8.75567e+03    4.70992e+02    3.14274e+03
     Coulomb-14        LJ (SR)   Coulomb (SR)      Potential
    4.15675e+04   -6.18072e+03   -7.08505e+04   -1.31126e+04


DD  step 311999 load imb.: force 369.0%

Atom distribution over 20 domains: av 171 stddev 227 min 0 max 753
           Step           Time
         312000      624.00000


   Energies (kJ/mol)
           Bond          Angle    Proper Dih. Per. Imp. Dih.          LJ-14
    2.54490e+03    7.35139e+03    8.79628e+03    4.10318e+02    3.13944e+03
     Coulomb-14        LJ (SR)   Coulomb (SR)      Potential
    4.18457e+04   -6.36788e+03   -7.11292e+04   -1.34090e+04


DD  step 312499 load imb.: force 340.1%

Atom distribution over 20 domains: av 171 stddev 230 min 0 max 779
           Step           Time
         312500      625.00000


   Energies (kJ/mol)
           Bond          Angle    Proper Dih. Per. Imp. Dih.          LJ-14
    2.67219e+03    7.13968e+03    8.96625e+03    3.96346e+02    3.08823e+03
     Coulomb-14        LJ (SR)   Coulomb (SR)      Potential
    4.19541e+04   -6.28535e+03   -7.13942e+04   -1.34627e+04


DD  step 312999 load imb.: force 360.3%

Atom distribution over 20 domains: av 171 stddev 227 min 0 max 778
           Step           Time
         313000      626.00000


   Energies (kJ/mol)
           Bond          Angle    Proper Dih. Per. Imp. Dih.          LJ-14
    2.57068e+03    7.22783e+03    8.91762e+03    4.70618e+02    3.20772e+03
     Coulomb-14        LJ (SR)   Coulomb (SR)      Potential
    4.19141e+04   -6.30165e+03   -7.12302e+04   -1.32233e+04


DD  step 313499 load imb.: force 354.1%

Atom distribution over 20 domains: av 171 stddev 227 min 0 max 791
           Step           Time
         313500      627.00000


   Energies (kJ/mol)
           Bond          Angle    Proper Dih. Per. Imp. Dih.          LJ-14
    2.78576e+03    7.09525e+03    8.72612e+03    4.55758e+02    3.09263e+03
     Coulomb-14        LJ (SR)   Coulomb (SR)      Potential
    4.18842e+04   -6.28041e+03   -7.08882e+04   -1.31289e+04


DD  step 313999 load imb.: force 362.4%

Atom distribution over 20 domains: av 171 stddev 228 min 0 max 821
           Step           Time
         314000      628.00000


   Energies (kJ/mol)
           Bond          Angle    Proper Dih. Per. Imp. Dih.          LJ-14
    2.71446e+03    7.24358e+03    8.83927e+03    4.04156e+02    3.09125e+03
     Coulomb-14        LJ (SR)   Coulomb (SR)      Potential
    4.17607e+04   -6.15839e+03   -7.11478e+04   -1.32528e+04


DD  step 314499 load imb.: force 372.9%

Atom distribution over 20 domains: av 171 stddev 228 min 0 max 800
           Step           Time
         314500      629.00000


   Energies (kJ/mol)
           Bond          Angle    Proper Dih. Per. Imp. Dih.          LJ-14
    2.66954e+03    7.14922e+03    8.82897e+03    4.13931e+02    3.10207e+03
     Coulomb-14        LJ (SR)   Coulomb (SR)      Potential
    4.19248e+04   -6.24135e+03   -7.12075e+04   -1.33603e+04


DD  step 314999 load imb.: force 349.1%

Atom distribution over 20 domains: av 171 stddev 226 min 0 max 789
           Step           Time
         315000      630.00000


   Energies (kJ/mol)
           Bond          Angle    Proper Dih. Per. Imp. Dih.          LJ-14
    2.71349e+03    7.33086e+03    8.81814e+03    4.24145e+02    3.21082e+03
     Coulomb-14        LJ (SR)   Coulomb (SR)      Potential
    4.16321e+04   -6.25199e+03   -7.08851e+04   -1.30075e+04


DD  step 315499 load imb.: force 360.4%

Atom distribution over 20 domains: av 171 stddev 226 min 0 max 776
           Step           Time
         315500      631.00000


   Energies (kJ/mol)
           Bond          Angle    Proper Dih. Per. Imp. Dih.          LJ-14
    2.67338e+03    7.14926e+03    8.75847e+03    4.59894e+02    3.12419e+03
     Coulomb-14        LJ (SR)   Coulomb (SR)      Potential
    4.18032e+04   -6.09872e+03   -7.09547e+04   -1.30850e+04


DD  step 315999 load imb.: force 347.6%

Atom distribution over 20 domains: av 171 stddev 230 min 0 max 814
           Step           Time
         316000      632.00000


   Energies (kJ/mol)
           Bond          Angle    Proper Dih. Per. Imp. Dih.          LJ-14
    2.65882e+03    6.96451e+03    8.80793e+03    4.48896e+02    3.26656e+03
     Coulomb-14        LJ (SR)   Coulomb (SR)      Potential
    4.19889e+04   -6.28541e+03   -7.09938e+04   -1.31435e+04


DD  step 316499 load imb.: force 368.2%

Atom distribution over 20 domains: av 171 stddev 230 min 0 max 813
           Step           Time
         316500      633.00000


   Energies (kJ/mol)
           Bond          Angle    Proper Dih. Per. Imp. Dih.          LJ-14
    2.71016e+03    7.31887e+03    8.76543e+03    4.33954e+02    3.07157e+03
     Coulomb-14        LJ (SR)   Coulomb (SR)      Potential
    4.17222e+04   -6.18678e+03   -7.10928e+04   -1.32574e+04


DD  step 316999 load imb.: force 369.2%

Atom distribution over 20 domains: av 171 stddev 228 min 0 max 780
           Step           Time
         317000      634.00000


   Energies (kJ/mol)
           Bond          Angle    Proper Dih. Per. Imp. Dih.          LJ-14
    2.83698e+03    7.08147e+03    8.86515e+03    3.88937e+02    3.10368e+03
     Coulomb-14        LJ (SR)   Coulomb (SR)      Potential
    4.17884e+04   -6.16309e+03   -7.09395e+04   -1.30380e+04


DD  step 317499 load imb.: force 345.9%

Atom distribution over 20 domains: av 171 stddev 230 min 0 max 829
           Step           Time
         317500      635.00000


   Energies (kJ/mol)
           Bond          Angle    Proper Dih. Per. Imp. Dih.          LJ-14
    2.71028e+03    7.03735e+03    8.95569e+03    4.07355e+02    3.13321e+03
     Coulomb-14        LJ (SR)   Coulomb (SR)      Potential
    4.18387e+04   -6.08424e+03   -7.10396e+04   -1.30412e+04


DD  step 317999 load imb.: force 380.3%

Atom distribution over 20 domains: av 171 stddev 236 min 0 max 872
           Step           Time
         318000      636.00000


   Energies (kJ/mol)
           Bond          Angle    Proper Dih. Per. Imp. Dih.          LJ-14
    2.52586e+03    7.07050e+03    8.76951e+03    3.84598e+02    3.19572e+03
     Coulomb-14        LJ (SR)   Coulomb (SR)      Potential
    4.21970e+04   -6.07467e+03   -7.12276e+04   -1.31591e+04


DD  step 318499 load imb.: force 404.3%

Atom distribution over 20 domains: av 171 stddev 238 min 0 max 886
           Step           Time
         318500      637.00000


   Energies (kJ/mol)
           Bond          Angle    Proper Dih. Per. Imp. Dih.          LJ-14
    2.65243e+03    7.03773e+03    8.81929e+03    4.12548e+02    3.10215e+03
     Coulomb-14        LJ (SR)   Coulomb (SR)      Potential
    4.18265e+04   -6.22895e+03   -7.12024e+04   -1.35806e+04


DD  step 318999 load imb.: force 431.2%

Atom distribution over 20 domains: av 171 stddev 232 min 0 max 835
           Step           Time
         319000      638.00000


   Energies (kJ/mol)
           Bond          Angle    Proper Dih. Per. Imp. Dih.          LJ-14
    2.62243e+03    7.02931e+03    8.83093e+03    4.27005e+02    3.12317e+03
     Coulomb-14        LJ (SR)   Coulomb (SR)      Potential
    4.16210e+04   -6.13123e+03   -7.07792e+04   -1.32567e+04


DD  step 319499 load imb.: force 383.1%

Atom distribution over 20 domains: av 171 stddev 230 min 0 max 806
           Step           Time
         319500      639.00000


   Energies (kJ/mol)
           Bond          Angle    Proper Dih. Per. Imp. Dih.          LJ-14
    2.66237e+03    7.02653e+03    8.97498e+03    4.44805e+02    3.13777e+03
     Coulomb-14        LJ (SR)   Coulomb (SR)      Potential
    4.18500e+04   -6.10829e+03   -7.11101e+04   -1.31219e+04


DD  step 319999 load imb.: force 361.4%

Atom distribution over 20 domains: av 171 stddev 230 min 0 max 813
           Step           Time
         320000      640.00000


   Energies (kJ/mol)
           Bond          Angle    Proper Dih. Per. Imp. Dih.          LJ-14
    2.54718e+03    7.10980e+03    8.83024e+03    4.62378e+02    3.18061e+03
     Coulomb-14        LJ (SR)   Coulomb (SR)      Potential
    4.18450e+04   -6.13243e+03   -7.10224e+04   -1.31796e+04


DD  step 320499 load imb.: force 371.4%

Atom distribution over 20 domains: av 171 stddev 228 min 0 max 792
           Step           Time
         320500      641.00000


   Energies (kJ/mol)
           Bond          Angle    Proper Dih. Per. Imp. Dih.          LJ-14
    2.53295e+03    7.21702e+03    8.84161e+03    4.08685e+02    3.11666e+03
     Coulomb-14        LJ (SR)   Coulomb (SR)      Potential
    4.17532e+04   -6.11667e+03   -7.09694e+04   -1.32159e+04


DD  step 320999 load imb.: force 365.7%

Atom distribution over 20 domains: av 171 stddev 226 min 0 max 765
           Step           Time
         321000      642.00000


   Energies (kJ/mol)
           Bond          Angle    Proper Dih. Per. Imp. Dih.          LJ-14
    2.62715e+03    7.14770e+03    8.87205e+03    4.88771e+02    3.09797e+03
     Coulomb-14        LJ (SR)   Coulomb (SR)      Potential
    4.19853e+04   -6.29418e+03   -7.09597e+04   -1.30349e+04


DD  step 321499 load imb.: force 340.8%

Atom distribution over 20 domains: av 171 stddev 230 min 0 max 801
           Step           Time
         321500      643.00000


   Energies (kJ/mol)
           Bond          Angle    Proper Dih. Per. Imp. Dih.          LJ-14
    2.76640e+03    7.24542e+03    8.75835e+03    4.43082e+02    3.16604e+03
     Coulomb-14        LJ (SR)   Coulomb (SR)      Potential
    4.19574e+04   -6.24744e+03   -7.09829e+04   -1.28936e+04


DD  step 321999 load imb.: force 361.7%

Atom distribution over 20 domains: av 171 stddev 230 min 0 max 809
           Step           Time
         322000      644.00000


   Energies (kJ/mol)
           Bond          Angle    Proper Dih. Per. Imp. Dih.          LJ-14
    2.76286e+03    7.40612e+03    8.87898e+03    4.42547e+02    3.13579e+03
     Coulomb-14        LJ (SR)   Coulomb (SR)      Potential
    4.19011e+04   -6.30125e+03   -7.08248e+04   -1.25986e+04


DD  step 322499 load imb.: force 369.2%

Atom distribution over 20 domains: av 171 stddev 228 min 0 max 774
           Step           Time
         322500      645.00000


   Energies (kJ/mol)
           Bond          Angle    Proper Dih. Per. Imp. Dih.          LJ-14
    2.77042e+03    7.38225e+03    8.87083e+03    4.50554e+02    3.09454e+03
     Coulomb-14        LJ (SR)   Coulomb (SR)      Potential
    4.17288e+04   -6.24559e+03   -7.08659e+04   -1.28140e+04


DD  step 322999 load imb.: force 353.5%

Atom distribution over 20 domains: av 171 stddev 229 min 0 max 800
           Step           Time
         323000      646.00000


   Energies (kJ/mol)
           Bond          Angle    Proper Dih. Per. Imp. Dih.          LJ-14
    2.72375e+03    7.19891e+03    8.83891e+03    4.38065e+02    3.21291e+03
     Coulomb-14        LJ (SR)   Coulomb (SR)      Potential
    4.17489e+04   -6.13658e+03   -7.10155e+04   -1.29906e+04


DD  step 323499 load imb.: force 364.3%

Atom distribution over 20 domains: av 171 stddev 230 min 0 max 814
           Step           Time
         323500      647.00000


   Energies (kJ/mol)
           Bond          Angle    Proper Dih. Per. Imp. Dih.          LJ-14
    2.55119e+03    7.38216e+03    8.84950e+03    4.45476e+02    3.18218e+03
     Coulomb-14        LJ (SR)   Coulomb (SR)      Potential
    4.18059e+04   -6.24469e+03   -7.06329e+04   -1.26611e+04


DD  step 323999 load imb.: force 368.7%

Atom distribution over 20 domains: av 171 stddev 228 min 0 max 779
           Step           Time
         324000      648.00000


   Energies (kJ/mol)
           Bond          Angle    Proper Dih. Per. Imp. Dih.          LJ-14
    2.59876e+03    7.14481e+03    8.77915e+03    4.71606e+02    3.19095e+03
     Coulomb-14        LJ (SR)   Coulomb (SR)      Potential
    4.21335e+04   -6.23130e+03   -7.08137e+04   -1.27262e+04


DD  step 324499 load imb.: force 353.5%

Atom distribution over 20 domains: av 171 stddev 229 min 0 max 783
           Step           Time
         324500      649.00000


   Energies (kJ/mol)
           Bond          Angle    Proper Dih. Per. Imp. Dih.          LJ-14
    2.59240e+03    7.25858e+03    8.87430e+03    4.36963e+02    3.13928e+03
     Coulomb-14        LJ (SR)   Coulomb (SR)      Potential
    4.21260e+04   -6.33262e+03   -7.07596e+04   -1.26646e+04


DD  step 324999 load imb.: force 354.6%

Atom distribution over 20 domains: av 171 stddev 223 min 0 max 695
           Step           Time
         325000      650.00000


   Energies (kJ/mol)
           Bond          Angle    Proper Dih. Per. Imp. Dih.          LJ-14
    2.62792e+03    7.08612e+03    8.81376e+03    4.70548e+02    3.30919e+03
     Coulomb-14        LJ (SR)   Coulomb (SR)      Potential
    4.22955e+04   -6.22265e+03   -7.10365e+04   -1.26562e+04


DD  step 325499 load imb.: force 300.3%

Atom distribution over 20 domains: av 171 stddev 225 min 0 max 726
           Step           Time
         325500      651.00000


   Energies (kJ/mol)
           Bond          Angle    Proper Dih. Per. Imp. Dih.          LJ-14
    2.69214e+03    7.22255e+03    8.93246e+03    5.09947e+02    3.13913e+03
     Coulomb-14        LJ (SR)   Coulomb (SR)      Potential
    4.18117e+04   -6.10999e+03   -7.06828e+04   -1.24848e+04


DD  step 325999 load imb.: force 313.6%

Atom distribution over 20 domains: av 171 stddev 224 min 0 max 720
           Step           Time
         326000      652.00000


   Energies (kJ/mol)
           Bond          Angle    Proper Dih. Per. Imp. Dih.          LJ-14
    2.79545e+03    7.36553e+03    8.88148e+03    4.52979e+02    3.15637e+03
     Coulomb-14        LJ (SR)   Coulomb (SR)      Potential
    4.19591e+04   -6.14259e+03   -7.10759e+04   -1.26076e+04


DD  step 326499 load imb.: force 319.3%

Atom distribution over 20 domains: av 171 stddev 222 min 0 max 688
           Step           Time
         326500      653.00000


   Energies (kJ/mol)
           Bond          Angle    Proper Dih. Per. Imp. Dih.          LJ-14
    2.64208e+03    7.37091e+03    8.86019e+03    4.67450e+02    3.20275e+03
     Coulomb-14        LJ (SR)   Coulomb (SR)      Potential
    4.20143e+04   -6.20548e+03   -7.07876e+04   -1.24353e+04


DD  step 326999 load imb.: force 295.4%

Atom distribution over 20 domains: av 171 stddev 223 min 0 max 680
           Step           Time
         327000      654.00000


   Energies (kJ/mol)
           Bond          Angle    Proper Dih. Per. Imp. Dih.          LJ-14
    2.67363e+03    7.20871e+03    8.86425e+03    4.32134e+02    3.26513e+03
     Coulomb-14        LJ (SR)   Coulomb (SR)      Potential
    4.20018e+04   -6.17304e+03   -7.07251e+04   -1.24524e+04


DD  step 327499 load imb.: force 291.1%

Atom distribution over 20 domains: av 171 stddev 228 min 0 max 735
           Step           Time
         327500      655.00000


   Energies (kJ/mol)
           Bond          Angle    Proper Dih. Per. Imp. Dih.          LJ-14
    2.59236e+03    7.16902e+03    8.97404e+03    4.60140e+02    3.19267e+03
     Coulomb-14        LJ (SR)   Coulomb (SR)      Potential
    4.19510e+04   -6.24879e+03   -7.05765e+04   -1.24860e+04


DD  step 327999 load imb.: force 323.1%

Atom distribution over 20 domains: av 171 stddev 226 min 0 max 725
           Step           Time
         328000      656.00000


   Energies (kJ/mol)
           Bond          Angle    Proper Dih. Per. Imp. Dih.          LJ-14
    2.72780e+03    7.36937e+03    8.87994e+03    4.60285e+02    3.04049e+03
     Coulomb-14        LJ (SR)   Coulomb (SR)      Potential
    4.15116e+04   -6.07203e+03   -7.03832e+04   -1.24657e+04


DD  step 328499 load imb.: force 323.9%

Atom distribution over 20 domains: av 171 stddev 224 min 0 max 705
           Step           Time
         328500      657.00000


   Energies (kJ/mol)
           Bond          Angle    Proper Dih. Per. Imp. Dih.          LJ-14
    2.70979e+03    7.17841e+03    8.87342e+03    4.64562e+02    3.22050e+03
     Coulomb-14        LJ (SR)   Coulomb (SR)      Potential
    4.20926e+04   -6.31170e+03   -7.06508e+04   -1.24232e+04


DD  step 328999 load imb.: force 296.7%

Atom distribution over 20 domains: av 171 stddev 223 min 0 max 716
           Step           Time
         329000      658.00000


   Energies (kJ/mol)
           Bond          Angle    Proper Dih. Per. Imp. Dih.          LJ-14
    2.65803e+03    7.28161e+03    8.91764e+03    4.07770e+02    3.10591e+03
     Coulomb-14        LJ (SR)   Coulomb (SR)      Potential
    4.18196e+04   -6.10173e+03   -7.07080e+04   -1.26191e+04


DD  step 329499 load imb.: force 311.1%

Atom distribution over 20 domains: av 171 stddev 224 min 0 max 709
           Step           Time
         329500      659.00000


   Energies (kJ/mol)
           Bond          Angle    Proper Dih. Per. Imp. Dih.          LJ-14
    2.62085e+03    7.30734e+03    8.94307e+03    3.81418e+02    3.13076e+03
     Coulomb-14        LJ (SR)   Coulomb (SR)      Potential
    4.20470e+04   -6.14545e+03   -7.09013e+04   -1.26163e+04


DD  step 329999 load imb.: force 298.1%

Atom distribution over 20 domains: av 171 stddev 223 min 0 max 694
           Step           Time
         330000      660.00000


   Energies (kJ/mol)
           Bond          Angle    Proper Dih. Per. Imp. Dih.          LJ-14
    2.58219e+03    7.35482e+03    8.89737e+03    4.56171e+02    3.15126e+03
     Coulomb-14        LJ (SR)   Coulomb (SR)      Potential
    4.19325e+04   -6.19350e+03   -7.08155e+04   -1.26347e+04


DD  step 330499 load imb.: force 294.7%

Atom distribution over 20 domains: av 171 stddev 221 min 0 max 677
           Step           Time
         330500      661.00000


   Energies (kJ/mol)
           Bond          Angle    Proper Dih. Per. Imp. Dih.          LJ-14
    2.58348e+03    7.17969e+03    8.96421e+03    4.83971e+02    3.18765e+03
     Coulomb-14        LJ (SR)   Coulomb (SR)      Potential
    4.19042e+04   -6.20671e+03   -7.09689e+04   -1.28724e+04


DD  step 330999 load imb.: force 287.4%

Atom distribution over 20 domains: av 171 stddev 219 min 0 max 668
           Step           Time
         331000      662.00000


   Energies (kJ/mol)
           Bond          Angle    Proper Dih. Per. Imp. Dih.          LJ-14
    2.61344e+03    7.27416e+03    8.81117e+03    4.30126e+02    3.10580e+03
     Coulomb-14        LJ (SR)   Coulomb (SR)      Potential
    4.18908e+04   -6.18949e+03   -7.05499e+04   -1.26139e+04


DD  step 331499 load imb.: force 275.5%

Atom distribution over 20 domains: av 171 stddev 219 min 0 max 646
           Step           Time
         331500      663.00000


   Energies (kJ/mol)
           Bond          Angle    Proper Dih. Per. Imp. Dih.          LJ-14
    2.75536e+03    7.14033e+03    8.82401e+03    3.90363e+02    3.18902e+03
     Coulomb-14        LJ (SR)   Coulomb (SR)      Potential
    4.20172e+04   -6.21242e+03   -7.07897e+04   -1.26859e+04


DD  step 331999 load imb.: force 254.1%

Atom distribution over 20 domains: av 171 stddev 219 min 0 max 647
           Step           Time
         332000      664.00000


   Energies (kJ/mol)
           Bond          Angle    Proper Dih. Per. Imp. Dih.          LJ-14
    2.82098e+03    7.18267e+03    8.78324e+03    4.23765e+02    3.20017e+03
     Coulomb-14        LJ (SR)   Coulomb (SR)      Potential
    4.20783e+04   -6.20416e+03   -7.09579e+04   -1.26729e+04


DD  step 332499 load imb.: force 251.0%

Atom distribution over 20 domains: av 171 stddev 220 min 0 max 660
           Step           Time
         332500      665.00000


   Energies (kJ/mol)
           Bond          Angle    Proper Dih. Per. Imp. Dih.          LJ-14
    2.61680e+03    7.25714e+03    8.78875e+03    4.26538e+02    3.23483e+03
     Coulomb-14        LJ (SR)   Coulomb (SR)      Potential
    4.19067e+04   -6.21486e+03   -7.05025e+04   -1.24865e+04


DD  step 332999 load imb.: force 248.6%

Atom distribution over 20 domains: av 171 stddev 219 min 0 max 692
           Step           Time
         333000      666.00000


   Energies (kJ/mol)
           Bond          Angle    Proper Dih. Per. Imp. Dih.          LJ-14
    2.65515e+03    7.12450e+03    8.67890e+03    4.16050e+02    3.17227e+03
     Coulomb-14        LJ (SR)   Coulomb (SR)      Potential
    4.17884e+04   -6.15082e+03   -7.03549e+04   -1.26704e+04


DD  step 333499 load imb.: force 304.3%

Atom distribution over 20 domains: av 171 stddev 218 min 0 max 667
           Step           Time
         333500      667.00000


   Energies (kJ/mol)
           Bond          Angle    Proper Dih. Per. Imp. Dih.          LJ-14
    2.72066e+03    7.14592e+03    8.76370e+03    4.07715e+02    3.12260e+03
     Coulomb-14        LJ (SR)   Coulomb (SR)      Potential
    4.18733e+04   -6.06919e+03   -7.08171e+04   -1.28524e+04


DD  step 333999 load imb.: force 275.9%

Atom distribution over 20 domains: av 171 stddev 218 min 0 max 633
           Step           Time
         334000      668.00000


   Energies (kJ/mol)
           Bond          Angle    Proper Dih. Per. Imp. Dih.          LJ-14
    2.48193e+03    7.12572e+03    8.73241e+03    3.91364e+02    3.25312e+03
     Coulomb-14        LJ (SR)   Coulomb (SR)      Potential
    4.19099e+04   -6.11310e+03   -7.07278e+04   -1.29465e+04


DD  step 334499 load imb.: force 244.8%

Atom distribution over 20 domains: av 171 stddev 218 min 0 max 641
           Step           Time
         334500      669.00000


   Energies (kJ/mol)
           Bond          Angle    Proper Dih. Per. Imp. Dih.          LJ-14
    2.59605e+03    6.97799e+03    8.84852e+03    4.19022e+02    3.14069e+03
     Coulomb-14        LJ (SR)   Coulomb (SR)      Potential
    4.20384e+04   -6.09531e+03   -7.08770e+04   -1.29516e+04


DD  step 334999 load imb.: force 241.3%

Atom distribution over 20 domains: av 171 stddev 216 min 0 max 629
           Step           Time
         335000      670.00000


   Energies (kJ/mol)
           Bond          Angle    Proper Dih. Per. Imp. Dih.          LJ-14
    2.63474e+03    7.10338e+03    8.75827e+03    4.15207e+02    3.14399e+03
     Coulomb-14        LJ (SR)   Coulomb (SR)      Potential
    4.17606e+04   -6.01477e+03   -7.05713e+04   -1.27699e+04


DD  step 335499 load imb.: force 251.4%

Atom distribution over 20 domains: av 171 stddev 219 min 0 max 638
           Step           Time
         335500      671.00000


   Energies (kJ/mol)
           Bond          Angle    Proper Dih. Per. Imp. Dih.          LJ-14
    2.54660e+03    7.30644e+03    8.76565e+03    3.99254e+02    3.13303e+03
     Coulomb-14        LJ (SR)   Coulomb (SR)      Potential
    4.19315e+04   -6.12744e+03   -7.06296e+04   -1.26746e+04


DD  step 335999 load imb.: force 251.2%

Atom distribution over 20 domains: av 171 stddev 220 min 0 max 666
           Step           Time
         336000      672.00000


   Energies (kJ/mol)
           Bond          Angle    Proper Dih. Per. Imp. Dih.          LJ-14
    2.67138e+03    7.14073e+03    8.71165e+03    4.21863e+02    3.18827e+03
     Coulomb-14        LJ (SR)   Coulomb (SR)      Potential
    4.19943e+04   -6.16838e+03   -7.08066e+04   -1.28468e+04


DD  step 336499 load imb.: force 277.0%

Atom distribution over 20 domains: av 171 stddev 220 min 0 max 672
           Step           Time
         336500      673.00000


   Energies (kJ/mol)
           Bond          Angle    Proper Dih. Per. Imp. Dih.          LJ-14
    2.75336e+03    6.98581e+03    8.83332e+03    4.41030e+02    3.19060e+03
     Coulomb-14        LJ (SR)   Coulomb (SR)      Potential
    4.19752e+04   -6.28829e+03   -7.06982e+04   -1.28072e+04


DD  step 336999 load imb.: force 287.8%

Atom distribution over 20 domains: av 171 stddev 220 min 0 max 638
           Step           Time
         337000      674.00000


   Energies (kJ/mol)
           Bond          Angle    Proper Dih. Per. Imp. Dih.          LJ-14
    2.62224e+03    7.22037e+03    8.79624e+03    4.21211e+02    3.10907e+03
     Coulomb-14        LJ (SR)   Coulomb (SR)      Potential
    4.19177e+04   -6.14940e+03   -7.04432e+04   -1.25058e+04


DD  step 337499 load imb.: force 239.7%

Atom distribution over 20 domains: av 171 stddev 223 min 0 max 688
           Step           Time
         337500      675.00000


   Energies (kJ/mol)
           Bond          Angle    Proper Dih. Per. Imp. Dih.          LJ-14
    2.52463e+03    7.22378e+03    8.81805e+03    4.11976e+02    3.18685e+03
     Coulomb-14        LJ (SR)   Coulomb (SR)      Potential
    4.19713e+04   -6.22902e+03   -7.06224e+04   -1.27149e+04


DD  step 337999 load imb.: force 288.9%

Atom distribution over 20 domains: av 171 stddev 224 min 0 max 681
           Step           Time
         338000      676.00000


   Energies (kJ/mol)
           Bond          Angle    Proper Dih. Per. Imp. Dih.          LJ-14
    2.70245e+03    7.04734e+03    8.74539e+03    4.44738e+02    3.11718e+03
     Coulomb-14        LJ (SR)   Coulomb (SR)      Potential
    4.18965e+04   -6.14924e+03   -7.08859e+04   -1.30816e+04


DD  step 338499 load imb.: force 292.9%

Atom distribution over 20 domains: av 171 stddev 226 min 0 max 695
           Step           Time
         338500      677.00000


   Energies (kJ/mol)
           Bond          Angle    Proper Dih. Per. Imp. Dih.          LJ-14
    2.69576e+03    7.34182e+03    8.85637e+03    4.14259e+02    3.21398e+03
     Coulomb-14        LJ (SR)   Coulomb (SR)      Potential
    4.17769e+04   -6.20136e+03   -7.07194e+04   -1.26217e+04


DD  step 338999 load imb.: force 291.3%

Atom distribution over 20 domains: av 171 stddev 229 min 0 max 730
           Step           Time
         339000      678.00000


   Energies (kJ/mol)
           Bond          Angle    Proper Dih. Per. Imp. Dih.          LJ-14
    2.77286e+03    7.24775e+03    8.84095e+03    4.48283e+02    3.02633e+03
     Coulomb-14        LJ (SR)   Coulomb (SR)      Potential
    4.16966e+04   -6.15261e+03   -7.06640e+04   -1.27839e+04


DD  step 339499 load imb.: force 315.3%

Atom distribution over 20 domains: av 171 stddev 230 min 0 max 743
           Step           Time
         339500      679.00000


   Energies (kJ/mol)
           Bond          Angle    Proper Dih. Per. Imp. Dih.          LJ-14
    2.69184e+03    7.41334e+03    8.82415e+03    4.11034e+02    3.20038e+03
     Coulomb-14        LJ (SR)   Coulomb (SR)      Potential
    4.17588e+04   -6.14575e+03   -7.09964e+04   -1.28426e+04


DD  step 339999 load imb.: force 322.0%

Atom distribution over 20 domains: av 171 stddev 235 min 0 max 791
           Step           Time
         340000      680.00000


   Energies (kJ/mol)
           Bond          Angle    Proper Dih. Per. Imp. Dih.          LJ-14
    2.65176e+03    7.21604e+03    8.88798e+03    4.52488e+02    3.10327e+03
     Coulomb-14        LJ (SR)   Coulomb (SR)      Potential
    4.17696e+04   -6.27106e+03   -7.07445e+04   -1.29345e+04


DD  step 340499 load imb.: force 367.0%

Atom distribution over 20 domains: av 171 stddev 235 min 0 max 786
           Step           Time
         340500      681.00000


   Energies (kJ/mol)
           Bond          Angle    Proper Dih. Per. Imp. Dih.          LJ-14
    2.69614e+03    7.27506e+03    8.91524e+03    4.70354e+02    3.06270e+03
     Coulomb-14        LJ (SR)   Coulomb (SR)      Potential
    4.15532e+04   -6.33772e+03   -7.06511e+04   -1.30161e+04


DD  step 340999 load imb.: force 352.6%

Atom distribution over 20 domains: av 171 stddev 231 min 0 max 711
           Step           Time
         341000      682.00000


   Energies (kJ/mol)
           Bond          Angle    Proper Dih. Per. Imp. Dih.          LJ-14
    2.65709e+03    7.19199e+03    8.87665e+03    4.60617e+02    3.19221e+03
     Coulomb-14        LJ (SR)   Coulomb (SR)      Potential
    4.19838e+04   -6.16796e+03   -7.09992e+04   -1.28048e+04


DD  step 341499 load imb.: force 313.8%

Atom distribution over 20 domains: av 171 stddev 231 min 0 max 750
           Step           Time
         341500      683.00000


   Energies (kJ/mol)
           Bond          Angle    Proper Dih. Per. Imp. Dih.          LJ-14
    2.64458e+03    7.21924e+03    8.90309e+03    4.31872e+02    3.09814e+03
     Coulomb-14        LJ (SR)   Coulomb (SR)      Potential
    4.18901e+04   -6.20410e+03   -7.07682e+04   -1.27852e+04


DD  step 341999 load imb.: force 326.6%

Atom distribution over 20 domains: av 171 stddev 229 min 0 max 686
           Step           Time
         342000      684.00000


   Energies (kJ/mol)
           Bond          Angle    Proper Dih. Per. Imp. Dih.          LJ-14
    2.80915e+03    7.01217e+03    8.87925e+03    3.80055e+02    3.21160e+03
     Coulomb-14        LJ (SR)   Coulomb (SR)      Potential
    4.19838e+04   -6.13182e+03   -7.10140e+04   -1.28698e+04


DD  step 342499 load imb.: force 285.4%

Atom distribution over 20 domains: av 171 stddev 233 min 0 max 718
           Step           Time
         342500      685.00000


   Energies (kJ/mol)
           Bond          Angle    Proper Dih. Per. Imp. Dih.          LJ-14
    2.56520e+03    7.20035e+03    8.91849e+03    4.14644e+02    3.11802e+03
     Coulomb-14        LJ (SR)   Coulomb (SR)      Potential
    4.17500e+04   -6.27985e+03   -7.08470e+04   -1.31602e+04


DD  step 342999 load imb.: force 308.5%

Atom distribution over 20 domains: av 171 stddev 236 min 0 max 747
           Step           Time
         343000      686.00000


   Energies (kJ/mol)
           Bond          Angle    Proper Dih. Per. Imp. Dih.          LJ-14
    2.59162e+03    7.19083e+03    8.95822e+03    4.04092e+02    3.18995e+03
     Coulomb-14        LJ (SR)   Coulomb (SR)      Potential
    4.18456e+04   -6.21590e+03   -7.10668e+04   -1.31024e+04


DD  step 343499 load imb.: force 336.4%

Atom distribution over 20 domains: av 171 stddev 233 min 0 max 752
           Step           Time
         343500      687.00000


   Energies (kJ/mol)
           Bond          Angle    Proper Dih. Per. Imp. Dih.          LJ-14
    2.64165e+03    7.24111e+03    8.93347e+03    3.91474e+02    3.20357e+03
     Coulomb-14        LJ (SR)   Coulomb (SR)      Potential
    4.19710e+04   -6.20920e+03   -7.10555e+04   -1.28825e+04


DD  step 343999 load imb.: force 329.6%

Atom distribution over 20 domains: av 171 stddev 236 min 0 max 812
           Step           Time
         344000      688.00000


   Energies (kJ/mol)
           Bond          Angle    Proper Dih. Per. Imp. Dih.          LJ-14
    2.67257e+03    7.31430e+03    8.88415e+03    3.91424e+02    3.12298e+03
     Coulomb-14        LJ (SR)   Coulomb (SR)      Potential
    4.18947e+04   -6.21000e+03   -7.09640e+04   -1.28939e+04


DD  step 344499 load imb.: force 379.8%

Atom distribution over 20 domains: av 171 stddev 231 min 0 max 747
           Step           Time
         344500      689.00000


   Energies (kJ/mol)
           Bond          Angle    Proper Dih. Per. Imp. Dih.          LJ-14
    2.67077e+03    7.07605e+03    8.91574e+03    4.77870e+02    3.21681e+03
     Coulomb-14        LJ (SR)   Coulomb (SR)      Potential
    4.19525e+04   -6.18960e+03   -7.10170e+04   -1.28970e+04


DD  step 344999 load imb.: force 331.6%

Atom distribution over 20 domains: av 171 stddev 230 min 0 max 727
           Step           Time
         345000      690.00000


   Energies (kJ/mol)
           Bond          Angle    Proper Dih. Per. Imp. Dih.          LJ-14
    2.71136e+03    7.07033e+03    8.90503e+03    4.41331e+02    3.10049e+03
     Coulomb-14        LJ (SR)   Coulomb (SR)      Potential
    4.18638e+04   -6.16832e+03   -7.07676e+04   -1.28436e+04


DD  step 345499 load imb.: force 323.6%

Atom distribution over 20 domains: av 171 stddev 232 min 0 max 759
           Step           Time
         345500      691.00000


   Energies (kJ/mol)
           Bond          Angle    Proper Dih. Per. Imp. Dih.          LJ-14
    2.65807e+03    7.24828e+03    9.01092e+03    4.28453e+02    3.06327e+03
     Coulomb-14        LJ (SR)   Coulomb (SR)      Potential
    4.19431e+04   -6.17721e+03   -7.10092e+04   -1.28344e+04


DD  step 345999 load imb.: force 339.5%

Atom distribution over 20 domains: av 171 stddev 233 min 0 max 768
           Step           Time
         346000      692.00000


   Energies (kJ/mol)
           Bond          Angle    Proper Dih. Per. Imp. Dih.          LJ-14
    2.56446e+03    7.12316e+03    8.95630e+03    4.46260e+02    3.13519e+03
     Coulomb-14        LJ (SR)   Coulomb (SR)      Potential
    4.20552e+04   -6.22899e+03   -7.09962e+04   -1.29447e+04


DD  step 346499 load imb.: force 354.2%

Atom distribution over 20 domains: av 171 stddev 233 min 0 max 783
           Step           Time
         346500      693.00000


   Energies (kJ/mol)
           Bond          Angle    Proper Dih. Per. Imp. Dih.          LJ-14
    2.46002e+03    7.07891e+03    8.95559e+03    4.24868e+02    3.13447e+03
     Coulomb-14        LJ (SR)   Coulomb (SR)      Potential
    4.18591e+04   -6.23858e+03   -7.09230e+04   -1.32487e+04


DD  step 346999 load imb.: force 349.1%

Atom distribution over 20 domains: av 171 stddev 233 min 0 max 782
           Step           Time
         347000      694.00000


   Energies (kJ/mol)
           Bond          Angle    Proper Dih. Per. Imp. Dih.          LJ-14
    2.53936e+03    7.00793e+03    8.98109e+03    3.82673e+02    3.15364e+03
     Coulomb-14        LJ (SR)   Coulomb (SR)      Potential
    4.18099e+04   -6.22081e+03   -7.06512e+04   -1.29974e+04


DD  step 347499 load imb.: force 359.3%

Atom distribution over 20 domains: av 171 stddev 234 min 0 max 769
           Step           Time
         347500      695.00000


   Energies (kJ/mol)
           Bond          Angle    Proper Dih. Per. Imp. Dih.          LJ-14
    2.61225e+03    7.11514e+03    8.79542e+03    3.92498e+02    3.11578e+03
     Coulomb-14        LJ (SR)   Coulomb (SR)      Potential
    4.16884e+04   -6.12559e+03   -7.06308e+04   -1.30369e+04


DD  step 347999 load imb.: force 352.9%

Atom distribution over 20 domains: av 171 stddev 235 min 0 max 789
           Step           Time
         348000      696.00000


   Energies (kJ/mol)
           Bond          Angle    Proper Dih. Per. Imp. Dih.          LJ-14
    2.67904e+03    7.19037e+03    8.84268e+03    5.19847e+02    3.07154e+03
     Coulomb-14        LJ (SR)   Coulomb (SR)      Potential
    4.16423e+04   -6.21410e+03   -7.07158e+04   -1.29842e+04


DD  step 348499 load imb.: force 365.4%

Atom distribution over 20 domains: av 171 stddev 231 min 0 max 749
           Step           Time
         348500      697.00000


   Energies (kJ/mol)
           Bond          Angle    Proper Dih. Per. Imp. Dih.          LJ-14
    2.51857e+03    7.11820e+03    9.01577e+03    4.38925e+02    3.09211e+03
     Coulomb-14        LJ (SR)   Coulomb (SR)      Potential
    4.16618e+04   -6.28409e+03   -7.09078e+04   -1.33466e+04


DD  step 348999 load imb.: force 336.2%

Atom distribution over 20 domains: av 171 stddev 232 min 0 max 776
           Step           Time
         349000      698.00000


   Energies (kJ/mol)
           Bond          Angle    Proper Dih. Per. Imp. Dih.          LJ-14
    2.55146e+03    7.08179e+03    8.86508e+03    4.20469e+02    3.10581e+03
     Coulomb-14        LJ (SR)   Coulomb (SR)      Potential
    4.17672e+04   -6.11345e+03   -7.11396e+04   -1.34612e+04


DD  step 349499 load imb.: force 348.5%

Atom distribution over 20 domains: av 171 stddev 231 min 0 max 752
           Step           Time
         349500      699.00000


   Energies (kJ/mol)
           Bond          Angle    Proper Dih. Per. Imp. Dih.          LJ-14
    2.78574e+03    7.03223e+03    8.87333e+03    3.73795e+02    3.13037e+03
     Coulomb-14        LJ (SR)   Coulomb (SR)      Potential
    4.20995e+04   -6.07378e+03   -7.12659e+04   -1.30447e+04


DD  step 349999 load imb.: force 327.3%

Atom distribution over 20 domains: av 171 stddev 232 min 0 max 770
           Step           Time
         350000      700.00000


   Energies (kJ/mol)
           Bond          Angle    Proper Dih. Per. Imp. Dih.          LJ-14
    2.72177e+03    7.22438e+03    8.90433e+03    4.38344e+02    3.22223e+03
     Coulomb-14        LJ (SR)   Coulomb (SR)      Potential
    4.20296e+04   -6.22333e+03   -7.10609e+04   -1.27436e+04


DD  step 350499 load imb.: force 351.9%

Atom distribution over 20 domains: av 171 stddev 232 min 0 max 742
           Step           Time
         350500      701.00000


   Energies (kJ/mol)
           Bond          Angle    Proper Dih. Per. Imp. Dih.          LJ-14
    2.74291e+03    7.41055e+03    8.88373e+03    3.88509e+02    3.13224e+03
     Coulomb-14        LJ (SR)   Coulomb (SR)      Potential
    4.18607e+04   -6.16000e+03   -7.08874e+04   -1.26287e+04


DD  step 350999 load imb.: force 330.8%

Atom distribution over 20 domains: av 171 stddev 229 min 0 max 708
           Step           Time
         351000      702.00000


   Energies (kJ/mol)
           Bond          Angle    Proper Dih. Per. Imp. Dih.          LJ-14
    2.71620e+03    7.18517e+03    8.89555e+03    3.95157e+02    3.10969e+03
     Coulomb-14        LJ (SR)   Coulomb (SR)      Potential
    4.15944e+04   -6.13728e+03   -7.06403e+04   -1.28814e+04


DD  step 351499 load imb.: force 298.3%

Atom distribution over 20 domains: av 171 stddev 230 min 0 max 767
           Step           Time
         351500      703.00000


   Energies (kJ/mol)
           Bond          Angle    Proper Dih. Per. Imp. Dih.          LJ-14
    2.76529e+03    7.20790e+03    8.87147e+03    3.93257e+02    3.12382e+03
     Coulomb-14        LJ (SR)   Coulomb (SR)      Potential
    4.18341e+04   -6.05212e+03   -7.12823e+04   -1.31386e+04


DD  step 351999 load imb.: force 348.7%

Atom distribution over 20 domains: av 171 stddev 227 min 0 max 729
           Step           Time
         352000      704.00000


   Energies (kJ/mol)
           Bond          Angle    Proper Dih. Per. Imp. Dih.          LJ-14
    2.72028e+03    7.24824e+03    8.84499e+03    4.27159e+02    3.12843e+03
     Coulomb-14        LJ (SR)   Coulomb (SR)      Potential
    4.19841e+04   -6.18038e+03   -7.13536e+04   -1.31808e+04


DD  step 352499 load imb.: force 311.2%

Atom distribution over 20 domains: av 171 stddev 228 min 0 max 744
           Step           Time
         352500      705.00000


   Energies (kJ/mol)
           Bond          Angle    Proper Dih. Per. Imp. Dih.          LJ-14
    2.88475e+03    7.29460e+03    8.88955e+03    4.42909e+02    3.06837e+03
     Coulomb-14        LJ (SR)   Coulomb (SR)      Potential
    4.18082e+04   -6.18139e+03   -7.10312e+04   -1.28242e+04


DD  step 352999 load imb.: force 325.7%

Atom distribution over 20 domains: av 171 stddev 227 min 0 max 735
           Step           Time
         353000      706.00000


   Energies (kJ/mol)
           Bond          Angle    Proper Dih. Per. Imp. Dih.          LJ-14
    2.75087e+03    7.23225e+03    8.85744e+03    4.55598e+02    3.24916e+03
     Coulomb-14        LJ (SR)   Coulomb (SR)      Potential
    4.17021e+04   -6.06891e+03   -7.10091e+04   -1.28306e+04


DD  step 353499 load imb.: force 323.5%

Atom distribution over 20 domains: av 171 stddev 233 min 0 max 794
           Step           Time
         353500      707.00000


   Energies (kJ/mol)
           Bond          Angle    Proper Dih. Per. Imp. Dih.          LJ-14
    2.68239e+03    7.31201e+03    8.96825e+03    4.29497e+02    3.17664e+03
     Coulomb-14        LJ (SR)   Coulomb (SR)      Potential
    4.18440e+04   -6.31903e+03   -7.09574e+04   -1.28636e+04


DD  step 353999 load imb.: force 366.5%

Atom distribution over 20 domains: av 171 stddev 235 min 0 max 822
           Step           Time
         354000      708.00000


   Energies (kJ/mol)
           Bond          Angle    Proper Dih. Per. Imp. Dih.          LJ-14
    2.41006e+03    7.23435e+03    8.85625e+03    4.52836e+02    3.17380e+03
     Coulomb-14        LJ (SR)   Coulomb (SR)      Potential
    4.15923e+04   -6.06061e+03   -7.10116e+04   -1.33526e+04


DD  step 354499 load imb.: force 380.2%

Atom distribution over 20 domains: av 171 stddev 238 min 0 max 826
           Step           Time
         354500      709.00000


   Energies (kJ/mol)
           Bond          Angle    Proper Dih. Per. Imp. Dih.          LJ-14
    2.53772e+03    7.24771e+03    8.98284e+03    3.79295e+02    3.12874e+03
     Coulomb-14        LJ (SR)   Coulomb (SR)      Potential
    4.19372e+04   -6.27137e+03   -7.11499e+04   -1.32078e+04


DD  step 354999 load imb.: force 392.6%

Atom distribution over 20 domains: av 171 stddev 231 min 0 max 772
           Step           Time
         355000      710.00000


   Energies (kJ/mol)
           Bond          Angle    Proper Dih. Per. Imp. Dih.          LJ-14
    2.83362e+03    7.15518e+03    8.82911e+03    4.65861e+02    3.15066e+03
     Coulomb-14        LJ (SR)   Coulomb (SR)      Potential
    4.16507e+04   -6.17544e+03   -7.08676e+04   -1.29578e+04


DD  step 355499 load imb.: force 361.0%

Atom distribution over 20 domains: av 171 stddev 234 min 0 max 783
           Step           Time
         355500      711.00000


   Energies (kJ/mol)
           Bond          Angle    Proper Dih. Per. Imp. Dih.          LJ-14
    2.70738e+03    7.35003e+03    8.92611e+03    4.69022e+02    3.21132e+03
     Coulomb-14        LJ (SR)   Coulomb (SR)      Potential
    4.18477e+04   -6.17900e+03   -7.12012e+04   -1.28686e+04


DD  step 355999 load imb.: force 367.9%

Atom distribution over 20 domains: av 171 stddev 236 min 0 max 797
           Step           Time
         356000      712.00000


   Energies (kJ/mol)
           Bond          Angle    Proper Dih. Per. Imp. Dih.          LJ-14
    2.65567e+03    7.31812e+03    8.95284e+03    4.63238e+02    3.18683e+03
     Coulomb-14        LJ (SR)   Coulomb (SR)      Potential
    4.17842e+04   -6.19938e+03   -7.09505e+04   -1.27890e+04


DD  step 356499 load imb.: force 363.4%

Atom distribution over 20 domains: av 171 stddev 236 min 0 max 810
           Step           Time
         356500      713.00000


   Energies (kJ/mol)
           Bond          Angle    Proper Dih. Per. Imp. Dih.          LJ-14
    2.61338e+03    7.20306e+03    8.95209e+03    4.89257e+02    3.20742e+03
     Coulomb-14        LJ (SR)   Coulomb (SR)      Potential
    4.18743e+04   -6.14621e+03   -7.08664e+04   -1.26731e+04


DD  step 356999 load imb.: force 372.6%

Atom distribution over 20 domains: av 171 stddev 237 min 0 max 815
           Step           Time
         357000      714.00000


   Energies (kJ/mol)
           Bond          Angle    Proper Dih. Per. Imp. Dih.          LJ-14
    2.59707e+03    7.34167e+03    8.94838e+03    4.03562e+02    3.11364e+03
     Coulomb-14        LJ (SR)   Coulomb (SR)      Potential
    4.15989e+04   -6.20834e+03   -7.09898e+04   -1.31948e+04


DD  step 357499 load imb.: force 371.4%

Atom distribution over 20 domains: av 171 stddev 238 min 0 max 821
           Step           Time
         357500      715.00000


   Energies (kJ/mol)
           Bond          Angle    Proper Dih. Per. Imp. Dih.          LJ-14
    2.63630e+03    7.22575e+03    8.89605e+03    4.98813e+02    3.16838e+03
     Coulomb-14        LJ (SR)   Coulomb (SR)      Potential
    4.17862e+04   -6.25673e+03   -7.09523e+04   -1.29976e+04


DD  step 357999 load imb.: force 384.0%

Atom distribution over 20 domains: av 171 stddev 237 min 0 max 820
           Step           Time
         358000      716.00000


   Energies (kJ/mol)
           Bond          Angle    Proper Dih. Per. Imp. Dih.          LJ-14
    2.63393e+03    7.38460e+03    8.90352e+03    4.67212e+02    3.11463e+03
     Coulomb-14        LJ (SR)   Coulomb (SR)      Potential
    4.16746e+04   -6.22504e+03   -7.10436e+04   -1.30901e+04


DD  step 358499 load imb.: force 383.7%

Atom distribution over 20 domains: av 171 stddev 235 min 0 max 810
           Step           Time
         358500      717.00000


   Energies (kJ/mol)
           Bond          Angle    Proper Dih. Per. Imp. Dih.          LJ-14
    2.68804e+03    7.28626e+03    8.79128e+03    4.27173e+02    3.23384e+03
     Coulomb-14        LJ (SR)   Coulomb (SR)      Potential
    4.18024e+04   -6.07321e+03   -7.12130e+04   -1.30572e+04


DD  step 358999 load imb.: force 375.5%

Atom distribution over 20 domains: av 171 stddev 231 min 0 max 776
           Step           Time
         359000      718.00000


   Energies (kJ/mol)
           Bond          Angle    Proper Dih. Per. Imp. Dih.          LJ-14
    2.78868e+03    7.41332e+03    8.89531e+03    4.22252e+02    3.13403e+03
     Coulomb-14        LJ (SR)   Coulomb (SR)      Potential
    4.16263e+04   -6.09619e+03   -7.08897e+04   -1.27060e+04


DD  step 359499 load imb.: force 360.7%

Atom distribution over 20 domains: av 171 stddev 236 min 0 max 827
           Step           Time
         359500      719.00000


   Energies (kJ/mol)
           Bond          Angle    Proper Dih. Per. Imp. Dih.          LJ-14
    2.67867e+03    7.10298e+03    8.89681e+03    4.21914e+02    3.19506e+03
     Coulomb-14        LJ (SR)   Coulomb (SR)      Potential
    4.17479e+04   -6.22174e+03   -7.09860e+04   -1.31644e+04


DD  step 359999 load imb.: force 384.7%

Atom distribution over 20 domains: av 171 stddev 232 min 0 max 758
           Step           Time
         360000      720.00000


   Energies (kJ/mol)
           Bond          Angle    Proper Dih. Per. Imp. Dih.          LJ-14
    2.63446e+03    7.06538e+03    8.93872e+03    4.19698e+02    3.14405e+03
     Coulomb-14        LJ (SR)   Coulomb (SR)      Potential
    4.19228e+04   -6.21278e+03   -7.08302e+04   -1.29179e+04


DD  step 360499 load imb.: force 351.2%

Atom distribution over 20 domains: av 171 stddev 233 min 0 max 781
           Step           Time
         360500      721.00000


   Energies (kJ/mol)
           Bond          Angle    Proper Dih. Per. Imp. Dih.          LJ-14
    2.67318e+03    6.94001e+03    8.92484e+03    4.29014e+02    3.22737e+03
     Coulomb-14        LJ (SR)   Coulomb (SR)      Potential
    4.19115e+04   -6.20724e+03   -7.10480e+04   -1.31492e+04


DD  step 360999 load imb.: force 364.7%

Atom distribution over 20 domains: av 171 stddev 233 min 0 max 752
           Step           Time
         361000      722.00000


   Energies (kJ/mol)
           Bond          Angle    Proper Dih. Per. Imp. Dih.          LJ-14
    2.65461e+03    7.16167e+03    8.90342e+03    4.30458e+02    3.21513e+03
     Coulomb-14        LJ (SR)   Coulomb (SR)      Potential
    4.18251e+04   -6.17560e+03   -7.07727e+04   -1.27579e+04


DD  step 361499 load imb.: force 357.9%

Atom distribution over 20 domains: av 171 stddev 234 min 0 max 790
           Step           Time
         361500      723.00000


   Energies (kJ/mol)
           Bond          Angle    Proper Dih. Per. Imp. Dih.          LJ-14
    2.71595e+03    7.33199e+03    8.91612e+03    3.76456e+02    3.11069e+03
     Coulomb-14        LJ (SR)   Coulomb (SR)      Potential
    4.15946e+04   -6.24253e+03   -7.06253e+04   -1.28221e+04


DD  step 361999 load imb.: force 374.1%

Atom distribution over 20 domains: av 171 stddev 235 min 0 max 803
           Step           Time
         362000      724.00000


   Energies (kJ/mol)
           Bond          Angle    Proper Dih. Per. Imp. Dih.          LJ-14
    2.68786e+03    6.97602e+03    9.04051e+03    4.03917e+02    3.13510e+03
     Coulomb-14        LJ (SR)   Coulomb (SR)      Potential
    4.17656e+04   -6.27392e+03   -7.07236e+04   -1.29885e+04


DD  step 362499 load imb.: force 375.8%

Atom distribution over 20 domains: av 171 stddev 237 min 0 max 817
           Step           Time
         362500      725.00000


   Energies (kJ/mol)
           Bond          Angle    Proper Dih. Per. Imp. Dih.          LJ-14
    2.57963e+03    7.14174e+03    8.87022e+03    4.31457e+02    3.15552e+03
     Coulomb-14        LJ (SR)   Coulomb (SR)      Potential
    4.17943e+04   -6.10380e+03   -7.07600e+04   -1.28909e+04


DD  step 362999 load imb.: force 395.9%

Atom distribution over 20 domains: av 171 stddev 236 min 0 max 815
           Step           Time
         363000      726.00000


   Energies (kJ/mol)
           Bond          Angle    Proper Dih. Per. Imp. Dih.          LJ-14
    2.64941e+03    6.94340e+03    8.85148e+03    4.54453e+02    3.20673e+03
     Coulomb-14        LJ (SR)   Coulomb (SR)      Potential
    4.19438e+04   -6.12235e+03   -7.09165e+04   -1.29896e+04


DD  step 363499 load imb.: force 380.4%

Atom distribution over 20 domains: av 171 stddev 236 min 0 max 820
           Step           Time
         363500      727.00000


   Energies (kJ/mol)
           Bond          Angle    Proper Dih. Per. Imp. Dih.          LJ-14
    2.59347e+03    7.28193e+03    8.86719e+03    4.39615e+02    3.15752e+03
     Coulomb-14        LJ (SR)   Coulomb (SR)      Potential
    4.18000e+04   -6.09339e+03   -7.08805e+04   -1.28342e+04


DD  step 363999 load imb.: force 378.9%

Atom distribution over 20 domains: av 171 stddev 240 min 0 max 825
           Step           Time
         364000      728.00000


   Energies (kJ/mol)
           Bond          Angle    Proper Dih. Per. Imp. Dih.          LJ-14
    2.73030e+03    6.93025e+03    8.85006e+03    4.23338e+02    3.14966e+03
     Coulomb-14        LJ (SR)   Coulomb (SR)      Potential
    4.18490e+04   -6.22881e+03   -7.08991e+04   -1.31953e+04


DD  step 364499 load imb.: force 390.7%

Atom distribution over 20 domains: av 171 stddev 241 min 0 max 827
           Step           Time
         364500      729.00000


   Energies (kJ/mol)
           Bond          Angle    Proper Dih. Per. Imp. Dih.          LJ-14
    2.54442e+03    7.18736e+03    8.97047e+03    4.24812e+02    3.14378e+03
     Coulomb-14        LJ (SR)   Coulomb (SR)      Potential
    4.18081e+04   -6.24478e+03   -7.07151e+04   -1.28810e+04


DD  step 364999 load imb.: force 395.0%

Atom distribution over 20 domains: av 171 stddev 241 min 0 max 803
           Step           Time
         365000      730.00000


   Energies (kJ/mol)
           Bond          Angle    Proper Dih. Per. Imp. Dih.          LJ-14
    2.59454e+03    7.08861e+03    8.81102e+03    4.44211e+02    3.16020e+03
     Coulomb-14        LJ (SR)   Coulomb (SR)      Potential
    4.19724e+04   -6.15138e+03   -7.09683e+04   -1.30487e+04


DD  step 365499 load imb.: force 376.6%

Atom distribution over 20 domains: av 171 stddev 240 min 0 max 811
           Step           Time
         365500      731.00000


   Energies (kJ/mol)
           Bond          Angle    Proper Dih. Per. Imp. Dih.          LJ-14
    2.75276e+03    7.28927e+03    8.93090e+03    4.18695e+02    3.11561e+03
     Coulomb-14        LJ (SR)   Coulomb (SR)      Potential
    4.16202e+04   -6.18484e+03   -7.07817e+04   -1.28391e+04


DD  step 365999 load imb.: force 387.8%

Atom distribution over 20 domains: av 171 stddev 241 min 0 max 803
           Step           Time
         366000      732.00000


   Energies (kJ/mol)
           Bond          Angle    Proper Dih. Per. Imp. Dih.          LJ-14
    2.78890e+03    7.42863e+03    9.00641e+03    4.19424e+02    3.07450e+03
     Coulomb-14        LJ (SR)   Coulomb (SR)      Potential
    4.17346e+04   -6.09421e+03   -7.10921e+04   -1.27339e+04


DD  step 366499 load imb.: force 377.4%

Atom distribution over 20 domains: av 171 stddev 238 min 0 max 782
           Step           Time
         366500      733.00000


   Energies (kJ/mol)
           Bond          Angle    Proper Dih. Per. Imp. Dih.          LJ-14
    2.50784e+03    7.07625e+03    8.87973e+03    4.19953e+02    3.12691e+03
     Coulomb-14        LJ (SR)   Coulomb (SR)      Potential
    4.19265e+04   -6.13062e+03   -7.13525e+04   -1.35460e+04


DD  step 366999 load imb.: force 360.3%

Atom distribution over 20 domains: av 171 stddev 239 min 0 max 800
           Step           Time
         367000      734.00000


   Energies (kJ/mol)
           Bond          Angle    Proper Dih. Per. Imp. Dih.          LJ-14
    2.65177e+03    7.23915e+03    8.88101e+03    4.42397e+02    3.15591e+03
     Coulomb-14        LJ (SR)   Coulomb (SR)      Potential
    4.15149e+04   -6.02942e+03   -7.11050e+04   -1.32493e+04


DD  step 367499 load imb.: force 371.2%

Atom distribution over 20 domains: av 171 stddev 242 min 0 max 830
           Step           Time
         367500      735.00000


   Energies (kJ/mol)
           Bond          Angle    Proper Dih. Per. Imp. Dih.          LJ-14
    2.65350e+03    6.95582e+03    9.00523e+03    4.99004e+02    3.16074e+03
     Coulomb-14        LJ (SR)   Coulomb (SR)      Potential
    4.17595e+04   -6.19665e+03   -7.11380e+04   -1.33009e+04


DD  step 367999 load imb.: force 399.2%

Atom distribution over 20 domains: av 171 stddev 243 min 0 max 817
           Step           Time
         368000      736.00000


   Energies (kJ/mol)
           Bond          Angle    Proper Dih. Per. Imp. Dih.          LJ-14
    2.68205e+03    7.14502e+03    8.83428e+03    4.19006e+02    3.14465e+03
     Coulomb-14        LJ (SR)   Coulomb (SR)      Potential
    4.19752e+04   -6.10166e+03   -7.11012e+04   -1.30026e+04


DD  step 368499 load imb.: force 380.4%

Atom distribution over 20 domains: av 171 stddev 247 min 0 max 861
           Step           Time
         368500      737.00000


   Energies (kJ/mol)
           Bond          Angle    Proper Dih. Per. Imp. Dih.          LJ-14
    2.75195e+03    7.25268e+03    8.82448e+03    4.17854e+02    3.16867e+03
     Coulomb-14        LJ (SR)   Coulomb (SR)      Potential
    4.15191e+04   -6.24790e+03   -7.08994e+04   -1.32126e+04


DD  step 368999 load imb.: force 422.3%

Atom distribution over 20 domains: av 171 stddev 246 min 0 max 845
           Step           Time
         369000      738.00000


   Energies (kJ/mol)
           Bond          Angle    Proper Dih. Per. Imp. Dih.          LJ-14
    2.66755e+03    7.27032e+03    8.87212e+03    4.19062e+02    3.06422e+03
     Coulomb-14        LJ (SR)   Coulomb (SR)      Potential
    4.15230e+04   -6.13969e+03   -7.10274e+04   -1.33508e+04


DD  step 369499 load imb.: force 402.5%

Atom distribution over 20 domains: av 171 stddev 240 min 0 max 795
           Step           Time
         369500      739.00000


   Energies (kJ/mol)
           Bond          Angle    Proper Dih. Per. Imp. Dih.          LJ-14
    2.51451e+03    7.29393e+03    8.89798e+03    4.33036e+02    3.19638e+03
     Coulomb-14        LJ (SR)   Coulomb (SR)      Potential
    4.17545e+04   -6.16772e+03   -7.07664e+04   -1.28438e+04


DD  step 369999 load imb.: force 371.6%

Atom distribution over 20 domains: av 171 stddev 242 min 0 max 838
           Step           Time
         370000      740.00000


   Energies (kJ/mol)
           Bond          Angle    Proper Dih. Per. Imp. Dih.          LJ-14
    2.67275e+03    7.33596e+03    8.75127e+03    4.15790e+02    3.19602e+03
     Coulomb-14        LJ (SR)   Coulomb (SR)      Potential
    4.15729e+04   -6.18701e+03   -7.04773e+04   -1.27197e+04


DD  step 370499 load imb.: force 402.8%

Atom distribution over 20 domains: av 171 stddev 237 min 0 max 780
           Step           Time
         370500      741.00000


   Energies (kJ/mol)
           Bond          Angle    Proper Dih. Per. Imp. Dih.          LJ-14
    2.69675e+03    7.53594e+03    8.90987e+03    4.93187e+02    3.06298e+03
     Coulomb-14        LJ (SR)   Coulomb (SR)      Potential
    4.16277e+04   -6.14184e+03   -7.08632e+04   -1.26786e+04


DD  step 370999 load imb.: force 368.3%

Atom distribution over 20 domains: av 171 stddev 237 min 0 max 778
           Step           Time
         371000      742.00000


   Energies (kJ/mol)
           Bond          Angle    Proper Dih. Per. Imp. Dih.          LJ-14
    2.72285e+03    7.05816e+03    8.88599e+03    4.48012e+02    3.17163e+03
     Coulomb-14        LJ (SR)   Coulomb (SR)      Potential
    4.15996e+04   -6.20284e+03   -7.06768e+04   -1.29934e+04


DD  step 371499 load imb.: force 362.3%

Atom distribution over 20 domains: av 171 stddev 236 min 0 max 761
           Step           Time
         371500      743.00000


   Energies (kJ/mol)
           Bond          Angle    Proper Dih. Per. Imp. Dih.          LJ-14
    2.67620e+03    7.37480e+03    8.89876e+03    4.52964e+02    3.10490e+03
     Coulomb-14        LJ (SR)   Coulomb (SR)      Potential
    4.16086e+04   -6.31103e+03   -7.07604e+04   -1.29552e+04


DD  step 371999 load imb.: force 355.2%

Atom distribution over 20 domains: av 171 stddev 237 min 0 max 728
           Step           Time
         372000      744.00000


   Energies (kJ/mol)
           Bond          Angle    Proper Dih. Per. Imp. Dih.          LJ-14
    2.60484e+03    7.24836e+03    8.92302e+03    4.46114e+02    3.19918e+03
     Coulomb-14        LJ (SR)   Coulomb (SR)      Potential
    4.19551e+04   -6.05639e+03   -7.06574e+04   -1.23372e+04


DD  step 372499 load imb.: force 331.9%

Atom distribution over 20 domains: av 171 stddev 235 min 0 max 733
           Step           Time
         372500      745.00000


   Energies (kJ/mol)
           Bond          Angle    Proper Dih. Per. Imp. Dih.          LJ-14
    2.73853e+03    7.35204e+03    8.91229e+03    4.20270e+02    3.13322e+03
     Coulomb-14        LJ (SR)   Coulomb (SR)      Potential
    4.18130e+04   -6.16639e+03   -7.06164e+04   -1.24134e+04


DD  step 372999 load imb.: force 322.1%

Atom distribution over 20 domains: av 171 stddev 237 min 0 max 764
           Step           Time
         373000      746.00000


   Energies (kJ/mol)
           Bond          Angle    Proper Dih. Per. Imp. Dih.          LJ-14
    2.67567e+03    7.09380e+03    8.82134e+03    3.81909e+02    3.17752e+03
     Coulomb-14        LJ (SR)   Coulomb (SR)      Potential
    4.18834e+04   -6.21924e+03   -7.07558e+04   -1.29414e+04


DD  step 373499 load imb.: force 355.6%

Atom distribution over 20 domains: av 171 stddev 238 min 0 max 774
           Step           Time
         373500      747.00000


   Energies (kJ/mol)
           Bond          Angle    Proper Dih. Per. Imp. Dih.          LJ-14
    2.71243e+03    7.22167e+03    8.76587e+03    4.58089e+02    3.13391e+03
     Coulomb-14        LJ (SR)   Coulomb (SR)      Potential
    4.17017e+04   -6.20680e+03   -7.07238e+04   -1.29369e+04


DD  step 373999 load imb.: force 357.5%

Atom distribution over 20 domains: av 171 stddev 244 min 0 max 810
           Step           Time
         374000      748.00000


   Energies (kJ/mol)
           Bond          Angle    Proper Dih. Per. Imp. Dih.          LJ-14
    2.66030e+03    7.20714e+03    8.86747e+03    4.27257e+02    3.27704e+03
     Coulomb-14        LJ (SR)   Coulomb (SR)      Potential
    4.19223e+04   -6.20813e+03   -7.09641e+04   -1.28107e+04


DD  step 374499 load imb.: force 393.2%

Atom distribution over 20 domains: av 171 stddev 241 min 0 max 786
           Step           Time
         374500      749.00000


   Energies (kJ/mol)
           Bond          Angle    Proper Dih. Per. Imp. Dih.          LJ-14
    2.80549e+03    7.13627e+03    8.86435e+03    3.69364e+02    3.11086e+03
     Coulomb-14        LJ (SR)   Coulomb (SR)      Potential
    4.17474e+04   -6.22403e+03   -7.08247e+04   -1.30150e+04


DD  step 374999 load imb.: force 367.7%

Atom distribution over 20 domains: av 171 stddev 241 min 0 max 763
           Step           Time
         375000      750.00000


   Energies (kJ/mol)
           Bond          Angle    Proper Dih. Per. Imp. Dih.          LJ-14
    2.68097e+03    7.13103e+03    8.90549e+03    4.69114e+02    3.15298e+03
     Coulomb-14        LJ (SR)   Coulomb (SR)      Potential
    4.17920e+04   -6.21529e+03   -7.13221e+04   -1.34058e+04


DD  step 375499 load imb.: force 351.5%

Atom distribution over 20 domains: av 171 stddev 241 min 0 max 806
           Step           Time
         375500      751.00000


   Energies (kJ/mol)
           Bond          Angle    Proper Dih. Per. Imp. Dih.          LJ-14
    2.71995e+03    7.27693e+03    8.99967e+03    4.40613e+02    3.19743e+03
     Coulomb-14        LJ (SR)   Coulomb (SR)      Potential
    4.16771e+04   -6.13366e+03   -7.13352e+04   -1.31571e+04


DD  step 375999 load imb.: force 379.7%

Atom distribution over 20 domains: av 171 stddev 245 min 0 max 836
           Step           Time
         376000      752.00000


   Energies (kJ/mol)
           Bond          Angle    Proper Dih. Per. Imp. Dih.          LJ-14
    2.75032e+03    7.26996e+03    8.83070e+03    4.21816e+02    3.11051e+03
     Coulomb-14        LJ (SR)   Coulomb (SR)      Potential
    4.17690e+04   -6.23176e+03   -7.14636e+04   -1.35430e+04


DD  step 376499 load imb.: force 401.3%

Atom distribution over 20 domains: av 171 stddev 246 min 0 max 848
           Step           Time
         376500      753.00000


   Energies (kJ/mol)
           Bond          Angle    Proper Dih. Per. Imp. Dih.          LJ-14
    2.62884e+03    7.20007e+03    8.86641e+03    3.80405e+02    3.15729e+03
     Coulomb-14        LJ (SR)   Coulomb (SR)      Potential
    4.18403e+04   -6.20950e+03   -7.09848e+04   -1.31210e+04


DD  step 376999 load imb.: force 403.0%

Atom distribution over 20 domains: av 171 stddev 242 min 0 max 760
           Step           Time
         377000      754.00000


   Energies (kJ/mol)
           Bond          Angle    Proper Dih. Per. Imp. Dih.          LJ-14
    2.52475e+03    7.11101e+03    8.81014e+03    3.93887e+02    3.15824e+03
     Coulomb-14        LJ (SR)   Coulomb (SR)      Potential
    4.17380e+04   -6.12541e+03   -7.12774e+04   -1.36668e+04


DD  step 377499 load imb.: force 351.9%

Atom distribution over 20 domains: av 171 stddev 242 min 0 max 799
           Step           Time
         377500      755.00000


   Energies (kJ/mol)
           Bond          Angle    Proper Dih. Per. Imp. Dih.          LJ-14
    2.63698e+03    7.38290e+03    8.88770e+03    4.21467e+02    3.20476e+03
     Coulomb-14        LJ (SR)   Coulomb (SR)      Potential
    4.16811e+04   -6.27118e+03   -7.12859e+04   -1.33422e+04


DD  step 377999 load imb.: force 374.6%

Atom distribution over 20 domains: av 171 stddev 245 min 0 max 825
           Step           Time
         378000      756.00000


   Energies (kJ/mol)
           Bond          Angle    Proper Dih. Per. Imp. Dih.          LJ-14
    2.63497e+03    7.13537e+03    8.87847e+03    4.49354e+02    3.24386e+03
     Coulomb-14        LJ (SR)   Coulomb (SR)      Potential
    4.17537e+04   -6.10782e+03   -7.13166e+04   -1.33287e+04


DD  step 378499 load imb.: force 399.1%

Atom distribution over 20 domains: av 171 stddev 243 min 0 max 814
           Step           Time
         378500      757.00000


   Energies (kJ/mol)
           Bond          Angle    Proper Dih. Per. Imp. Dih.          LJ-14
    2.70614e+03    7.03749e+03    8.85816e+03    4.54413e+02    3.12483e+03
     Coulomb-14        LJ (SR)   Coulomb (SR)      Potential
    4.15648e+04   -6.22774e+03   -7.11773e+04   -1.36592e+04


DD  step 378999 load imb.: force 387.3%

Atom distribution over 20 domains: av 171 stddev 246 min 0 max 856
           Step           Time
         379000      758.00000


   Energies (kJ/mol)
           Bond          Angle    Proper Dih. Per. Imp. Dih.          LJ-14
    2.73026e+03    7.06138e+03    8.90384e+03    4.29171e+02    3.18442e+03
     Coulomb-14        LJ (SR)   Coulomb (SR)      Potential
    4.16824e+04   -6.17984e+03   -7.14294e+04   -1.36178e+04


DD  step 379499 load imb.: force 402.0%

Atom distribution over 20 domains: av 171 stddev 243 min 0 max 840
           Step           Time
         379500      759.00000


   Energies (kJ/mol)
           Bond          Angle    Proper Dih. Per. Imp. Dih.          LJ-14
    2.87752e+03    7.01894e+03    8.88109e+03    4.34363e+02    3.16884e+03
     Coulomb-14        LJ (SR)   Coulomb (SR)      Potential
    4.15850e+04   -6.24671e+03   -7.09034e+04   -1.31843e+04


DD  step 379999 load imb.: force 394.2%

Atom distribution over 20 domains: av 171 stddev 245 min 0 max 858
           Step           Time
         380000      760.00000


   Energies (kJ/mol)
           Bond          Angle    Proper Dih. Per. Imp. Dih.          LJ-14
    2.74873e+03    7.18739e+03    8.89550e+03    4.09717e+02    3.10788e+03
     Coulomb-14        LJ (SR)   Coulomb (SR)      Potential
    4.18247e+04   -6.06989e+03   -7.11278e+04   -1.30237e+04


DD  step 380499 load imb.: force 405.3%

Atom distribution over 20 domains: av 171 stddev 246 min 0 max 855
           Step           Time
         380500      761.00000


   Energies (kJ/mol)
           Bond          Angle    Proper Dih. Per. Imp. Dih.          LJ-14
    2.79484e+03    7.21303e+03    8.93508e+03    4.18976e+02    3.14483e+03
     Coulomb-14        LJ (SR)   Coulomb (SR)      Potential
    4.16300e+04   -6.27719e+03   -7.10594e+04   -1.31999e+04


DD  step 380999 load imb.: force 401.8%

Atom distribution over 20 domains: av 171 stddev 245 min 0 max 850
           Step           Time
         381000      762.00000


   Energies (kJ/mol)
           Bond          Angle    Proper Dih. Per. Imp. Dih.          LJ-14
    2.73609e+03    7.15133e+03    8.87474e+03    4.38263e+02    3.15820e+03
     Coulomb-14        LJ (SR)   Coulomb (SR)      Potential
    4.18091e+04   -6.02560e+03   -7.14927e+04   -1.33506e+04


DD  step 381499 load imb.: force 382.9%

Atom distribution over 20 domains: av 171 stddev 247 min 0 max 867
           Step           Time
         381500      763.00000


   Energies (kJ/mol)
           Bond          Angle    Proper Dih. Per. Imp. Dih.          LJ-14
    2.73097e+03    7.06229e+03    8.75940e+03    4.13619e+02    3.16974e+03
     Coulomb-14        LJ (SR)   Coulomb (SR)      Potential
    4.17166e+04   -6.01218e+03   -7.10167e+04   -1.31762e+04


DD  step 381999 load imb.: force 410.1%

Atom distribution over 20 domains: av 171 stddev 247 min 0 max 857
           Step           Time
         382000      764.00000


   Energies (kJ/mol)
           Bond          Angle    Proper Dih. Per. Imp. Dih.          LJ-14
    2.71892e+03    7.16915e+03    8.86071e+03    4.50227e+02    3.07725e+03
     Coulomb-14        LJ (SR)   Coulomb (SR)      Potential
    4.15144e+04   -6.16737e+03   -7.09473e+04   -1.33240e+04


DD  step 382499 load imb.: force 398.5%

Atom distribution over 20 domains: av 171 stddev 248 min 0 max 857
           Step           Time
         382500      765.00000


   Energies (kJ/mol)
           Bond          Angle    Proper Dih. Per. Imp. Dih.          LJ-14
    2.71775e+03    6.85598e+03    8.91453e+03    4.31135e+02    3.18628e+03
     Coulomb-14        LJ (SR)   Coulomb (SR)      Potential
    4.17161e+04   -6.18288e+03   -7.07883e+04   -1.31494e+04


DD  step 382999 load imb.: force 412.4%

Atom distribution over 20 domains: av 171 stddev 249 min 0 max 867
           Step           Time
         383000      766.00000


   Energies (kJ/mol)
           Bond          Angle    Proper Dih. Per. Imp. Dih.          LJ-14
    2.55216e+03    7.16641e+03    8.76489e+03    4.37911e+02    3.06878e+03
     Coulomb-14        LJ (SR)   Coulomb (SR)      Potential
    4.16331e+04   -6.03090e+03   -7.07477e+04   -1.31553e+04


DD  step 383499 load imb.: force 408.8%

Atom distribution over 20 domains: av 171 stddev 241 min 0 max 835
           Step           Time
         383500      767.00000


   Energies (kJ/mol)
           Bond          Angle    Proper Dih. Per. Imp. Dih.          LJ-14
    2.54181e+03    7.24045e+03    8.88314e+03    3.72850e+02    3.15037e+03
     Coulomb-14        LJ (SR)   Coulomb (SR)      Potential
    4.18355e+04   -6.20926e+03   -7.09513e+04   -1.31364e+04


DD  step 383999 load imb.: force 389.6%

Atom distribution over 20 domains: av 171 stddev 241 min 0 max 841
           Step           Time
         384000      768.00000


   Energies (kJ/mol)
           Bond          Angle    Proper Dih. Per. Imp. Dih.          LJ-14
    2.74030e+03    7.11425e+03    8.77668e+03    3.82885e+02    3.21310e+03
     Coulomb-14        LJ (SR)   Coulomb (SR)      Potential
    4.19233e+04   -6.06923e+03   -7.08713e+04   -1.27900e+04


DD  step 384499 load imb.: force 397.7%

Atom distribution over 20 domains: av 171 stddev 241 min 0 max 796
           Step           Time
         384500      769.00000


   Energies (kJ/mol)
           Bond          Angle    Proper Dih. Per. Imp. Dih.          LJ-14
    2.70055e+03    7.12697e+03    8.88357e+03    4.14108e+02    3.14695e+03
     Coulomb-14        LJ (SR)   Coulomb (SR)      Potential
    4.18067e+04   -6.12261e+03   -7.08267e+04   -1.28705e+04


DD  step 384999 load imb.: force 375.7%

Atom distribution over 20 domains: av 171 stddev 239 min 0 max 826
           Step           Time
         385000      770.00000


   Energies (kJ/mol)
           Bond          Angle    Proper Dih. Per. Imp. Dih.          LJ-14
    2.75126e+03    7.17082e+03    8.79242e+03    4.22399e+02    3.20855e+03
     Coulomb-14        LJ (SR)   Coulomb (SR)      Potential
    4.16782e+04   -6.13691e+03   -7.04425e+04   -1.25557e+04


DD  step 385499 load imb.: force 385.1%

Atom distribution over 20 domains: av 171 stddev 238 min 0 max 828
           Step           Time
         385500      771.00000


   Energies (kJ/mol)
           Bond          Angle    Proper Dih. Per. Imp. Dih.          LJ-14
    2.67556e+03    7.24783e+03    8.87992e+03    4.02977e+02    3.10575e+03
     Coulomb-14        LJ (SR)   Coulomb (SR)      Potential
    4.19435e+04   -6.10441e+03   -7.07242e+04   -1.25730e+04


DD  step 385999 load imb.: force 378.3%

Atom distribution over 20 domains: av 171 stddev 240 min 0 max 807
           Step           Time
         386000      772.00000


   Energies (kJ/mol)
           Bond          Angle    Proper Dih. Per. Imp. Dih.          LJ-14
    2.70310e+03    7.18027e+03    8.89246e+03    4.30377e+02    3.09520e+03
     Coulomb-14        LJ (SR)   Coulomb (SR)      Potential
    4.17469e+04   -6.21714e+03   -7.06309e+04   -1.27997e+04


DD  step 386499 load imb.: force 379.0%

Atom distribution over 20 domains: av 171 stddev 241 min 0 max 812
           Step           Time
         386500      773.00000


   Energies (kJ/mol)
           Bond          Angle    Proper Dih. Per. Imp. Dih.          LJ-14
    2.68098e+03    7.25440e+03    8.81495e+03    3.93854e+02    3.05453e+03
     Coulomb-14        LJ (SR)   Coulomb (SR)      Potential
    4.17535e+04   -6.19964e+03   -7.05271e+04   -1.27745e+04


DD  step 386999 load imb.: force 377.2%

Atom distribution over 20 domains: av 171 stddev 240 min 0 max 785
           Step           Time
         387000      774.00000


   Energies (kJ/mol)
           Bond          Angle    Proper Dih. Per. Imp. Dih.          LJ-14
    2.80310e+03    7.31156e+03    8.88140e+03    4.67657e+02    3.05875e+03
     Coulomb-14        LJ (SR)   Coulomb (SR)      Potential
    4.16861e+04   -6.02312e+03   -7.05854e+04   -1.23999e+04


DD  step 387499 load imb.: force 363.5%

Atom distribution over 20 domains: av 171 stddev 243 min 0 max 832
           Step           Time
         387500      775.00000


   Energies (kJ/mol)
           Bond          Angle    Proper Dih. Per. Imp. Dih.          LJ-14
    2.49762e+03    7.24013e+03    8.89649e+03    4.36338e+02    3.21700e+03
     Coulomb-14        LJ (SR)   Coulomb (SR)      Potential
    4.17482e+04   -6.07495e+03   -7.06023e+04   -1.26414e+04


DD  step 387999 load imb.: force 390.4%

Atom distribution over 20 domains: av 171 stddev 243 min 0 max 785
           Step           Time
         388000      776.00000


   Energies (kJ/mol)
           Bond          Angle    Proper Dih. Per. Imp. Dih.          LJ-14
    2.53275e+03    6.97434e+03    8.90538e+03    4.33852e+02    3.20964e+03
     Coulomb-14        LJ (SR)   Coulomb (SR)      Potential
    4.19023e+04   -6.06555e+03   -7.10555e+04   -1.31628e+04


DD  step 388499 load imb.: force 363.9%

Atom distribution over 20 domains: av 171 stddev 244 min 0 max 790
           Step           Time
         388500      777.00000


   Energies (kJ/mol)
           Bond          Angle    Proper Dih. Per. Imp. Dih.          LJ-14
    2.59111e+03    7.18758e+03    8.86425e+03    4.56557e+02    3.21257e+03
     Coulomb-14        LJ (SR)   Coulomb (SR)      Potential
    4.19544e+04   -6.14513e+03   -7.10731e+04   -1.29518e+04


DD  step 388999 load imb.: force 363.3%

Atom distribution over 20 domains: av 171 stddev 246 min 0 max 817
           Step           Time
         389000      778.00000


   Energies (kJ/mol)
           Bond          Angle    Proper Dih. Per. Imp. Dih.          LJ-14
    2.66289e+03    6.99063e+03    8.89065e+03    3.56731e+02    3.12188e+03
     Coulomb-14        LJ (SR)   Coulomb (SR)      Potential
    4.13641e+04   -6.12427e+03   -7.04777e+04   -1.32151e+04


DD  step 389499 load imb.: force 394.3%

Atom distribution over 20 domains: av 171 stddev 248 min 0 max 818
           Step           Time
         389500      779.00000


   Energies (kJ/mol)
           Bond          Angle    Proper Dih. Per. Imp. Dih.          LJ-14
    2.59617e+03    7.18089e+03    8.99741e+03    4.52789e+02    3.17365e+03
     Coulomb-14        LJ (SR)   Coulomb (SR)      Potential
    4.19801e+04   -6.09781e+03   -7.11996e+04   -1.29165e+04


DD  step 389999 load imb.: force 390.1%

Atom distribution over 20 domains: av 171 stddev 246 min 0 max 824
           Step           Time
         390000      780.00000


   Energies (kJ/mol)
           Bond          Angle    Proper Dih. Per. Imp. Dih.          LJ-14
    2.62347e+03    7.26666e+03    8.94335e+03    4.51994e+02    3.19045e+03
     Coulomb-14        LJ (SR)   Coulomb (SR)      Potential
    4.16110e+04   -6.12605e+03   -7.05805e+04   -1.26196e+04


DD  step 390499 load imb.: force 398.3%

Atom distribution over 20 domains: av 171 stddev 245 min 0 max 804
           Step           Time
         390500      781.00000


   Energies (kJ/mol)
           Bond          Angle    Proper Dih. Per. Imp. Dih.          LJ-14
    2.71501e+03    7.40009e+03    8.80975e+03    3.67223e+02    3.12838e+03
     Coulomb-14        LJ (SR)   Coulomb (SR)      Potential
    4.16438e+04   -5.96149e+03   -7.06165e+04   -1.25138e+04


DD  step 390999 load imb.: force 374.2%

Atom distribution over 20 domains: av 171 stddev 243 min 0 max 823
           Step           Time
         391000      782.00000


   Energies (kJ/mol)
           Bond          Angle    Proper Dih. Per. Imp. Dih.          LJ-14
    2.50202e+03    7.08802e+03    8.83158e+03    4.31945e+02    3.21904e+03
     Coulomb-14        LJ (SR)   Coulomb (SR)      Potential
    4.20930e+04   -6.04649e+03   -7.08816e+04   -1.27624e+04


DD  step 391499 load imb.: force 378.5%

Atom distribution over 20 domains: av 171 stddev 245 min 0 max 835
           Step           Time
         391500      783.00000


   Energies (kJ/mol)
           Bond          Angle    Proper Dih. Per. Imp. Dih.          LJ-14
    2.64871e+03    7.34418e+03    8.72325e+03    3.85082e+02    3.18884e+03
     Coulomb-14        LJ (SR)   Coulomb (SR)      Potential
    4.17157e+04   -6.07615e+03   -7.05149e+04   -1.25853e+04


DD  step 391999 load imb.: force 389.3%

Atom distribution over 20 domains: av 171 stddev 242 min 0 max 809
           Step           Time
         392000      784.00000


   Energies (kJ/mol)
           Bond          Angle    Proper Dih. Per. Imp. Dih.          LJ-14
    2.69459e+03    7.19354e+03    8.81057e+03    4.53617e+02    3.18885e+03
     Coulomb-14        LJ (SR)   Coulomb (SR)      Potential
    4.17771e+04   -6.07201e+03   -7.06181e+04   -1.25718e+04


DD  step 392499 load imb.: force 381.2%

Atom distribution over 20 domains: av 171 stddev 243 min 0 max 821
           Step           Time
         392500      785.00000


   Energies (kJ/mol)
           Bond          Angle    Proper Dih. Per. Imp. Dih.          LJ-14
    2.64426e+03    7.08710e+03    8.86378e+03    4.45497e+02    3.14368e+03
     Coulomb-14        LJ (SR)   Coulomb (SR)      Potential
    4.18649e+04   -6.12079e+03   -7.09258e+04   -1.29973e+04


DD  step 392999 load imb.: force 389.7%

Atom distribution over 20 domains: av 171 stddev 243 min 0 max 843
           Step           Time
         393000      786.00000


   Energies (kJ/mol)
           Bond          Angle    Proper Dih. Per. Imp. Dih.          LJ-14
    2.87403e+03    7.26582e+03    8.82485e+03    4.68230e+02    3.12089e+03
     Coulomb-14        LJ (SR)   Coulomb (SR)      Potential
    4.19137e+04   -6.06344e+03   -7.08873e+04   -1.24832e+04


DD  step 393499 load imb.: force 411.1%

Atom distribution over 20 domains: av 171 stddev 241 min 0 max 817
           Step           Time
         393500      787.00000


   Energies (kJ/mol)
           Bond          Angle    Proper Dih. Per. Imp. Dih.          LJ-14
    2.75369e+03    7.35723e+03    8.75347e+03    4.28533e+02    3.09264e+03
     Coulomb-14        LJ (SR)   Coulomb (SR)      Potential
    4.16198e+04   -6.11392e+03   -7.08179e+04   -1.29265e+04


DD  step 393999 load imb.: force 392.8%

Atom distribution over 20 domains: av 171 stddev 242 min 0 max 818
           Step           Time
         394000      788.00000


   Energies (kJ/mol)
           Bond          Angle    Proper Dih. Per. Imp. Dih.          LJ-14
    2.64548e+03    7.39948e+03    8.91445e+03    4.55090e+02    3.14855e+03
     Coulomb-14        LJ (SR)   Coulomb (SR)      Potential
    4.17843e+04   -6.13954e+03   -7.08035e+04   -1.25957e+04


DD  step 394499 load imb.: force 396.0%

Atom distribution over 20 domains: av 171 stddev 242 min 0 max 807
           Step           Time
         394500      789.00000


   Energies (kJ/mol)
           Bond          Angle    Proper Dih. Per. Imp. Dih.          LJ-14
    2.62447e+03    7.09671e+03    8.83089e+03    3.89413e+02    3.18977e+03
     Coulomb-14        LJ (SR)   Coulomb (SR)      Potential
    4.17890e+04   -5.97390e+03   -7.09431e+04   -1.29967e+04


DD  step 394999 load imb.: force 384.6%

Atom distribution over 20 domains: av 171 stddev 242 min 0 max 847
           Step           Time
         395000      790.00000


   Energies (kJ/mol)
           Bond          Angle    Proper Dih. Per. Imp. Dih.          LJ-14
    2.67807e+03    7.32872e+03    8.84176e+03    4.01159e+02    3.12918e+03
     Coulomb-14        LJ (SR)   Coulomb (SR)      Potential
    4.16131e+04   -6.05943e+03   -7.06929e+04   -1.27603e+04


DD  step 395499 load imb.: force 424.2%

Atom distribution over 20 domains: av 171 stddev 240 min 0 max 827
           Step           Time
         395500      791.00000


   Energies (kJ/mol)
           Bond          Angle    Proper Dih. Per. Imp. Dih.          LJ-14
    2.76134e+03    7.14421e+03    8.81030e+03    4.33301e+02    3.05787e+03
     Coulomb-14        LJ (SR)   Coulomb (SR)      Potential
    4.20706e+04   -6.09468e+03   -7.12228e+04   -1.30399e+04


DD  step 395999 load imb.: force 404.1%

Atom distribution over 20 domains: av 171 stddev 240 min 0 max 808
           Step           Time
         396000      792.00000


   Energies (kJ/mol)
           Bond          Angle    Proper Dih. Per. Imp. Dih.          LJ-14
    2.78302e+03    7.28825e+03    8.83812e+03    4.34011e+02    3.13494e+03
     Coulomb-14        LJ (SR)   Coulomb (SR)      Potential
    4.19728e+04   -5.95536e+03   -7.13542e+04   -1.28585e+04


DD  step 396499 load imb.: force 372.3%

Atom distribution over 20 domains: av 171 stddev 240 min 0 max 809
           Step           Time
         396500      793.00000


   Energies (kJ/mol)
           Bond          Angle    Proper Dih. Per. Imp. Dih.          LJ-14
    2.68582e+03    7.08849e+03    8.86607e+03    4.15954e+02    3.14020e+03
     Coulomb-14        LJ (SR)   Coulomb (SR)      Potential
    4.17311e+04   -5.93590e+03   -7.11513e+04   -1.31596e+04


DD  step 396999 load imb.: force 392.3%

Atom distribution over 20 domains: av 171 stddev 240 min 0 max 830
           Step           Time
         397000      794.00000


   Energies (kJ/mol)
           Bond          Angle    Proper Dih. Per. Imp. Dih.          LJ-14
    2.68491e+03    7.16181e+03    8.96110e+03    4.43660e+02    3.13790e+03
     Coulomb-14        LJ (SR)   Coulomb (SR)      Potential
    4.16402e+04   -5.94155e+03   -7.09963e+04   -1.29083e+04


DD  step 397499 load imb.: force 380.8%

Atom distribution over 20 domains: av 171 stddev 238 min 0 max 797
           Step           Time
         397500      795.00000


   Energies (kJ/mol)
           Bond          Angle    Proper Dih. Per. Imp. Dih.          LJ-14
    2.66398e+03    7.32988e+03    8.88772e+03    4.38886e+02    3.09893e+03
     Coulomb-14        LJ (SR)   Coulomb (SR)      Potential
    4.18377e+04   -5.98887e+03   -7.06447e+04   -1.23765e+04


DD  step 397999 load imb.: force 368.8%

Atom distribution over 20 domains: av 171 stddev 243 min 0 max 835
           Step           Time
         398000      796.00000


   Energies (kJ/mol)
           Bond          Angle    Proper Dih. Per. Imp. Dih.          LJ-14
    2.52946e+03    7.29650e+03    8.95633e+03    4.47886e+02    3.14256e+03
     Coulomb-14        LJ (SR)   Coulomb (SR)      Potential
    4.16319e+04   -6.07116e+03   -7.05919e+04   -1.26585e+04


DD  step 398499 load imb.: force 396.0%

Atom distribution over 20 domains: av 171 stddev 243 min 0 max 870
           Step           Time
         398500      797.00000


   Energies (kJ/mol)
           Bond          Angle    Proper Dih. Per. Imp. Dih.          LJ-14
    2.69301e+03    7.17435e+03    8.82618e+03    4.12177e+02    3.16542e+03
     Coulomb-14        LJ (SR)   Coulomb (SR)      Potential
    4.18890e+04   -6.03948e+03   -7.07927e+04   -1.26721e+04


DD  step 398999 load imb.: force 409.9%

Atom distribution over 20 domains: av 171 stddev 242 min 0 max 830
           Step           Time
         399000      798.00000


   Energies (kJ/mol)
           Bond          Angle    Proper Dih. Per. Imp. Dih.          LJ-14
    2.70792e+03    7.28004e+03    8.86892e+03    3.99358e+02    3.10034e+03
     Coulomb-14        LJ (SR)   Coulomb (SR)      Potential
    4.17154e+04   -6.07136e+03   -7.10258e+04   -1.30251e+04


DD  step 399499 load imb.: force 392.3%

Atom distribution over 20 domains: av 171 stddev 244 min 0 max 824
           Step           Time
         399500      799.00000


   Energies (kJ/mol)
           Bond          Angle    Proper Dih. Per. Imp. Dih.          LJ-14
    2.55863e+03    7.35434e+03    9.01296e+03    4.81870e+02    3.15819e+03
     Coulomb-14        LJ (SR)   Coulomb (SR)      Potential
    4.18895e+04   -6.13226e+03   -7.07682e+04   -1.24450e+04


DD  step 399999 load imb.: force 400.4%

Atom distribution over 20 domains: av 171 stddev 243 min 0 max 830
           Step           Time
         400000      800.00000


   Energies (kJ/mol)
           Bond          Angle    Proper Dih. Per. Imp. Dih.          LJ-14
    2.87565e+03    7.17218e+03    8.92230e+03    4.26097e+02    3.17079e+03
     Coulomb-14        LJ (SR)   Coulomb (SR)      Potential
    4.17678e+04   -6.01769e+03   -7.11235e+04   -1.28063e+04


DD  step 400499 load imb.: force 390.9%

Atom distribution over 20 domains: av 171 stddev 241 min 0 max 822
           Step           Time
         400500      801.00000


   Energies (kJ/mol)
           Bond          Angle    Proper Dih. Per. Imp. Dih.          LJ-14
    2.74879e+03    7.31512e+03    8.99492e+03    4.20947e+02    3.05346e+03
     Coulomb-14        LJ (SR)   Coulomb (SR)      Potential
    4.18851e+04   -6.05408e+03   -7.07095e+04   -1.23452e+04


DD  step 400999 load imb.: force 380.8%

Atom distribution over 20 domains: av 171 stddev 241 min 0 max 826
           Step           Time
         401000      802.00000


   Energies (kJ/mol)
           Bond          Angle    Proper Dih. Per. Imp. Dih.          LJ-14
    2.85656e+03    7.38179e+03    8.90696e+03    4.51166e+02    3.12504e+03
     Coulomb-14        LJ (SR)   Coulomb (SR)      Potential
    4.19842e+04   -6.17334e+03   -7.07814e+04   -1.22490e+04


DD  step 401499 load imb.: force 392.5%

Atom distribution over 20 domains: av 171 stddev 244 min 0 max 788
           Step           Time
         401500      803.00000


   Energies (kJ/mol)
           Bond          Angle    Proper Dih. Per. Imp. Dih.          LJ-14
    2.77297e+03    7.22097e+03    8.82510e+03    4.44689e+02    3.20781e+03
     Coulomb-14        LJ (SR)   Coulomb (SR)      Potential
    4.19663e+04   -6.08255e+03   -7.08133e+04   -1.24580e+04


DD  step 401999 load imb.: force 370.3%

Atom distribution over 20 domains: av 171 stddev 245 min 0 max 799
           Step           Time
         402000      804.00000


   Energies (kJ/mol)
           Bond          Angle    Proper Dih. Per. Imp. Dih.          LJ-14
    2.71740e+03    7.25427e+03    8.84250e+03    3.90506e+02    3.18952e+03
     Coulomb-14        LJ (SR)   Coulomb (SR)      Potential
    4.15341e+04   -6.03428e+03   -7.01591e+04   -1.22651e+04


DD  step 402499 load imb.: force 369.6%

Atom distribution over 20 domains: av 171 stddev 245 min 0 max 815
           Step           Time
         402500      805.00000


   Energies (kJ/mol)
           Bond          Angle    Proper Dih. Per. Imp. Dih.          LJ-14
    2.59869e+03    7.45497e+03    8.76037e+03    4.37569e+02    3.17485e+03
     Coulomb-14        LJ (SR)   Coulomb (SR)      Potential
    4.19289e+04   -5.89224e+03   -7.08586e+04   -1.23955e+04


DD  step 402999 load imb.: force 389.2%

Atom distribution over 20 domains: av 171 stddev 248 min 0 max 828
           Step           Time
         403000      806.00000


   Energies (kJ/mol)
           Bond          Angle    Proper Dih. Per. Imp. Dih.          LJ-14
    2.70041e+03    7.32320e+03    8.93386e+03    4.75722e+02    3.26715e+03
     Coulomb-14        LJ (SR)   Coulomb (SR)      Potential
    4.18211e+04   -5.95550e+03   -7.04250e+04   -1.18591e+04


DD  step 403499 load imb.: force 388.3%

Atom distribution over 20 domains: av 171 stddev 249 min 0 max 841
           Step           Time
         403500      807.00000


   Energies (kJ/mol)
           Bond          Angle    Proper Dih. Per. Imp. Dih.          LJ-14
    2.81134e+03    7.23025e+03    8.87275e+03    4.22997e+02    3.23409e+03
     Coulomb-14        LJ (SR)   Coulomb (SR)      Potential
    4.18163e+04   -5.76558e+03   -7.07396e+04   -1.21175e+04


DD  step 403999 load imb.: force 402.1%

Atom distribution over 20 domains: av 171 stddev 251 min 0 max 873
           Step           Time
         404000      808.00000


   Energies (kJ/mol)
           Bond          Angle    Proper Dih. Per. Imp. Dih.          LJ-14
    2.76347e+03    7.29294e+03    8.83753e+03    4.40620e+02    3.16940e+03
     Coulomb-14        LJ (SR)   Coulomb (SR)      Potential
    4.18448e+04   -6.11628e+03   -7.03905e+04   -1.21581e+04


DD  step 404499 load imb.: force 434.4%

Atom distribution over 20 domains: av 171 stddev 255 min 0 max 841
           Step           Time
         404500      809.00000


   Energies (kJ/mol)
           Bond          Angle    Proper Dih. Per. Imp. Dih.          LJ-14
    2.76109e+03    7.30990e+03    8.86069e+03    4.38020e+02    3.15770e+03
     Coulomb-14        LJ (SR)   Coulomb (SR)      Potential
    4.15874e+04   -6.14966e+03   -7.06597e+04   -1.26946e+04


DD  step 404999 load imb.: force 405.2%

Atom distribution over 20 domains: av 171 stddev 251 min 0 max 867
           Step           Time
         405000      810.00000


   Energies (kJ/mol)
           Bond          Angle    Proper Dih. Per. Imp. Dih.          LJ-14
    2.80133e+03    7.15780e+03    8.93836e+03    4.62465e+02    3.08544e+03
     Coulomb-14        LJ (SR)   Coulomb (SR)      Potential
    4.16470e+04   -6.13651e+03   -7.06431e+04   -1.26872e+04


DD  step 405499 load imb.: force 429.9%

Atom distribution over 20 domains: av 171 stddev 247 min 0 max 877
           Step           Time
         405500      811.00000


   Energies (kJ/mol)
           Bond          Angle    Proper Dih. Per. Imp. Dih.          LJ-14
    2.73186e+03    7.31731e+03    8.80457e+03    4.06820e+02    3.17244e+03
     Coulomb-14        LJ (SR)   Coulomb (SR)      Potential
    4.16724e+04   -6.02402e+03   -7.06076e+04   -1.25262e+04


DD  step 405999 load imb.: force 425.1%

Atom distribution over 20 domains: av 171 stddev 248 min 0 max 912
           Step           Time
         406000      812.00000


   Energies (kJ/mol)
           Bond          Angle    Proper Dih. Per. Imp. Dih.          LJ-14
    2.73801e+03    7.30054e+03    8.76596e+03    4.13122e+02    3.12735e+03
     Coulomb-14        LJ (SR)   Coulomb (SR)      Potential
    4.16942e+04   -6.13044e+03   -7.04783e+04   -1.25696e+04


DD  step 406499 load imb.: force 449.1%

Atom distribution over 20 domains: av 171 stddev 251 min 0 max 904
           Step           Time
         406500      813.00000


   Energies (kJ/mol)
           Bond          Angle    Proper Dih. Per. Imp. Dih.          LJ-14
    2.72171e+03    7.17168e+03    8.77138e+03    4.40600e+02    3.18291e+03
     Coulomb-14        LJ (SR)   Coulomb (SR)      Potential
    4.19181e+04   -5.99764e+03   -7.06033e+04   -1.23946e+04


DD  step 406999 load imb.: force 452.8%

Atom distribution over 20 domains: av 171 stddev 251 min 0 max 889
           Step           Time
         407000      814.00000


   Energies (kJ/mol)
           Bond          Angle    Proper Dih. Per. Imp. Dih.          LJ-14
    2.58427e+03    7.32068e+03    8.82588e+03    4.35158e+02    3.20199e+03
     Coulomb-14        LJ (SR)   Coulomb (SR)      Potential
    4.17074e+04   -5.91706e+03   -7.06573e+04   -1.24990e+04


DD  step 407499 load imb.: force 444.7%

Atom distribution over 20 domains: av 171 stddev 249 min 0 max 865
           Step           Time
         407500      815.00000


   Energies (kJ/mol)
           Bond          Angle    Proper Dih. Per. Imp. Dih.          LJ-14
    2.69684e+03    7.42141e+03    8.86016e+03    4.53782e+02    3.18814e+03
     Coulomb-14        LJ (SR)   Coulomb (SR)      Potential
    4.19412e+04   -6.07893e+03   -7.07078e+04   -1.22252e+04


DD  step 407999 load imb.: force 421.0%

Atom distribution over 20 domains: av 171 stddev 251 min 0 max 867
           Step           Time
         408000      816.00000


   Energies (kJ/mol)
           Bond          Angle    Proper Dih. Per. Imp. Dih.          LJ-14
    2.71665e+03    7.38517e+03    8.92550e+03    3.64322e+02    3.15890e+03
     Coulomb-14        LJ (SR)   Coulomb (SR)      Potential
    4.19872e+04   -6.01033e+03   -7.07506e+04   -1.22231e+04


DD  step 408499 load imb.: force 418.1%

Atom distribution over 20 domains: av 171 stddev 253 min 0 max 894
           Step           Time
         408500      817.00000


   Energies (kJ/mol)
           Bond          Angle    Proper Dih. Per. Imp. Dih.          LJ-14
    2.72078e+03    7.29944e+03    8.82020e+03    4.20540e+02    3.19115e+03
     Coulomb-14        LJ (SR)   Coulomb (SR)      Potential
    4.18393e+04   -6.07128e+03   -7.02226e+04   -1.20025e+04


DD  step 408999 load imb.: force 445.0%

Atom distribution over 20 domains: av 171 stddev 252 min 0 max 887
           Step           Time
         409000      818.00000


   Energies (kJ/mol)
           Bond          Angle    Proper Dih. Per. Imp. Dih.          LJ-14
    2.79572e+03    7.24733e+03    8.75073e+03    4.32912e+02    3.12468e+03
     Coulomb-14        LJ (SR)   Coulomb (SR)      Potential
    4.17565e+04   -6.07711e+03   -7.05510e+04   -1.25203e+04


DD  step 409499 load imb.: force 429.8%

Atom distribution over 20 domains: av 171 stddev 253 min 0 max 873
           Step           Time
         409500      819.00000


   Energies (kJ/mol)
           Bond          Angle    Proper Dih. Per. Imp. Dih.          LJ-14
    2.86999e+03    7.16167e+03    9.02364e+03    4.58148e+02    3.13773e+03
     Coulomb-14        LJ (SR)   Coulomb (SR)      Potential
    4.15929e+04   -6.08945e+03   -7.04653e+04   -1.23107e+04


DD  step 409999 load imb.: force 431.4%

Atom distribution over 20 domains: av 171 stddev 256 min 0 max 868
           Step           Time
         410000      820.00000


   Energies (kJ/mol)
           Bond          Angle    Proper Dih. Per. Imp. Dih.          LJ-14
    2.73677e+03    7.13025e+03    8.95166e+03    4.45651e+02    3.19978e+03
     Coulomb-14        LJ (SR)   Coulomb (SR)      Potential
    4.17656e+04   -5.98860e+03   -7.08161e+04   -1.25750e+04


DD  step 410499 load imb.: force 421.6%

Atom distribution over 20 domains: av 171 stddev 253 min 0 max 882
           Step           Time
         410500      821.00000


   Energies (kJ/mol)
           Bond          Angle    Proper Dih. Per. Imp. Dih.          LJ-14
    2.65901e+03    7.42630e+03    8.92199e+03    4.44915e+02    3.14973e+03
     Coulomb-14        LJ (SR)   Coulomb (SR)      Potential
    4.16913e+04   -6.07969e+03   -7.06620e+04   -1.24485e+04


DD  step 410999 load imb.: force 433.0%

Atom distribution over 20 domains: av 171 stddev 251 min 0 max 847
           Step           Time
         411000      822.00000


   Energies (kJ/mol)
           Bond          Angle    Proper Dih. Per. Imp. Dih.          LJ-14
    2.66535e+03    7.10393e+03    8.89038e+03    4.29828e+02    3.16856e+03
     Coulomb-14        LJ (SR)   Coulomb (SR)      Potential
    4.18727e+04   -6.07969e+03   -7.07519e+04   -1.27009e+04


DD  step 411499 load imb.: force 416.5%

Atom distribution over 20 domains: av 171 stddev 248 min 0 max 829
           Step           Time
         411500      823.00000


   Energies (kJ/mol)
           Bond          Angle    Proper Dih. Per. Imp. Dih.          LJ-14
    2.56017e+03    7.20246e+03    8.80848e+03    3.50946e+02    3.10132e+03
     Coulomb-14        LJ (SR)   Coulomb (SR)      Potential
    4.18271e+04   -6.03645e+03   -7.06850e+04   -1.28710e+04


DD  step 411999 load imb.: force 404.4%

Atom distribution over 20 domains: av 171 stddev 249 min 0 max 846
           Step           Time
         412000      824.00000


   Energies (kJ/mol)
           Bond          Angle    Proper Dih. Per. Imp. Dih.          LJ-14
    2.71399e+03    7.17081e+03    8.89645e+03    4.32844e+02    3.10467e+03
     Coulomb-14        LJ (SR)   Coulomb (SR)      Potential
    4.17996e+04   -6.06644e+03   -7.08220e+04   -1.27701e+04


DD  step 412499 load imb.: force 409.9%

Atom distribution over 20 domains: av 171 stddev 250 min 0 max 837
           Step           Time
         412500      825.00000


   Energies (kJ/mol)
           Bond          Angle    Proper Dih. Per. Imp. Dih.          LJ-14
    2.57830e+03    7.32764e+03    8.80485e+03    4.21843e+02    3.16247e+03
     Coulomb-14        LJ (SR)   Coulomb (SR)      Potential
    4.18951e+04   -6.11225e+03   -7.08473e+04   -1.27693e+04


DD  step 412999 load imb.: force 421.8%

Atom distribution over 20 domains: av 171 stddev 250 min 0 max 822
           Step           Time
         413000      826.00000


   Energies (kJ/mol)
           Bond          Angle    Proper Dih. Per. Imp. Dih.          LJ-14
    2.61740e+03    7.51865e+03    8.80922e+03    4.38972e+02    3.16565e+03
     Coulomb-14        LJ (SR)   Coulomb (SR)      Potential
    4.17731e+04   -6.05597e+03   -7.05608e+04   -1.22937e+04


DD  step 413499 load imb.: force 417.1%

Atom distribution over 20 domains: av 171 stddev 248 min 0 max 853
           Step           Time
         413500      827.00000


   Energies (kJ/mol)
           Bond          Angle    Proper Dih. Per. Imp. Dih.          LJ-14
    2.55472e+03    7.38622e+03    8.84938e+03    4.17906e+02    3.09670e+03
     Coulomb-14        LJ (SR)   Coulomb (SR)      Potential
    4.18267e+04   -5.92288e+03   -7.07814e+04   -1.25726e+04


DD  step 413999 load imb.: force 417.8%

Atom distribution over 20 domains: av 171 stddev 247 min 0 max 834
           Step           Time
         414000      828.00000


   Energies (kJ/mol)
           Bond          Angle    Proper Dih. Per. Imp. Dih.          LJ-14
    2.77691e+03    7.25148e+03    8.80708e+03    4.01969e+02    3.18522e+03
     Coulomb-14        LJ (SR)   Coulomb (SR)      Potential
    4.17464e+04   -5.80886e+03   -7.06569e+04   -1.22968e+04


DD  step 414499 load imb.: force 410.2%

Atom distribution over 20 domains: av 171 stddev 247 min 0 max 823
           Step           Time
         414500      829.00000


   Energies (kJ/mol)
           Bond          Angle    Proper Dih. Per. Imp. Dih.          LJ-14
    2.90522e+03    7.14444e+03    8.91139e+03    4.40925e+02    3.17251e+03
     Coulomb-14        LJ (SR)   Coulomb (SR)      Potential
    4.18301e+04   -6.18843e+03   -7.05893e+04   -1.23731e+04


DD  step 414999 load imb.: force 409.5%

Atom distribution over 20 domains: av 171 stddev 245 min 0 max 781
           Step           Time
         415000      830.00000


   Energies (kJ/mol)
           Bond          Angle    Proper Dih. Per. Imp. Dih.          LJ-14
    2.79275e+03    7.40119e+03    8.87357e+03    4.47414e+02    3.14100e+03
     Coulomb-14        LJ (SR)   Coulomb (SR)      Potential
    4.19323e+04   -6.05001e+03   -7.07316e+04   -1.21934e+04


DD  step 415499 load imb.: force 372.2%

Atom distribution over 20 domains: av 171 stddev 247 min 0 max 830
           Step           Time
         415500      831.00000


   Energies (kJ/mol)
           Bond          Angle    Proper Dih. Per. Imp. Dih.          LJ-14
    2.59885e+03    7.07230e+03    8.90005e+03    4.31752e+02    3.08153e+03
     Coulomb-14        LJ (SR)   Coulomb (SR)      Potential
    4.16575e+04   -6.08009e+03   -7.02614e+04   -1.25994e+04


DD  step 415999 load imb.: force 414.1%

Atom distribution over 20 domains: av 171 stddev 244 min 0 max 806
           Step           Time
         416000      832.00000


   Energies (kJ/mol)
           Bond          Angle    Proper Dih. Per. Imp. Dih.          LJ-14
    2.64068e+03    7.10940e+03    8.79862e+03    4.20876e+02    3.16702e+03
     Coulomb-14        LJ (SR)   Coulomb (SR)      Potential
    4.17980e+04   -6.12723e+03   -7.01658e+04   -1.23585e+04


DD  step 416499 load imb.: force 390.2%

Atom distribution over 20 domains: av 171 stddev 242 min 0 max 799
           Step           Time
         416500      833.00000


   Energies (kJ/mol)
           Bond          Angle    Proper Dih. Per. Imp. Dih.          LJ-14
    2.69936e+03    7.26445e+03    8.77318e+03    3.84747e+02    3.13414e+03
     Coulomb-14        LJ (SR)   Coulomb (SR)      Potential
    4.18586e+04   -6.03991e+03   -7.03860e+04   -1.23114e+04


DD  step 416999 load imb.: force 392.2%

Atom distribution over 20 domains: av 171 stddev 242 min 0 max 799
           Step           Time
         417000      834.00000


   Energies (kJ/mol)
           Bond          Angle    Proper Dih. Per. Imp. Dih.          LJ-14
    2.74181e+03    7.08261e+03    8.77949e+03    4.84403e+02    3.10163e+03
     Coulomb-14        LJ (SR)   Coulomb (SR)      Potential
    4.16663e+04   -6.04456e+03   -7.00860e+04   -1.22743e+04


DD  step 417499 load imb.: force 380.9%

Atom distribution over 20 domains: av 171 stddev 242 min 0 max 794
           Step           Time
         417500      835.00000


   Energies (kJ/mol)
           Bond          Angle    Proper Dih. Per. Imp. Dih.          LJ-14
    2.83766e+03    7.16651e+03    8.92523e+03    3.83443e+02    3.07248e+03
     Coulomb-14        LJ (SR)   Coulomb (SR)      Potential
    4.16670e+04   -6.03846e+03   -7.01798e+04   -1.21659e+04


DD  step 417999 load imb.: force 389.5%

Atom distribution over 20 domains: av 171 stddev 238 min 0 max 805
           Step           Time
         418000      836.00000


   Energies (kJ/mol)
           Bond          Angle    Proper Dih. Per. Imp. Dih.          LJ-14
    2.66935e+03    7.31896e+03    8.72025e+03    4.53205e+02    3.21001e+03
     Coulomb-14        LJ (SR)   Coulomb (SR)      Potential
    4.15661e+04   -6.01023e+03   -6.99847e+04   -1.20571e+04


DD  step 418499 load imb.: force 394.0%

Atom distribution over 20 domains: av 171 stddev 240 min 0 max 784
           Step           Time
         418500      837.00000


   Energies (kJ/mol)
           Bond          Angle    Proper Dih. Per. Imp. Dih.          LJ-14
    2.76093e+03    7.43680e+03    8.79093e+03    4.28121e+02    3.07710e+03
     Coulomb-14        LJ (SR)   Coulomb (SR)      Potential
    4.18373e+04   -6.08369e+03   -7.00243e+04   -1.17768e+04


DD  step 418999 load imb.: force 389.8%

Atom distribution over 20 domains: av 171 stddev 240 min 0 max 787
           Step           Time
         419000      838.00000


   Energies (kJ/mol)
           Bond          Angle    Proper Dih. Per. Imp. Dih.          LJ-14
    2.81231e+03    7.30042e+03    8.76695e+03    4.37566e+02    3.14223e+03
     Coulomb-14        LJ (SR)   Coulomb (SR)      Potential
    4.17627e+04   -5.97206e+03   -7.00107e+04   -1.17606e+04


DD  step 419499 load imb.: force 383.2%

Atom distribution over 20 domains: av 171 stddev 243 min 0 max 836
           Step           Time
         419500      839.00000


   Energies (kJ/mol)
           Bond          Angle    Proper Dih. Per. Imp. Dih.          LJ-14
    2.62795e+03    7.10184e+03    8.90998e+03    4.29671e+02    3.20144e+03
     Coulomb-14        LJ (SR)   Coulomb (SR)      Potential
    4.18895e+04   -6.06313e+03   -7.04576e+04   -1.23604e+04


DD  step 419999 load imb.: force 419.8%

Atom distribution over 20 domains: av 171 stddev 240 min 0 max 814
           Step           Time
         420000      840.00000


   Energies (kJ/mol)
           Bond          Angle    Proper Dih. Per. Imp. Dih.          LJ-14
    2.60199e+03    7.19149e+03    8.77407e+03    4.06949e+02    3.10766e+03
     Coulomb-14        LJ (SR)   Coulomb (SR)      Potential
    4.18801e+04   -6.03002e+03   -7.03592e+04   -1.24270e+04


DD  step 420499 load imb.: force 404.3%

Atom distribution over 20 domains: av 171 stddev 243 min 0 max 807
           Step           Time
         420500      841.00000


   Energies (kJ/mol)
           Bond          Angle    Proper Dih. Per. Imp. Dih.          LJ-14
    2.77172e+03    7.13183e+03    8.79615e+03    4.34685e+02    3.09969e+03
     Coulomb-14        LJ (SR)   Coulomb (SR)      Potential
    4.15032e+04   -6.07335e+03   -6.99220e+04   -1.22580e+04


DD  step 420999 load imb.: force 393.4%

Atom distribution over 20 domains: av 171 stddev 243 min 0 max 795
           Step           Time
         421000      842.00000


   Energies (kJ/mol)
           Bond          Angle    Proper Dih. Per. Imp. Dih.          LJ-14
    2.76036e+03    7.12878e+03    8.91350e+03    4.76007e+02    3.18998e+03
     Coulomb-14        LJ (SR)   Coulomb (SR)      Potential
    4.17590e+04   -5.97417e+03   -7.01147e+04   -1.18613e+04


DD  step 421499 load imb.: force 376.9%

Atom distribution over 20 domains: av 171 stddev 244 min 0 max 814
           Step           Time
         421500      843.00000


   Energies (kJ/mol)
           Bond          Angle    Proper Dih. Per. Imp. Dih.          LJ-14
    2.62837e+03    7.10231e+03    8.81100e+03    4.62656e+02    3.26037e+03
     Coulomb-14        LJ (SR)   Coulomb (SR)      Potential
    4.18405e+04   -5.89738e+03   -7.00215e+04   -1.18137e+04


DD  step 421999 load imb.: force 398.4%

Atom distribution over 20 domains: av 171 stddev 245 min 0 max 804
           Step           Time
         422000      844.00000


   Energies (kJ/mol)
           Bond          Angle    Proper Dih. Per. Imp. Dih.          LJ-14
    2.64345e+03    6.96378e+03    8.80180e+03    4.53935e+02    3.20096e+03
     Coulomb-14        LJ (SR)   Coulomb (SR)      Potential
    4.18878e+04   -5.97435e+03   -7.01111e+04   -1.21338e+04


DD  step 422499 load imb.: force 392.4%

Atom distribution over 20 domains: av 171 stddev 252 min 0 max 832
           Step           Time
         422500      845.00000


   Energies (kJ/mol)
           Bond          Angle    Proper Dih. Per. Imp. Dih.          LJ-14
    2.67739e+03    7.09213e+03    8.92632e+03    4.30394e+02    3.13909e+03
     Coulomb-14        LJ (SR)   Coulomb (SR)      Potential
    4.17624e+04   -5.95916e+03   -7.03288e+04   -1.22602e+04


DD  step 422999 load imb.: force 417.8%

Atom distribution over 20 domains: av 171 stddev 251 min 0 max 824
           Step           Time
         423000      846.00000


   Energies (kJ/mol)
           Bond          Angle    Proper Dih. Per. Imp. Dih.          LJ-14
    2.78132e+03    6.99050e+03    8.93646e+03    4.31071e+02    3.11066e+03
     Coulomb-14        LJ (SR)   Coulomb (SR)      Potential
    4.17393e+04   -5.99730e+03   -7.01313e+04   -1.21392e+04


DD  step 423499 load imb.: force 390.7%

Atom distribution over 20 domains: av 171 stddev 253 min 0 max 849
           Step           Time
         423500      847.00000


   Energies (kJ/mol)
           Bond          Angle    Proper Dih. Per. Imp. Dih.          LJ-14
    2.52937e+03    7.24827e+03    8.98961e+03    4.13501e+02    3.23296e+03
     Coulomb-14        LJ (SR)   Coulomb (SR)      Potential
    4.16404e+04   -6.10194e+03   -7.02761e+04   -1.23240e+04


DD  step 423999 load imb.: force 414.9%

Atom distribution over 20 domains: av 171 stddev 255 min 0 max 861
           Step           Time
         424000      848.00000


   Energies (kJ/mol)
           Bond          Angle    Proper Dih. Per. Imp. Dih.          LJ-14
    2.65157e+03    7.36218e+03    8.84104e+03    4.13421e+02    3.23753e+03
     Coulomb-14        LJ (SR)   Coulomb (SR)      Potential
    4.16500e+04   -5.95636e+03   -7.04251e+04   -1.22257e+04


DD  step 424499 load imb.: force 432.6%

Atom distribution over 20 domains: av 171 stddev 256 min 0 max 844
           Step           Time
         424500      849.00000


   Energies (kJ/mol)
           Bond          Angle    Proper Dih. Per. Imp. Dih.          LJ-14
    2.67922e+03    7.16729e+03    8.83003e+03    4.88097e+02    3.19492e+03
     Coulomb-14        LJ (SR)   Coulomb (SR)      Potential
    4.16521e+04   -6.03122e+03   -6.99773e+04   -1.19969e+04


DD  step 424999 load imb.: force 433.2%

Atom distribution over 20 domains: av 171 stddev 257 min 0 max 870
           Step           Time
         425000      850.00000


   Energies (kJ/mol)
           Bond          Angle    Proper Dih. Per. Imp. Dih.          LJ-14
    2.73242e+03    7.30185e+03    8.78264e+03    3.87326e+02    3.12672e+03
     Coulomb-14        LJ (SR)   Coulomb (SR)      Potential
    4.16993e+04   -6.08188e+03   -7.03215e+04   -1.23731e+04


DD  step 425499 load imb.: force 439.8%

Atom distribution over 20 domains: av 171 stddev 263 min 0 max 841
           Step           Time
         425500      851.00000


   Energies (kJ/mol)
           Bond          Angle    Proper Dih. Per. Imp. Dih.          LJ-14
    2.72167e+03    7.49513e+03    8.77691e+03    4.35951e+02    3.12302e+03
     Coulomb-14        LJ (SR)   Coulomb (SR)      Potential
    4.14214e+04   -6.05941e+03   -6.97625e+04   -1.18478e+04


DD  step 425999 load imb.: force 411.3%

Atom distribution over 20 domains: av 171 stddev 259 min 0 max 849
           Step           Time
         426000      852.00000


   Energies (kJ/mol)
           Bond          Angle    Proper Dih. Per. Imp. Dih.          LJ-14
    2.66904e+03    7.24318e+03    8.83696e+03    3.97397e+02    3.17636e+03
     Coulomb-14        LJ (SR)   Coulomb (SR)      Potential
    4.18275e+04   -6.09541e+03   -7.05817e+04   -1.25267e+04


DD  step 426499 load imb.: force 412.4%

Atom distribution over 20 domains: av 171 stddev 264 min 0 max 867
           Step           Time
         426500      853.00000


   Energies (kJ/mol)
           Bond          Angle    Proper Dih. Per. Imp. Dih.          LJ-14
    2.53391e+03    7.36712e+03    8.73327e+03    4.14095e+02    3.18599e+03
     Coulomb-14        LJ (SR)   Coulomb (SR)      Potential
    4.19388e+04   -6.06211e+03   -7.03779e+04   -1.22668e+04


DD  step 426999 load imb.: force 419.0%

Atom distribution over 20 domains: av 171 stddev 263 min 0 max 863
           Step           Time
         427000      854.00000


   Energies (kJ/mol)
           Bond          Angle    Proper Dih. Per. Imp. Dih.          LJ-14
    2.59683e+03    7.21215e+03    8.86953e+03    4.39739e+02    3.09568e+03
     Coulomb-14        LJ (SR)   Coulomb (SR)      Potential
    4.19163e+04   -5.98001e+03   -7.05331e+04   -1.23829e+04


DD  step 427499 load imb.: force 413.3%

Atom distribution over 20 domains: av 171 stddev 259 min 0 max 858
           Step           Time
         427500      855.00000


   Energies (kJ/mol)
           Bond          Angle    Proper Dih. Per. Imp. Dih.          LJ-14
    2.89881e+03    6.96565e+03    8.96930e+03    4.28839e+02    3.16569e+03
     Coulomb-14        LJ (SR)   Coulomb (SR)      Potential
    4.15069e+04   -6.02070e+03   -7.02263e+04   -1.23118e+04


DD  step 427999 load imb.: force 405.7%

Atom distribution over 20 domains: av 171 stddev 259 min 0 max 868
           Step           Time
         428000      856.00000


   Energies (kJ/mol)
           Bond          Angle    Proper Dih. Per. Imp. Dih.          LJ-14
    2.70425e+03    7.04467e+03    8.95894e+03    4.07987e+02    3.02921e+03
     Coulomb-14        LJ (SR)   Coulomb (SR)      Potential
    4.15557e+04   -6.02342e+03   -7.00686e+04   -1.23913e+04


DD  step 428499 load imb.: force 412.2%

Atom distribution over 20 domains: av 171 stddev 261 min 0 max 878
           Step           Time
         428500      857.00000


   Energies (kJ/mol)
           Bond          Angle    Proper Dih. Per. Imp. Dih.          LJ-14
    2.67497e+03    7.24792e+03    8.80397e+03    3.99823e+02    3.15608e+03
     Coulomb-14        LJ (SR)   Coulomb (SR)      Potential
    4.16531e+04   -5.90567e+03   -7.02704e+04   -1.22403e+04


DD  step 428999 load imb.: force 434.8%

Atom distribution over 20 domains: av 171 stddev 262 min 0 max 896
           Step           Time
         429000      858.00000


   Energies (kJ/mol)
           Bond          Angle    Proper Dih. Per. Imp. Dih.          LJ-14
    2.75411e+03    7.30501e+03    8.84773e+03    4.40020e+02    3.13336e+03
     Coulomb-14        LJ (SR)   Coulomb (SR)      Potential
    4.17637e+04   -5.94912e+03   -7.03757e+04   -1.20808e+04


DD  step 429499 load imb.: force 446.7%

Atom distribution over 20 domains: av 171 stddev 263 min 0 max 875
           Step           Time
         429500      859.00000


   Energies (kJ/mol)
           Bond          Angle    Proper Dih. Per. Imp. Dih.          LJ-14
    2.83728e+03    7.23856e+03    8.86544e+03    4.38961e+02    3.16539e+03
     Coulomb-14        LJ (SR)   Coulomb (SR)      Potential
    4.15657e+04   -5.95704e+03   -7.00604e+04   -1.19062e+04


DD  step 429999 load imb.: force 436.1%

Atom distribution over 20 domains: av 171 stddev 263 min 0 max 865
           Step           Time
         430000      860.00000


   Energies (kJ/mol)
           Bond          Angle    Proper Dih. Per. Imp. Dih.          LJ-14
    2.63510e+03    7.27099e+03    8.91414e+03    4.43293e+02    3.20330e+03
     Coulomb-14        LJ (SR)   Coulomb (SR)      Potential
    4.19907e+04   -6.01741e+03   -7.04576e+04   -1.20175e+04


DD  step 430499 load imb.: force 429.2%

Atom distribution over 20 domains: av 171 stddev 263 min 0 max 880
           Step           Time
         430500      861.00000


   Energies (kJ/mol)
           Bond          Angle    Proper Dih. Per. Imp. Dih.          LJ-14
    2.73918e+03    7.39954e+03    8.87896e+03    4.18679e+02    3.15556e+03
     Coulomb-14        LJ (SR)   Coulomb (SR)      Potential
    4.18858e+04   -5.97156e+03   -7.02566e+04   -1.17504e+04


DD  step 430999 load imb.: force 429.2%

Atom distribution over 20 domains: av 171 stddev 264 min 0 max 875
           Step           Time
         431000      862.00000


   Energies (kJ/mol)
           Bond          Angle    Proper Dih. Per. Imp. Dih.          LJ-14
    2.78633e+03    7.30158e+03    8.81707e+03    4.49581e+02    3.17393e+03
     Coulomb-14        LJ (SR)   Coulomb (SR)      Potential
    4.17294e+04   -5.88271e+03   -7.00859e+04   -1.17108e+04


DD  step 431499 load imb.: force 429.6%

Atom distribution over 20 domains: av 171 stddev 265 min 0 max 853
           Step           Time
         431500      863.00000


   Energies (kJ/mol)
           Bond          Angle    Proper Dih. Per. Imp. Dih.          LJ-14
    2.81963e+03    7.14901e+03    8.90637e+03    4.28353e+02    3.14811e+03
     Coulomb-14        LJ (SR)   Coulomb (SR)      Potential
    4.19509e+04   -5.92227e+03   -7.03254e+04   -1.18453e+04


DD  step 431999 load imb.: force 421.1%

Atom distribution over 20 domains: av 171 stddev 267 min 0 max 868
           Step           Time
         432000      864.00000


   Energies (kJ/mol)
           Bond          Angle    Proper Dih. Per. Imp. Dih.          LJ-14
    3.00211e+03    7.22323e+03    8.87578e+03    4.72264e+02    3.11496e+03
     Coulomb-14        LJ (SR)   Coulomb (SR)      Potential
    4.17848e+04   -5.99400e+03   -7.02324e+04   -1.17532e+04


DD  step 432499 load imb.: force 434.1%

Atom distribution over 20 domains: av 171 stddev 264 min 0 max 873
           Step           Time
         432500      865.00000


   Energies (kJ/mol)
           Bond          Angle    Proper Dih. Per. Imp. Dih.          LJ-14
    2.75502e+03    7.38214e+03    8.87892e+03    4.76633e+02    3.09173e+03
     Coulomb-14        LJ (SR)   Coulomb (SR)      Potential
    4.16609e+04   -5.89589e+03   -7.01273e+04   -1.17779e+04


DD  step 432999 load imb.: force 439.4%

Atom distribution over 20 domains: av 171 stddev 262 min 0 max 834
           Step           Time
         433000      866.00000


   Energies (kJ/mol)
           Bond          Angle    Proper Dih. Per. Imp. Dih.          LJ-14
    2.63575e+03    7.43175e+03    8.87987e+03    4.66781e+02    3.15350e+03
     Coulomb-14        LJ (SR)   Coulomb (SR)      Potential
    4.18350e+04   -6.09788e+03   -7.05499e+04   -1.22451e+04


DD  step 433499 load imb.: force 396.5%

Atom distribution over 20 domains: av 171 stddev 262 min 0 max 866
           Step           Time
         433500      867.00000


   Energies (kJ/mol)
           Bond          Angle    Proper Dih. Per. Imp. Dih.          LJ-14
    2.65432e+03    7.15925e+03    8.84406e+03    4.58835e+02    3.16967e+03
     Coulomb-14        LJ (SR)   Coulomb (SR)      Potential
    4.16231e+04   -5.85461e+03   -7.02541e+04   -1.21995e+04


DD  step 433999 load imb.: force 428.6%

Atom distribution over 20 domains: av 171 stddev 257 min 0 max 871
           Step           Time
         434000      868.00000


   Energies (kJ/mol)
           Bond          Angle    Proper Dih. Per. Imp. Dih.          LJ-14
    2.59024e+03    7.33204e+03    8.74862e+03    3.78515e+02    3.11601e+03
     Coulomb-14        LJ (SR)   Coulomb (SR)      Potential
    4.16492e+04   -6.08979e+03   -6.98068e+04   -1.20820e+04


DD  step 434499 load imb.: force 435.6%

Atom distribution over 20 domains: av 171 stddev 257 min 0 max 829
           Step           Time
         434500      869.00000


   Energies (kJ/mol)
           Bond          Angle    Proper Dih. Per. Imp. Dih.          LJ-14
    2.49524e+03    7.15245e+03    8.97640e+03    4.44163e+02    3.12409e+03
     Coulomb-14        LJ (SR)   Coulomb (SR)      Potential
    4.18067e+04   -5.98442e+03   -7.02795e+04   -1.22650e+04


DD  step 434999 load imb.: force 409.8%

Atom distribution over 20 domains: av 171 stddev 254 min 0 max 813
           Step           Time
         435000      870.00000


   Energies (kJ/mol)
           Bond          Angle    Proper Dih. Per. Imp. Dih.          LJ-14
    2.61117e+03    7.27320e+03    8.79566e+03    4.22579e+02    3.17955e+03
     Coulomb-14        LJ (SR)   Coulomb (SR)      Potential
    4.19556e+04   -5.92752e+03   -7.03892e+04   -1.20789e+04


DD  step 435499 load imb.: force 394.0%

Atom distribution over 20 domains: av 171 stddev 251 min 0 max 894
           Step           Time
         435500      871.00000


   Energies (kJ/mol)
           Bond          Angle    Proper Dih. Per. Imp. Dih.          LJ-14
    2.70871e+03    7.39372e+03    8.90473e+03    4.35437e+02    3.12147e+03
     Coulomb-14        LJ (SR)   Coulomb (SR)      Potential
    4.17656e+04   -6.13107e+03   -7.02845e+04   -1.20858e+04


DD  step 435999 load imb.: force 444.2%

Atom distribution over 20 domains: av 171 stddev 253 min 0 max 848
           Step           Time
         436000      872.00000


   Energies (kJ/mol)
           Bond          Angle    Proper Dih. Per. Imp. Dih.          LJ-14
    2.88111e+03    7.35848e+03    8.83800e+03    3.97325e+02    3.15900e+03
     Coulomb-14        LJ (SR)   Coulomb (SR)      Potential
    4.15691e+04   -5.99091e+03   -6.99776e+04   -1.17655e+04


DD  step 436499 load imb.: force 418.4%

Atom distribution over 20 domains: av 171 stddev 256 min 0 max 865
           Step           Time
         436500      873.00000


   Energies (kJ/mol)
           Bond          Angle    Proper Dih. Per. Imp. Dih.          LJ-14
    2.70785e+03    7.06184e+03    8.91987e+03    4.79654e+02    3.22137e+03
     Coulomb-14        LJ (SR)   Coulomb (SR)      Potential
    4.16696e+04   -5.97812e+03   -7.04595e+04   -1.23775e+04


DD  step 436999 load imb.: force 427.0%

Atom distribution over 20 domains: av 171 stddev 252 min 0 max 839
           Step           Time
         437000      874.00000


   Energies (kJ/mol)
           Bond          Angle    Proper Dih. Per. Imp. Dih.          LJ-14
    2.61929e+03    7.21512e+03    8.88391e+03    3.85438e+02    3.24377e+03
     Coulomb-14        LJ (SR)   Coulomb (SR)      Potential
    4.20344e+04   -5.86539e+03   -7.03747e+04   -1.18581e+04


DD  step 437499 load imb.: force 400.3%

Atom distribution over 20 domains: av 171 stddev 251 min 0 max 841
           Step           Time
         437500      875.00000


   Energies (kJ/mol)
           Bond          Angle    Proper Dih. Per. Imp. Dih.          LJ-14
    2.80405e+03    7.17785e+03    8.85097e+03    3.91084e+02    3.10391e+03
     Coulomb-14        LJ (SR)   Coulomb (SR)      Potential
    4.15777e+04   -6.00181e+03   -7.01832e+04   -1.22795e+04


DD  step 437999 load imb.: force 411.7%

Atom distribution over 20 domains: av 171 stddev 254 min 0 max 811
           Step           Time
         438000      876.00000


   Energies (kJ/mol)
           Bond          Angle    Proper Dih. Per. Imp. Dih.          LJ-14
    2.62703e+03    7.15583e+03    8.93544e+03    4.48134e+02    3.27624e+03
     Coulomb-14        LJ (SR)   Coulomb (SR)      Potential
    4.19968e+04   -5.98736e+03   -7.07034e+04   -1.22513e+04


DD  step 438499 load imb.: force 380.1%

Atom distribution over 20 domains: av 171 stddev 253 min 0 max 852
           Step           Time
         438500      877.00000


   Energies (kJ/mol)
           Bond          Angle    Proper Dih. Per. Imp. Dih.          LJ-14
    2.50933e+03    7.31589e+03    8.87010e+03    4.41577e+02    3.30563e+03
     Coulomb-14        LJ (SR)   Coulomb (SR)      Potential
    4.19544e+04   -5.96395e+03   -7.05953e+04   -1.21624e+04


DD  step 438999 load imb.: force 414.5%

Atom distribution over 20 domains: av 171 stddev 251 min 0 max 834
           Step           Time
         439000      878.00000


   Energies (kJ/mol)
           Bond          Angle    Proper Dih. Per. Imp. Dih.          LJ-14
    2.66393e+03    7.18750e+03    8.93564e+03    4.38756e+02    3.13460e+03
     Coulomb-14        LJ (SR)   Coulomb (SR)      Potential
    4.18939e+04   -5.95232e+03   -7.03511e+04   -1.20490e+04


DD  step 439499 load imb.: force 414.3%

Atom distribution over 20 domains: av 171 stddev 248 min 0 max 811
           Step           Time
         439500      879.00000


   Energies (kJ/mol)
           Bond          Angle    Proper Dih. Per. Imp. Dih.          LJ-14
    2.76352e+03    7.14454e+03    8.88708e+03    3.84692e+02    3.06175e+03
     Coulomb-14        LJ (SR)   Coulomb (SR)      Potential
    4.16490e+04   -5.93663e+03   -7.00718e+04   -1.21178e+04


DD  step 439999 load imb.: force 390.2%

Atom distribution over 20 domains: av 171 stddev 249 min 0 max 838
           Step           Time
         440000      880.00000


   Energies (kJ/mol)
           Bond          Angle    Proper Dih. Per. Imp. Dih.          LJ-14
    2.68518e+03    7.00062e+03    8.80723e+03    4.22080e+02    3.21488e+03
     Coulomb-14        LJ (SR)   Coulomb (SR)      Potential
    4.18963e+04   -5.95640e+03   -7.01658e+04   -1.20958e+04


DD  step 440499 load imb.: force 410.8%

Atom distribution over 20 domains: av 171 stddev 248 min 0 max 809
           Step           Time
         440500      881.00000


   Energies (kJ/mol)
           Bond          Angle    Proper Dih. Per. Imp. Dih.          LJ-14
    2.74770e+03    7.09415e+03    8.92911e+03    4.23887e+02    3.15941e+03
     Coulomb-14        LJ (SR)   Coulomb (SR)      Potential
    4.19588e+04   -6.08663e+03   -7.04795e+04   -1.22531e+04


DD  step 440999 load imb.: force 385.7%

Atom distribution over 20 domains: av 171 stddev 245 min 0 max 808
           Step           Time
         441000      882.00000


   Energies (kJ/mol)
           Bond          Angle    Proper Dih. Per. Imp. Dih.          LJ-14
    2.62654e+03    7.53759e+03    8.88038e+03    4.30802e+02    3.18929e+03
     Coulomb-14        LJ (SR)   Coulomb (SR)      Potential
    4.17252e+04   -5.96535e+03   -7.01913e+04   -1.17668e+04


DD  step 441499 load imb.: force 375.0%

Atom distribution over 20 domains: av 171 stddev 248 min 0 max 802
           Step           Time
         441500      883.00000


   Energies (kJ/mol)
           Bond          Angle    Proper Dih. Per. Imp. Dih.          LJ-14
    2.66685e+03    7.07642e+03    8.98227e+03    4.70113e+02    3.16024e+03
     Coulomb-14        LJ (SR)   Coulomb (SR)      Potential
    4.16574e+04   -6.01892e+03   -6.99371e+04   -1.19427e+04


DD  step 441999 load imb.: force 381.7%

Atom distribution over 20 domains: av 171 stddev 246 min 0 max 794
           Step           Time
         442000      884.00000


   Energies (kJ/mol)
           Bond          Angle    Proper Dih. Per. Imp. Dih.          LJ-14
    2.73406e+03    7.16245e+03    8.77122e+03    4.01053e+02    3.16183e+03
     Coulomb-14        LJ (SR)   Coulomb (SR)      Potential
    4.16983e+04   -5.96836e+03   -6.98251e+04   -1.18646e+04


DD  step 442499 load imb.: force 378.6%

Atom distribution over 20 domains: av 171 stddev 245 min 0 max 814
           Step           Time
         442500      885.00000


   Energies (kJ/mol)
           Bond          Angle    Proper Dih. Per. Imp. Dih.          LJ-14
    2.80774e+03    7.24170e+03    8.76625e+03    4.29839e+02    3.13026e+03
     Coulomb-14        LJ (SR)   Coulomb (SR)      Potential
    4.16066e+04   -5.98556e+03   -6.95888e+04   -1.15919e+04


DD  step 442999 load imb.: force 382.5%

Atom distribution over 20 domains: av 171 stddev 243 min 0 max 803
           Step           Time
         443000      886.00000


   Energies (kJ/mol)
           Bond          Angle    Proper Dih. Per. Imp. Dih.          LJ-14
    2.73219e+03    7.46222e+03    8.72624e+03    4.12311e+02    3.12284e+03
     Coulomb-14        LJ (SR)   Coulomb (SR)      Potential
    4.15956e+04   -5.90248e+03   -6.98931e+04   -1.17443e+04


DD  step 443499 load imb.: force 380.6%

Atom distribution over 20 domains: av 171 stddev 241 min 0 max 819
           Step           Time
         443500      887.00000


   Energies (kJ/mol)
           Bond          Angle    Proper Dih. Per. Imp. Dih.          LJ-14
    2.86379e+03    7.12110e+03    8.83000e+03    4.18181e+02    3.18902e+03
     Coulomb-14        LJ (SR)   Coulomb (SR)      Potential
    4.16831e+04   -6.14006e+03   -6.98885e+04   -1.19235e+04


DD  step 443999 load imb.: force 392.3%

Atom distribution over 20 domains: av 171 stddev 241 min 0 max 815
           Step           Time
         444000      888.00000


   Energies (kJ/mol)
           Bond          Angle    Proper Dih. Per. Imp. Dih.          LJ-14
    2.67257e+03    7.24647e+03    8.71109e+03    4.13362e+02    3.13837e+03
     Coulomb-14        LJ (SR)   Coulomb (SR)      Potential
    4.17501e+04   -5.97773e+03   -6.96637e+04   -1.17094e+04


DD  step 444499 load imb.: force 381.4%

Atom distribution over 20 domains: av 171 stddev 241 min 0 max 784
           Step           Time
         444500      889.00000


   Energies (kJ/mol)
           Bond          Angle    Proper Dih. Per. Imp. Dih.          LJ-14
    2.67440e+03    7.11270e+03    8.75190e+03    3.73484e+02    3.15793e+03
     Coulomb-14        LJ (SR)   Coulomb (SR)      Potential
    4.18987e+04   -5.93328e+03   -7.00712e+04   -1.20354e+04


DD  step 444999 load imb.: force 372.7%

Atom distribution over 20 domains: av 171 stddev 240 min 0 max 796
           Step           Time
         445000      890.00000


   Energies (kJ/mol)
           Bond          Angle    Proper Dih. Per. Imp. Dih.          LJ-14
    2.61786e+03    7.09798e+03    8.81805e+03    4.15974e+02    3.20201e+03
     Coulomb-14        LJ (SR)   Coulomb (SR)      Potential
    4.18477e+04   -5.89982e+03   -7.02053e+04   -1.21055e+04


DD  step 445499 load imb.: force 382.5%

Atom distribution over 20 domains: av 171 stddev 237 min 0 max 759
           Step           Time
         445500      891.00000


   Energies (kJ/mol)
           Bond          Angle    Proper Dih. Per. Imp. Dih.          LJ-14
    2.55505e+03    7.15094e+03    8.87446e+03    4.65765e+02    3.18319e+03
     Coulomb-14        LJ (SR)   Coulomb (SR)      Potential
    4.15899e+04   -6.08084e+03   -6.95793e+04   -1.18408e+04


DD  step 445999 load imb.: force 350.7%

Atom distribution over 20 domains: av 171 stddev 239 min 0 max 754
           Step           Time
         446000      892.00000


   Energies (kJ/mol)
           Bond          Angle    Proper Dih. Per. Imp. Dih.          LJ-14
    2.70760e+03    7.12498e+03    8.82473e+03    4.98860e+02    3.18991e+03
     Coulomb-14        LJ (SR)   Coulomb (SR)      Potential
    4.16188e+04   -6.05740e+03   -6.96238e+04   -1.17162e+04


DD  step 446499 load imb.: force 359.2%

Atom distribution over 20 domains: av 171 stddev 238 min 0 max 803
           Step           Time
         446500      893.00000


   Energies (kJ/mol)
           Bond          Angle    Proper Dih. Per. Imp. Dih.          LJ-14
    2.77894e+03    7.21774e+03    8.81440e+03    4.83956e+02    3.14812e+03
     Coulomb-14        LJ (SR)   Coulomb (SR)      Potential
    4.16244e+04   -5.97162e+03   -6.97164e+04   -1.16204e+04


DD  step 446999 load imb.: force 365.0%

Atom distribution over 20 domains: av 171 stddev 239 min 0 max 759
           Step           Time
         447000      894.00000


   Energies (kJ/mol)
           Bond          Angle    Proper Dih. Per. Imp. Dih.          LJ-14
    2.72218e+03    7.49038e+03    8.82928e+03    4.23680e+02    3.12333e+03
     Coulomb-14        LJ (SR)   Coulomb (SR)      Potential
    4.17769e+04   -6.01282e+03   -6.98167e+04   -1.14638e+04


DD  step 447499 load imb.: force 363.6%

Atom distribution over 20 domains: av 171 stddev 241 min 0 max 789
           Step           Time
         447500      895.00000


   Energies (kJ/mol)
           Bond          Angle    Proper Dih. Per. Imp. Dih.          LJ-14
    2.53592e+03    7.38258e+03    8.81330e+03    3.80794e+02    3.26437e+03
     Coulomb-14        LJ (SR)   Coulomb (SR)      Potential
    4.18432e+04   -6.12863e+03   -7.00147e+04   -1.19232e+04


DD  step 447999 load imb.: force 382.2%

Atom distribution over 20 domains: av 171 stddev 238 min 0 max 789
           Step           Time
         448000      896.00000


   Energies (kJ/mol)
           Bond          Angle    Proper Dih. Per. Imp. Dih.          LJ-14
    2.70178e+03    7.28716e+03    8.75485e+03    3.74520e+02    3.15665e+03
     Coulomb-14        LJ (SR)   Coulomb (SR)      Potential
    4.17027e+04   -6.16611e+03   -7.00497e+04   -1.22382e+04


DD  step 448499 load imb.: force 376.2%

Atom distribution over 20 domains: av 171 stddev 235 min 0 max 784
           Step           Time
         448500      897.00000


   Energies (kJ/mol)
           Bond          Angle    Proper Dih. Per. Imp. Dih.          LJ-14
    2.57886e+03    7.33475e+03    8.87347e+03    3.71254e+02    3.12650e+03
     Coulomb-14        LJ (SR)   Coulomb (SR)      Potential
    4.15797e+04   -6.11736e+03   -6.96951e+04   -1.19479e+04


DD  step 448999 load imb.: force 367.8%

Atom distribution over 20 domains: av 171 stddev 234 min 0 max 766
           Step           Time
         449000      898.00000


   Energies (kJ/mol)
           Bond          Angle    Proper Dih. Per. Imp. Dih.          LJ-14
    2.64684e+03    7.36232e+03    8.87861e+03    4.12181e+02    3.17038e+03
     Coulomb-14        LJ (SR)   Coulomb (SR)      Potential
    4.17642e+04   -6.03936e+03   -6.96319e+04   -1.14367e+04


DD  step 449499 load imb.: force 365.7%

Atom distribution over 20 domains: av 171 stddev 234 min 0 max 759
           Step           Time
         449500      899.00000


   Energies (kJ/mol)
           Bond          Angle    Proper Dih. Per. Imp. Dih.          LJ-14
    2.70249e+03    7.32209e+03    8.74568e+03    4.59522e+02    3.14683e+03
     Coulomb-14        LJ (SR)   Coulomb (SR)      Potential
    4.18063e+04   -6.11200e+03   -6.96507e+04   -1.15797e+04


DD  step 449999 load imb.: force 354.4%

Atom distribution over 20 domains: av 171 stddev 234 min 0 max 771
           Step           Time
         450000      900.00000


   Energies (kJ/mol)
           Bond          Angle    Proper Dih. Per. Imp. Dih.          LJ-14
    2.70956e+03    7.46753e+03    8.83711e+03    4.04249e+02    3.22945e+03
     Coulomb-14        LJ (SR)   Coulomb (SR)      Potential
    4.18076e+04   -6.06496e+03   -6.98871e+04   -1.14966e+04


DD  step 450499 load imb.: force 373.2%

Atom distribution over 20 domains: av 171 stddev 231 min 0 max 774
           Step           Time
         450500      901.00000


   Energies (kJ/mol)
           Bond          Angle    Proper Dih. Per. Imp. Dih.          LJ-14
    2.64590e+03    7.36602e+03    8.78379e+03    4.57982e+02    3.11590e+03
     Coulomb-14        LJ (SR)   Coulomb (SR)      Potential
    4.17047e+04   -6.08136e+03   -6.97465e+04   -1.17537e+04


DD  step 450999 load imb.: force 388.2%

Atom distribution over 20 domains: av 171 stddev 232 min 0 max 796
           Step           Time
         451000      902.00000


   Energies (kJ/mol)
           Bond          Angle    Proper Dih. Per. Imp. Dih.          LJ-14
    2.66105e+03    7.47014e+03    8.87484e+03    3.84949e+02    3.20210e+03
     Coulomb-14        LJ (SR)   Coulomb (SR)      Potential
    4.15943e+04   -6.06323e+03   -6.97410e+04   -1.16169e+04


DD  step 451499 load imb.: force 389.9%

Atom distribution over 20 domains: av 171 stddev 232 min 0 max 776
           Step           Time
         451500      903.00000


   Energies (kJ/mol)
           Bond          Angle    Proper Dih. Per. Imp. Dih.          LJ-14
    2.72592e+03    7.19521e+03    8.79816e+03    4.42213e+02    3.20580e+03
     Coulomb-14        LJ (SR)   Coulomb (SR)      Potential
    4.17421e+04   -5.93044e+03   -6.98726e+04   -1.16936e+04


DD  step 451999 load imb.: force 370.4%

Atom distribution over 20 domains: av 171 stddev 228 min 0 max 759
           Step           Time
         452000      904.00000


   Energies (kJ/mol)
           Bond          Angle    Proper Dih. Per. Imp. Dih.          LJ-14
    2.65861e+03    7.19878e+03    8.78151e+03    4.14099e+02    3.08513e+03
     Coulomb-14        LJ (SR)   Coulomb (SR)      Potential
    4.18813e+04   -6.06185e+03   -6.96041e+04   -1.16466e+04


DD  step 452499 load imb.: force 364.4%

Atom distribution over 20 domains: av 171 stddev 229 min 0 max 770
           Step           Time
         452500      905.00000


   Energies (kJ/mol)
           Bond          Angle    Proper Dih. Per. Imp. Dih.          LJ-14
    2.52868e+03    7.30259e+03    8.89353e+03    4.23327e+02    3.14625e+03
     Coulomb-14        LJ (SR)   Coulomb (SR)      Potential
    4.16186e+04   -6.07589e+03   -6.94573e+04   -1.16202e+04


DD  step 452999 load imb.: force 371.8%

Atom distribution over 20 domains: av 171 stddev 228 min 0 max 804
           Step           Time
         453000      906.00000


   Energies (kJ/mol)
           Bond          Angle    Proper Dih. Per. Imp. Dih.          LJ-14
    2.78182e+03    7.01809e+03    8.92955e+03    4.07913e+02    3.21888e+03
     Coulomb-14        LJ (SR)   Coulomb (SR)      Potential
    4.18898e+04   -6.09435e+03   -6.96893e+04   -1.15376e+04


DD  step 453499 load imb.: force 391.9%

Atom distribution over 20 domains: av 171 stddev 228 min 0 max 785
           Step           Time
         453500      907.00000


   Energies (kJ/mol)
           Bond          Angle    Proper Dih. Per. Imp. Dih.          LJ-14
    2.77476e+03    7.31575e+03    8.85510e+03    4.80724e+02    3.12023e+03
     Coulomb-14        LJ (SR)   Coulomb (SR)      Potential
    4.15217e+04   -6.07283e+03   -6.95259e+04   -1.15304e+04


DD  step 453999 load imb.: force 382.0%

Atom distribution over 20 domains: av 171 stddev 227 min 0 max 728
           Step           Time
         454000      908.00000


   Energies (kJ/mol)
           Bond          Angle    Proper Dih. Per. Imp. Dih.          LJ-14
    2.69763e+03    7.53208e+03    8.92086e+03    4.32533e+02    3.08885e+03
     Coulomb-14        LJ (SR)   Coulomb (SR)      Potential
    4.16991e+04   -6.09061e+03   -6.96672e+04   -1.13868e+04


DD  step 454499 load imb.: force 334.7%

Atom distribution over 20 domains: av 171 stddev 228 min 0 max 749
           Step           Time
         454500      909.00000


   Energies (kJ/mol)
           Bond          Angle    Proper Dih. Per. Imp. Dih.          LJ-14
    2.82545e+03    7.15001e+03    8.92480e+03    4.67864e+02    3.10296e+03
     Coulomb-14        LJ (SR)   Coulomb (SR)      Potential
    4.16816e+04   -5.92487e+03   -6.98995e+04   -1.16717e+04


DD  step 454999 load imb.: force 349.8%

Atom distribution over 20 domains: av 171 stddev 227 min 0 max 772
           Step           Time
         455000      910.00000


   Energies (kJ/mol)
           Bond          Angle    Proper Dih. Per. Imp. Dih.          LJ-14
    2.74245e+03    7.19863e+03    8.89758e+03    4.45881e+02    3.15065e+03
     Coulomb-14        LJ (SR)   Coulomb (SR)      Potential
    4.17694e+04   -6.00175e+03   -6.94944e+04   -1.12915e+04


DD  step 455499 load imb.: force 375.8%

Atom distribution over 20 domains: av 171 stddev 229 min 0 max 780
           Step           Time
         455500      911.00000


   Energies (kJ/mol)
           Bond          Angle    Proper Dih. Per. Imp. Dih.          LJ-14
    2.76550e+03    7.27099e+03    8.84658e+03    4.17466e+02    3.26108e+03
     Coulomb-14        LJ (SR)   Coulomb (SR)      Potential
    4.17056e+04   -6.02850e+03   -6.93865e+04   -1.11478e+04


DD  step 455999 load imb.: force 385.2%

Atom distribution over 20 domains: av 171 stddev 228 min 0 max 790
           Step           Time
         456000      912.00000


   Energies (kJ/mol)
           Bond          Angle    Proper Dih. Per. Imp. Dih.          LJ-14
    2.73413e+03    7.34130e+03    8.82905e+03    4.91068e+02    3.12528e+03
     Coulomb-14        LJ (SR)   Coulomb (SR)      Potential
    4.16427e+04   -5.96174e+03   -6.95473e+04   -1.13455e+04


DD  step 456499 load imb.: force 386.8%

Atom distribution over 20 domains: av 171 stddev 227 min 0 max 765
           Step           Time
         456500      913.00000


   Energies (kJ/mol)
           Bond          Angle    Proper Dih. Per. Imp. Dih.          LJ-14
    2.76572e+03    7.35703e+03    8.92159e+03    4.80189e+02    3.21139e+03
     Coulomb-14        LJ (SR)   Coulomb (SR)      Potential
    4.18300e+04   -6.10919e+03   -6.96477e+04   -1.11909e+04


DD  step 456999 load imb.: force 377.9%

Atom distribution over 20 domains: av 171 stddev 224 min 0 max 739
           Step           Time
         457000      914.00000


   Energies (kJ/mol)
           Bond          Angle    Proper Dih. Per. Imp. Dih.          LJ-14
    2.63657e+03    7.16038e+03    8.85968e+03    4.40309e+02    3.19968e+03
     Coulomb-14        LJ (SR)   Coulomb (SR)      Potential
    4.19326e+04   -5.92685e+03   -6.97736e+04   -1.14713e+04


DD  step 457499 load imb.: force 358.3%

Atom distribution over 20 domains: av 171 stddev 225 min 0 max 707
           Step           Time
         457500      915.00000


   Energies (kJ/mol)
           Bond          Angle    Proper Dih. Per. Imp. Dih.          LJ-14
    2.61708e+03    7.27569e+03    8.89305e+03    4.18605e+02    3.18884e+03
     Coulomb-14        LJ (SR)   Coulomb (SR)      Potential
    4.20341e+04   -5.92923e+03   -6.99219e+04   -1.14238e+04


DD  step 457999 load imb.: force 335.3%

Atom distribution over 20 domains: av 171 stddev 224 min 0 max 721
           Step           Time
         458000      916.00000


   Energies (kJ/mol)
           Bond          Angle    Proper Dih. Per. Imp. Dih.          LJ-14
    2.56311e+03    7.11032e+03    8.90556e+03    3.87993e+02    3.25876e+03
     Coulomb-14        LJ (SR)   Coulomb (SR)      Potential
    4.20072e+04   -5.87459e+03   -7.02462e+04   -1.18878e+04


DD  step 458499 load imb.: force 289.2%

Atom distribution over 20 domains: av 171 stddev 227 min 0 max 728
           Step           Time
         458500      917.00000


   Energies (kJ/mol)
           Bond          Angle    Proper Dih. Per. Imp. Dih.          LJ-14
    2.60786e+03    7.56573e+03    8.87339e+03    4.12785e+02    3.22522e+03
     Coulomb-14        LJ (SR)   Coulomb (SR)      Potential
    4.17986e+04   -6.00304e+03   -6.98539e+04   -1.13734e+04


DD  step 458999 load imb.: force 349.7%

Atom distribution over 20 domains: av 171 stddev 227 min 0 max 732
           Step           Time
         459000      918.00000


   Energies (kJ/mol)
           Bond          Angle    Proper Dih. Per. Imp. Dih.          LJ-14
    2.50557e+03    7.27871e+03    8.92562e+03    4.59373e+02    3.18486e+03
     Coulomb-14        LJ (SR)   Coulomb (SR)      Potential
    4.20106e+04   -6.12150e+03   -7.00464e+04   -1.18032e+04


DD  step 459499 load imb.: force 339.8%

Atom distribution over 20 domains: av 171 stddev 229 min 0 max 779
           Step           Time
         459500      919.00000


   Energies (kJ/mol)
           Bond          Angle    Proper Dih. Per. Imp. Dih.          LJ-14
    2.78034e+03    7.08657e+03    8.92382e+03    4.57402e+02    3.16810e+03
     Coulomb-14        LJ (SR)   Coulomb (SR)      Potential
    4.20446e+04   -6.04959e+03   -7.00589e+04   -1.16476e+04


DD  step 459999 load imb.: force 384.5%

Atom distribution over 20 domains: av 171 stddev 225 min 0 max 720
           Step           Time
         460000      920.00000


   Energies (kJ/mol)
           Bond          Angle    Proper Dih. Per. Imp. Dih.          LJ-14
    2.61748e+03    7.45712e+03    8.83993e+03    4.86154e+02    3.16370e+03
     Coulomb-14        LJ (SR)   Coulomb (SR)      Potential
    4.21641e+04   -5.94534e+03   -7.01557e+04   -1.13725e+04


DD  step 460499 load imb.: force 342.4%

Atom distribution over 20 domains: av 171 stddev 227 min 0 max 735
           Step           Time
         460500      921.00000


   Energies (kJ/mol)
           Bond          Angle    Proper Dih. Per. Imp. Dih.          LJ-14
    2.66710e+03    7.27650e+03    8.86584e+03    4.64064e+02    3.18480e+03
     Coulomb-14        LJ (SR)   Coulomb (SR)      Potential
    4.20643e+04   -5.85841e+03   -7.04133e+04   -1.17491e+04


DD  step 460999 load imb.: force 352.6%

Atom distribution over 20 domains: av 171 stddev 228 min 0 max 740
           Step           Time
         461000      922.00000


   Energies (kJ/mol)
           Bond          Angle    Proper Dih. Per. Imp. Dih.          LJ-14
    2.79258e+03    7.23391e+03    8.99791e+03    4.84695e+02    3.18450e+03
     Coulomb-14        LJ (SR)   Coulomb (SR)      Potential
    4.18686e+04   -6.08084e+03   -6.96564e+04   -1.11750e+04


DD  step 461499 load imb.: force 361.0%

Atom distribution over 20 domains: av 171 stddev 229 min 0 max 783
           Step           Time
         461500      923.00000


   Energies (kJ/mol)
           Bond          Angle    Proper Dih. Per. Imp. Dih.          LJ-14
    2.85323e+03    7.32525e+03    8.87095e+03    4.48144e+02    3.13951e+03
     Coulomb-14        LJ (SR)   Coulomb (SR)      Potential
    4.18804e+04   -5.91003e+03   -6.96996e+04   -1.10921e+04


DD  step 461999 load imb.: force 389.9%

Atom distribution over 20 domains: av 171 stddev 229 min 0 max 807
           Step           Time
         462000      924.00000


   Energies (kJ/mol)
           Bond          Angle    Proper Dih. Per. Imp. Dih.          LJ-14
    2.58380e+03    7.38859e+03    8.84525e+03    4.20712e+02    3.17686e+03
     Coulomb-14        LJ (SR)   Coulomb (SR)      Potential
    4.18637e+04   -5.84122e+03   -6.98967e+04   -1.14590e+04


DD  step 462499 load imb.: force 405.6%

Atom distribution over 20 domains: av 171 stddev 229 min 0 max 814
           Step           Time
         462500      925.00000


   Energies (kJ/mol)
           Bond          Angle    Proper Dih. Per. Imp. Dih.          LJ-14
    2.77860e+03    7.16103e+03    8.88518e+03    3.61635e+02    3.13732e+03
     Coulomb-14        LJ (SR)   Coulomb (SR)      Potential
    4.19571e+04   -6.03645e+03   -6.98867e+04   -1.16423e+04


DD  step 462999 load imb.: force 411.7%

Atom distribution over 20 domains: av 171 stddev 228 min 0 max 775
           Step           Time
         463000      926.00000


   Energies (kJ/mol)
           Bond          Angle    Proper Dih. Per. Imp. Dih.          LJ-14
    2.70542e+03    7.23765e+03    8.91598e+03    4.11471e+02    3.12837e+03
     Coulomb-14        LJ (SR)   Coulomb (SR)      Potential
    4.18471e+04   -5.98801e+03   -6.95275e+04   -1.12696e+04


DD  step 463499 load imb.: force 386.7%

Atom distribution over 20 domains: av 171 stddev 229 min 0 max 769
           Step           Time
         463500      927.00000


   Energies (kJ/mol)
           Bond          Angle    Proper Dih. Per. Imp. Dih.          LJ-14
    2.65043e+03    7.30177e+03    8.87832e+03    4.12037e+02    3.17123e+03
     Coulomb-14        LJ (SR)   Coulomb (SR)      Potential
    4.16637e+04   -5.99305e+03   -6.98049e+04   -1.17204e+04


DD  step 463999 load imb.: force 373.8%

Atom distribution over 20 domains: av 171 stddev 231 min 0 max 801
           Step           Time
         464000      928.00000


   Energies (kJ/mol)
           Bond          Angle    Proper Dih. Per. Imp. Dih.          LJ-14
    2.87863e+03    6.93231e+03    8.86727e+03    4.63900e+02    3.15692e+03
     Coulomb-14        LJ (SR)   Coulomb (SR)      Potential
    4.19346e+04   -6.06520e+03   -6.98533e+04   -1.16849e+04


DD  step 464499 load imb.: force 397.4%

Atom distribution over 20 domains: av 171 stddev 233 min 0 max 813
           Step           Time
         464500      929.00000


   Energies (kJ/mol)
           Bond          Angle    Proper Dih. Per. Imp. Dih.          LJ-14
    2.68312e+03    7.27817e+03    8.93164e+03    4.43267e+02    3.16433e+03
     Coulomb-14        LJ (SR)   Coulomb (SR)      Potential
    4.18754e+04   -6.24544e+03   -6.97561e+04   -1.16257e+04


DD  step 464999 load imb.: force 400.7%

Atom distribution over 20 domains: av 171 stddev 233 min 0 max 833
           Step           Time
         465000      930.00000


   Energies (kJ/mol)
           Bond          Angle    Proper Dih. Per. Imp. Dih.          LJ-14
    2.53766e+03    7.38911e+03    8.90130e+03    3.99581e+02    3.14496e+03
     Coulomb-14        LJ (SR)   Coulomb (SR)      Potential
    4.20591e+04   -6.11096e+03   -7.01171e+04   -1.17963e+04


DD  step 465499 load imb.: force 415.7%

Atom distribution over 20 domains: av 171 stddev 234 min 0 max 822
           Step           Time
         465500      931.00000


   Energies (kJ/mol)
           Bond          Angle    Proper Dih. Per. Imp. Dih.          LJ-14
    2.62023e+03    7.27285e+03    8.86683e+03    4.21388e+02    3.20211e+03
     Coulomb-14        LJ (SR)   Coulomb (SR)      Potential
    4.20329e+04   -5.94700e+03   -7.01135e+04   -1.16442e+04


DD  step 465999 load imb.: force 407.5%

Atom distribution over 20 domains: av 171 stddev 236 min 0 max 841
           Step           Time
         466000      932.00000


   Energies (kJ/mol)
           Bond          Angle    Proper Dih. Per. Imp. Dih.          LJ-14
    2.58415e+03    7.38484e+03    8.78033e+03    4.38799e+02    3.18049e+03
     Coulomb-14        LJ (SR)   Coulomb (SR)      Potential
    4.19043e+04   -6.09664e+03   -6.96830e+04   -1.15068e+04


DD  step 466499 load imb.: force 433.5%

Atom distribution over 20 domains: av 171 stddev 234 min 0 max 804
           Step           Time
         466500      933.00000


   Energies (kJ/mol)
           Bond          Angle    Proper Dih. Per. Imp. Dih.          LJ-14
    2.67487e+03    7.32551e+03    8.94280e+03    4.42781e+02    3.20913e+03
     Coulomb-14        LJ (SR)   Coulomb (SR)      Potential
    4.20858e+04   -6.06453e+03   -7.01187e+04   -1.15024e+04


DD  step 466999 load imb.: force 396.8%

Atom distribution over 20 domains: av 171 stddev 235 min 0 max 828
           Step           Time
         467000      934.00000


   Energies (kJ/mol)
           Bond          Angle    Proper Dih. Per. Imp. Dih.          LJ-14
    2.75133e+03    7.36033e+03    8.98570e+03    5.19871e+02    3.10643e+03
     Coulomb-14        LJ (SR)   Coulomb (SR)      Potential
    4.19271e+04   -5.96257e+03   -7.00883e+04   -1.14001e+04


DD  step 467499 load imb.: force 423.5%

Atom distribution over 20 domains: av 171 stddev 237 min 0 max 827
           Step           Time
         467500      935.00000


   Energies (kJ/mol)
           Bond          Angle    Proper Dih. Per. Imp. Dih.          LJ-14
    2.70808e+03    7.31154e+03    8.82493e+03    4.94910e+02    3.17421e+03
     Coulomb-14        LJ (SR)   Coulomb (SR)      Potential
    4.18409e+04   -6.16331e+03   -6.94958e+04   -1.13046e+04


DD  step 467999 load imb.: force 415.5%

Atom distribution over 20 domains: av 171 stddev 236 min 0 max 819
           Step           Time
         468000      936.00000


   Energies (kJ/mol)
           Bond          Angle    Proper Dih. Per. Imp. Dih.          LJ-14
    2.70377e+03    7.22042e+03    8.84662e+03    4.19896e+02    3.15431e+03
     Coulomb-14        LJ (SR)   Coulomb (SR)      Potential
    4.18715e+04   -6.05946e+03   -6.96938e+04   -1.15368e+04


DD  step 468499 load imb.: force 410.6%

Atom distribution over 20 domains: av 171 stddev 238 min 0 max 873
           Step           Time
         468500      937.00000


   Energies (kJ/mol)
           Bond          Angle    Proper Dih. Per. Imp. Dih.          LJ-14
    2.58832e+03    7.27880e+03    8.88832e+03    4.39979e+02    3.07644e+03
     Coulomb-14        LJ (SR)   Coulomb (SR)      Potential
    4.16893e+04   -6.07584e+03   -6.94548e+04   -1.15694e+04


DD  step 468999 load imb.: force 445.0%

Atom distribution over 20 domains: av 171 stddev 238 min 0 max 858
           Step           Time
         469000      938.00000


   Energies (kJ/mol)
           Bond          Angle    Proper Dih. Per. Imp. Dih.          LJ-14
    2.69736e+03    7.30373e+03    8.95012e+03    4.34771e+02    3.08866e+03
     Coulomb-14        LJ (SR)   Coulomb (SR)      Potential
    4.19622e+04   -5.89978e+03   -7.01644e+04   -1.16274e+04


DD  step 469499 load imb.: force 434.4%

Atom distribution over 20 domains: av 171 stddev 238 min 0 max 865
           Step           Time
         469500      939.00000


   Energies (kJ/mol)
           Bond          Angle    Proper Dih. Per. Imp. Dih.          LJ-14
    2.73054e+03    7.29434e+03    8.82546e+03    3.86270e+02    3.22701e+03
     Coulomb-14        LJ (SR)   Coulomb (SR)      Potential
    4.18746e+04   -6.02846e+03   -6.96766e+04   -1.13668e+04


DD  step 469999 load imb.: force 437.5%

Atom distribution over 20 domains: av 171 stddev 239 min 0 max 871
           Step           Time
         470000      940.00000


   Energies (kJ/mol)
           Bond          Angle    Proper Dih. Per. Imp. Dih.          LJ-14
    2.74896e+03    7.15737e+03    8.90794e+03    3.88509e+02    3.20173e+03
     Coulomb-14        LJ (SR)   Coulomb (SR)      Potential
    4.17216e+04   -6.04460e+03   -6.94990e+04   -1.14175e+04


DD  step 470499 load imb.: force 441.0%

Atom distribution over 20 domains: av 171 stddev 238 min 0 max 815
           Step           Time
         470500      941.00000


   Energies (kJ/mol)
           Bond          Angle    Proper Dih. Per. Imp. Dih.          LJ-14
    2.47797e+03    7.09372e+03    8.87383e+03    4.78746e+02    3.25650e+03
     Coulomb-14        LJ (SR)   Coulomb (SR)      Potential
    4.19467e+04   -5.97242e+03   -6.94993e+04   -1.13443e+04


DD  step 470999 load imb.: force 399.1%

Atom distribution over 20 domains: av 171 stddev 238 min 0 max 779
           Step           Time
         471000      942.00000


   Energies (kJ/mol)
           Bond          Angle    Proper Dih. Per. Imp. Dih.          LJ-14
    2.57327e+03    7.29928e+03    8.83668e+03    4.09241e+02    3.17877e+03
     Coulomb-14        LJ (SR)   Coulomb (SR)      Potential
    4.18979e+04   -5.91905e+03   -6.98112e+04   -1.15351e+04


DD  step 471499 load imb.: force 372.4%

Atom distribution over 20 domains: av 171 stddev 236 min 0 max 788
           Step           Time
         471500      943.00000


   Energies (kJ/mol)
           Bond          Angle    Proper Dih. Per. Imp. Dih.          LJ-14
    2.60934e+03    7.01841e+03    8.82199e+03    3.83086e+02    3.16177e+03
     Coulomb-14        LJ (SR)   Coulomb (SR)      Potential
    4.18578e+04   -6.00402e+03   -6.96691e+04   -1.18208e+04


DD  step 471999 load imb.: force 384.3%

Atom distribution over 20 domains: av 171 stddev 238 min 0 max 768
           Step           Time
         472000      944.00000


   Energies (kJ/mol)
           Bond          Angle    Proper Dih. Per. Imp. Dih.          LJ-14
    2.81025e+03    7.08751e+03    8.84902e+03    4.77801e+02    3.13412e+03
     Coulomb-14        LJ (SR)   Coulomb (SR)      Potential
    4.19976e+04   -6.05685e+03   -6.97849e+04   -1.14855e+04


DD  step 472499 load imb.: force 373.9%

Atom distribution over 20 domains: av 171 stddev 237 min 0 max 767
           Step           Time
         472500      945.00000


   Energies (kJ/mol)
           Bond          Angle    Proper Dih. Per. Imp. Dih.          LJ-14
    2.62467e+03    7.24963e+03    8.83298e+03    4.14851e+02    3.19968e+03
     Coulomb-14        LJ (SR)   Coulomb (SR)      Potential
    4.22073e+04   -6.04177e+03   -6.96240e+04   -1.11367e+04


DD  step 472999 load imb.: force 371.4%

Atom distribution over 20 domains: av 171 stddev 240 min 0 max 806
           Step           Time
         473000      946.00000


   Energies (kJ/mol)
           Bond          Angle    Proper Dih. Per. Imp. Dih.          LJ-14
    2.69127e+03    7.35314e+03    8.81877e+03    4.30027e+02    3.10757e+03
     Coulomb-14        LJ (SR)   Coulomb (SR)      Potential
    4.20252e+04   -5.95705e+03   -6.98197e+04   -1.13508e+04


DD  step 473499 load imb.: force 379.0%

Atom distribution over 20 domains: av 171 stddev 243 min 0 max 790
           Step           Time
         473500      947.00000


   Energies (kJ/mol)
           Bond          Angle    Proper Dih. Per. Imp. Dih.          LJ-14
    2.56534e+03    7.20724e+03    8.93510e+03    4.12285e+02    3.29907e+03
     Coulomb-14        LJ (SR)   Coulomb (SR)      Potential
    4.21346e+04   -6.01108e+03   -6.97819e+04   -1.12393e+04


DD  step 473999 load imb.: force 384.4%

Atom distribution over 20 domains: av 171 stddev 245 min 0 max 803
           Step           Time
         474000      948.00000


   Energies (kJ/mol)
           Bond          Angle    Proper Dih. Per. Imp. Dih.          LJ-14
    2.81913e+03    7.22586e+03    8.72044e+03    4.49752e+02    3.17004e+03
     Coulomb-14        LJ (SR)   Coulomb (SR)      Potential
    4.19776e+04   -5.97549e+03   -6.98263e+04   -1.14390e+04


DD  step 474499 load imb.: force 499.2%

Atom distribution over 20 domains: av 171 stddev 245 min 0 max 826
           Step           Time
         474500      949.00000


   Energies (kJ/mol)
           Bond          Angle    Proper Dih. Per. Imp. Dih.          LJ-14
    2.65331e+03    7.25443e+03    8.91854e+03    4.47507e+02    3.15522e+03
     Coulomb-14        LJ (SR)   Coulomb (SR)      Potential
    4.16661e+04   -5.97765e+03   -6.98225e+04   -1.17050e+04


DD  step 474999 load imb.: force 407.0%

Atom distribution over 20 domains: av 171 stddev 246 min 0 max 834
           Step           Time
         475000      950.00000


   Energies (kJ/mol)
           Bond          Angle    Proper Dih. Per. Imp. Dih.          LJ-14
    2.67030e+03    7.31009e+03    8.78659e+03    3.99593e+02    3.20190e+03
     Coulomb-14        LJ (SR)   Coulomb (SR)      Potential
    4.21311e+04   -6.05896e+03   -7.01846e+04   -1.17440e+04


DD  step 475499 load imb.: force 417.3%

Atom distribution over 20 domains: av 171 stddev 244 min 0 max 833
           Step           Time
         475500      951.00000


   Energies (kJ/mol)
           Bond          Angle    Proper Dih. Per. Imp. Dih.          LJ-14
    2.62950e+03    7.21905e+03    8.88835e+03    4.32798e+02    3.22311e+03
     Coulomb-14        LJ (SR)   Coulomb (SR)      Potential
    4.19080e+04   -6.01246e+03   -6.97506e+04   -1.14622e+04


DD  step 475999 load imb.: force 420.7%

Atom distribution over 20 domains: av 171 stddev 247 min 0 max 872
           Step           Time
         476000      952.00000


   Energies (kJ/mol)
           Bond          Angle    Proper Dih. Per. Imp. Dih.          LJ-14
    2.57810e+03    7.33027e+03    8.88864e+03    4.27044e+02    3.21438e+03
     Coulomb-14        LJ (SR)   Coulomb (SR)      Potential
    4.19170e+04   -6.01344e+03   -7.00073e+04   -1.16654e+04


DD  step 476499 load imb.: force 452.9%

Atom distribution over 20 domains: av 171 stddev 246 min 0 max 820
           Step           Time
         476500      953.00000


   Energies (kJ/mol)
           Bond          Angle    Proper Dih. Per. Imp. Dih.          LJ-14
    2.64729e+03    7.26213e+03    8.83518e+03    4.23725e+02    3.13896e+03
     Coulomb-14        LJ (SR)   Coulomb (SR)      Potential
    4.21030e+04   -6.09808e+03   -7.00024e+04   -1.16902e+04


DD  step 476999 load imb.: force 407.1%

Atom distribution over 20 domains: av 171 stddev 246 min 0 max 865
           Step           Time
         477000      954.00000


   Energies (kJ/mol)
           Bond          Angle    Proper Dih. Per. Imp. Dih.          LJ-14
    2.63864e+03    7.24212e+03    8.83883e+03    4.29626e+02    3.09647e+03
     Coulomb-14        LJ (SR)   Coulomb (SR)      Potential
    4.18947e+04   -6.08694e+03   -6.98174e+04   -1.17640e+04


DD  step 477499 load imb.: force 440.2%

Atom distribution over 20 domains: av 171 stddev 247 min 0 max 870
           Step           Time
         477500      955.00000


   Energies (kJ/mol)
           Bond          Angle    Proper Dih. Per. Imp. Dih.          LJ-14
    2.70783e+03    7.34271e+03    8.90395e+03    4.17730e+02    3.13764e+03
     Coulomb-14        LJ (SR)   Coulomb (SR)      Potential
    4.18878e+04   -5.86079e+03   -7.01194e+04   -1.15826e+04


DD  step 477999 load imb.: force 430.0%

Atom distribution over 20 domains: av 171 stddev 242 min 0 max 791
           Step           Time
         478000      956.00000


   Energies (kJ/mol)
           Bond          Angle    Proper Dih. Per. Imp. Dih.          LJ-14
    2.75483e+03    7.29530e+03    8.87923e+03    4.31111e+02    3.17988e+03
     Coulomb-14        LJ (SR)   Coulomb (SR)      Potential
    4.20426e+04   -5.99492e+03   -7.01995e+04   -1.16114e+04


DD  step 478499 load imb.: force 356.7%

Atom distribution over 20 domains: av 171 stddev 245 min 0 max 808
           Step           Time
         478500      957.00000


   Energies (kJ/mol)
           Bond          Angle    Proper Dih. Per. Imp. Dih.          LJ-14
    2.75555e+03    7.45646e+03    8.91553e+03    4.56772e+02    3.08027e+03
     Coulomb-14        LJ (SR)   Coulomb (SR)      Potential
    4.16140e+04   -6.02297e+03   -6.99706e+04   -1.17149e+04


DD  step 478999 load imb.: force 401.2%

Atom distribution over 20 domains: av 171 stddev 247 min 0 max 880
           Step           Time
         479000      958.00000


   Energies (kJ/mol)
           Bond          Angle    Proper Dih. Per. Imp. Dih.          LJ-14
    2.58739e+03    7.29632e+03    8.98791e+03    3.77821e+02    3.18720e+03
     Coulomb-14        LJ (SR)   Coulomb (SR)      Potential
    4.16608e+04   -6.06320e+03   -6.99655e+04   -1.19313e+04


DD  step 479499 load imb.: force 447.8%

Atom distribution over 20 domains: av 171 stddev 246 min 0 max 859
           Step           Time
         479500      959.00000


   Energies (kJ/mol)
           Bond          Angle    Proper Dih. Per. Imp. Dih.          LJ-14
    2.61116e+03    7.34230e+03    8.86583e+03    4.06787e+02    3.21541e+03
     Coulomb-14        LJ (SR)   Coulomb (SR)      Potential
    4.18180e+04   -5.99197e+03   -6.98947e+04   -1.16272e+04


DD  step 479999 load imb.: force 436.4%

Atom distribution over 20 domains: av 171 stddev 246 min 0 max 886
           Step           Time
         480000      960.00000


   Energies (kJ/mol)
           Bond          Angle    Proper Dih. Per. Imp. Dih.          LJ-14
    2.69093e+03    7.36692e+03    8.95180e+03    4.75217e+02    3.12893e+03
     Coulomb-14        LJ (SR)   Coulomb (SR)      Potential
    4.18131e+04   -6.07345e+03   -7.02177e+04   -1.18643e+04


DD  step 480499 load imb.: force 458.3%

Atom distribution over 20 domains: av 171 stddev 248 min 0 max 896
           Step           Time
         480500      961.00000


   Energies (kJ/mol)
           Bond          Angle    Proper Dih. Per. Imp. Dih.          LJ-14
    2.50883e+03    7.37944e+03    8.93526e+03    4.16306e+02    3.18578e+03
     Coulomb-14        LJ (SR)   Coulomb (SR)      Potential
    4.19901e+04   -6.00802e+03   -7.00340e+04   -1.16264e+04


DD  step 480999 load imb.: force 467.5%

Atom distribution over 20 domains: av 171 stddev 249 min 0 max 915
           Step           Time
         481000      962.00000


   Energies (kJ/mol)
           Bond          Angle    Proper Dih. Per. Imp. Dih.          LJ-14
    2.70879e+03    7.14528e+03    8.93524e+03    4.60550e+02    3.08296e+03
     Coulomb-14        LJ (SR)   Coulomb (SR)      Potential
    4.18842e+04   -5.98807e+03   -7.01577e+04   -1.19287e+04


DD  step 481499 load imb.: force 487.2%

Atom distribution over 20 domains: av 171 stddev 253 min 0 max 982
           Step           Time
         481500      963.00000


   Energies (kJ/mol)
           Bond          Angle    Proper Dih. Per. Imp. Dih.          LJ-14
    2.76537e+03    7.40155e+03    8.84508e+03    4.42568e+02    3.08500e+03
     Coulomb-14        LJ (SR)   Coulomb (SR)      Potential
    4.17399e+04   -6.07096e+03   -7.00789e+04   -1.18704e+04


DD  step 481999 load imb.: force 517.9%

Atom distribution over 20 domains: av 171 stddev 251 min 0 max 945
           Step           Time
         482000      964.00000


   Energies (kJ/mol)
           Bond          Angle    Proper Dih. Per. Imp. Dih.          LJ-14
    2.65616e+03    7.39344e+03    8.77949e+03    4.63425e+02    3.24984e+03
     Coulomb-14        LJ (SR)   Coulomb (SR)      Potential
    4.19788e+04   -6.02637e+03   -7.01128e+04   -1.16180e+04


DD  step 482499 load imb.: force 504.1%

Atom distribution over 20 domains: av 171 stddev 253 min 0 max 976
           Step           Time
         482500      965.00000


   Energies (kJ/mol)
           Bond          Angle    Proper Dih. Per. Imp. Dih.          LJ-14
    2.55687e+03    7.50640e+03    8.90001e+03    3.70316e+02    3.12594e+03
     Coulomb-14        LJ (SR)   Coulomb (SR)      Potential
    4.17215e+04   -5.97308e+03   -7.02190e+04   -1.20111e+04


DD  step 482999 load imb.: force 508.9%

Atom distribution over 20 domains: av 171 stddev 251 min 0 max 949
           Step           Time
         483000      966.00000


   Energies (kJ/mol)
           Bond          Angle    Proper Dih. Per. Imp. Dih.          LJ-14
    2.44454e+03    7.28411e+03    8.96767e+03    4.45275e+02    3.17174e+03
     Coulomb-14        LJ (SR)   Coulomb (SR)      Potential
    4.21300e+04   -6.02424e+03   -7.07740e+04   -1.23549e+04


DD  step 483499 load imb.: force 494.4%

Atom distribution over 20 domains: av 171 stddev 253 min 0 max 984
           Step           Time
         483500      967.00000


   Energies (kJ/mol)
           Bond          Angle    Proper Dih. Per. Imp. Dih.          LJ-14
    2.56888e+03    7.24733e+03    8.98186e+03    4.02625e+02    3.13547e+03
     Coulomb-14        LJ (SR)   Coulomb (SR)      Potential
    4.19808e+04   -5.95349e+03   -7.04039e+04   -1.20405e+04


DD  step 483999 load imb.: force 522.8%

Atom distribution over 20 domains: av 171 stddev 251 min 0 max 939
           Step           Time
         484000      968.00000


   Energies (kJ/mol)
           Bond          Angle    Proper Dih. Per. Imp. Dih.          LJ-14
    2.77283e+03    7.22094e+03    8.72902e+03    3.94772e+02    3.15444e+03
     Coulomb-14        LJ (SR)   Coulomb (SR)      Potential
    4.18074e+04   -6.00557e+03   -7.00928e+04   -1.20189e+04


DD  step 484499 load imb.: force 491.2%

Atom distribution over 20 domains: av 171 stddev 252 min 0 max 956
           Step           Time
         484500      969.00000


   Energies (kJ/mol)
           Bond          Angle    Proper Dih. Per. Imp. Dih.          LJ-14
    2.54155e+03    7.11813e+03    8.86239e+03    4.43186e+02    3.09634e+03
     Coulomb-14        LJ (SR)   Coulomb (SR)      Potential
    4.16711e+04   -6.01807e+03   -6.99893e+04   -1.22747e+04


DD  step 484999 load imb.: force 506.9%

Atom distribution over 20 domains: av 171 stddev 252 min 0 max 952
           Step           Time
         485000      970.00000


   Energies (kJ/mol)
           Bond          Angle    Proper Dih. Per. Imp. Dih.          LJ-14
    2.76762e+03    7.09210e+03    8.90951e+03    4.36986e+02    3.16132e+03
     Coulomb-14        LJ (SR)   Coulomb (SR)      Potential
    4.17822e+04   -5.96934e+03   -6.99533e+04   -1.17729e+04


DD  step 485499 load imb.: force 495.6%

Atom distribution over 20 domains: av 171 stddev 256 min 0 max 971
           Step           Time
         485500      971.00000


   Energies (kJ/mol)
           Bond          Angle    Proper Dih. Per. Imp. Dih.          LJ-14
    2.77586e+03    6.95597e+03    8.86113e+03    4.53155e+02    3.09601e+03
     Coulomb-14        LJ (SR)   Coulomb (SR)      Potential
    4.18435e+04   -5.96540e+03   -6.98701e+04   -1.18498e+04


DD  step 485999 load imb.: force 512.5%

Atom distribution over 20 domains: av 171 stddev 255 min 0 max 967
           Step           Time
         486000      972.00000


   Energies (kJ/mol)
           Bond          Angle    Proper Dih. Per. Imp. Dih.          LJ-14
    2.57035e+03    7.12260e+03    8.96309e+03    4.37663e+02    3.17612e+03
     Coulomb-14        LJ (SR)   Coulomb (SR)      Potential
    4.20372e+04   -5.96189e+03   -7.01276e+04   -1.17824e+04


DD  step 486499 load imb.: force 508.5%

Atom distribution over 20 domains: av 171 stddev 258 min 0 max 950
           Step           Time
         486500      973.00000


   Energies (kJ/mol)
           Bond          Angle    Proper Dih. Per. Imp. Dih.          LJ-14
    2.61542e+03    7.02873e+03    8.89881e+03    4.29270e+02    3.18816e+03
     Coulomb-14        LJ (SR)   Coulomb (SR)      Potential
    4.18858e+04   -5.89629e+03   -7.02795e+04   -1.21297e+04


DD  step 486999 load imb.: force 499.6%

Atom distribution over 20 domains: av 171 stddev 257 min 0 max 946
           Step           Time
         487000      974.00000


   Energies (kJ/mol)
           Bond          Angle    Proper Dih. Per. Imp. Dih.          LJ-14
    2.55779e+03    7.22019e+03    8.83930e+03    4.71990e+02    3.23707e+03
     Coulomb-14        LJ (SR)   Coulomb (SR)      Potential
    4.20118e+04   -6.07022e+03   -7.03385e+04   -1.20707e+04


DD  step 487499 load imb.: force 494.6%

Atom distribution over 20 domains: av 171 stddev 264 min 0 max 1006
           Step           Time
         487500      975.00000


   Energies (kJ/mol)
           Bond          Angle    Proper Dih. Per. Imp. Dih.          LJ-14
    2.64489e+03    7.23132e+03    8.87829e+03    3.86254e+02    3.04988e+03
     Coulomb-14        LJ (SR)   Coulomb (SR)      Potential
    4.17069e+04   -5.98020e+03   -6.99568e+04   -1.20395e+04


DD  step 487999 load imb.: force 538.4%

Atom distribution over 20 domains: av 171 stddev 259 min 0 max 955
           Step           Time
         488000      976.00000


   Energies (kJ/mol)
           Bond          Angle    Proper Dih. Per. Imp. Dih.          LJ-14
    2.64977e+03    7.33528e+03    8.88732e+03    4.22187e+02    3.07580e+03
     Coulomb-14        LJ (SR)   Coulomb (SR)      Potential
    4.16899e+04   -5.99600e+03   -6.99049e+04   -1.18407e+04


DD  step 488499 load imb.: force 510.4%

Atom distribution over 20 domains: av 171 stddev 260 min 0 max 976
           Step           Time
         488500      977.00000


   Energies (kJ/mol)
           Bond          Angle    Proper Dih. Per. Imp. Dih.          LJ-14
    2.63519e+03    7.19373e+03    8.82601e+03    4.86555e+02    3.18528e+03
     Coulomb-14        LJ (SR)   Coulomb (SR)      Potential
    4.17863e+04   -5.97538e+03   -7.02236e+04   -1.20859e+04


DD  step 488999 load imb.: force 502.6%

Atom distribution over 20 domains: av 171 stddev 259 min 0 max 976
           Step           Time
         489000      978.00000


   Energies (kJ/mol)
           Bond          Angle    Proper Dih. Per. Imp. Dih.          LJ-14
    2.70896e+03    7.19423e+03    8.75660e+03    4.76221e+02    3.20036e+03
     Coulomb-14        LJ (SR)   Coulomb (SR)      Potential
    4.18610e+04   -6.05626e+03   -7.04231e+04   -1.22820e+04


DD  step 489499 load imb.: force 515.2%

Atom distribution over 20 domains: av 171 stddev 261 min 0 max 984
           Step           Time
         489500      979.00000


   Energies (kJ/mol)
           Bond          Angle    Proper Dih. Per. Imp. Dih.          LJ-14
    2.72098e+03    7.30317e+03    8.83913e+03    4.03382e+02    3.05196e+03
     Coulomb-14        LJ (SR)   Coulomb (SR)      Potential
    4.16078e+04   -6.12584e+03   -6.99335e+04   -1.21330e+04


DD  step 489999 load imb.: force 518.5%

Atom distribution over 20 domains: av 171 stddev 261 min 0 max 986
           Step           Time
         490000      980.00000


   Energies (kJ/mol)
           Bond          Angle    Proper Dih. Per. Imp. Dih.          LJ-14
    2.60429e+03    7.25622e+03    8.94383e+03    4.02980e+02    3.12207e+03
     Coulomb-14        LJ (SR)   Coulomb (SR)      Potential
    4.18432e+04   -5.97866e+03   -6.99218e+04   -1.17279e+04


DD  step 490499 load imb.: force 509.2%

Atom distribution over 20 domains: av 171 stddev 259 min 0 max 961
           Step           Time
         490500      981.00000


   Energies (kJ/mol)
           Bond          Angle    Proper Dih. Per. Imp. Dih.          LJ-14
    2.56662e+03    7.41853e+03    8.85601e+03    4.55589e+02    3.09660e+03
     Coulomb-14        LJ (SR)   Coulomb (SR)      Potential
    4.18930e+04   -6.00730e+03   -7.02766e+04   -1.19975e+04


DD  step 490999 load imb.: force 502.4%

Atom distribution over 20 domains: av 171 stddev 263 min 0 max 994
           Step           Time
         491000      982.00000


   Energies (kJ/mol)
           Bond          Angle    Proper Dih. Per. Imp. Dih.          LJ-14
    2.52642e+03    7.32132e+03    8.89576e+03    4.05033e+02    3.17561e+03
     Coulomb-14        LJ (SR)   Coulomb (SR)      Potential
    4.17308e+04   -5.92723e+03   -7.01127e+04   -1.19850e+04


DD  step 491499 load imb.: force 521.3%

Atom distribution over 20 domains: av 171 stddev 263 min 0 max 977
           Step           Time
         491500      983.00000


   Energies (kJ/mol)
           Bond          Angle    Proper Dih. Per. Imp. Dih.          LJ-14
    2.50177e+03    7.15696e+03    8.91155e+03    4.13609e+02    3.19592e+03
     Coulomb-14        LJ (SR)   Coulomb (SR)      Potential
    4.17620e+04   -6.09973e+03   -6.97809e+04   -1.19388e+04


DD  step 491999 load imb.: force 496.9%

Atom distribution over 20 domains: av 171 stddev 263 min 0 max 973
           Step           Time
         492000      984.00000


   Energies (kJ/mol)
           Bond          Angle    Proper Dih. Per. Imp. Dih.          LJ-14
    2.65479e+03    7.02490e+03    8.80492e+03    3.83834e+02    3.15412e+03
     Coulomb-14        LJ (SR)   Coulomb (SR)      Potential
    4.18276e+04   -6.09921e+03   -6.98285e+04   -1.20776e+04


DD  step 492499 load imb.: force 503.1%

Atom distribution over 20 domains: av 171 stddev 265 min 0 max 1012
           Step           Time
         492500      985.00000


   Energies (kJ/mol)
           Bond          Angle    Proper Dih. Per. Imp. Dih.          LJ-14
    2.61319e+03    7.14476e+03    8.89315e+03    4.54770e+02    3.17443e+03
     Coulomb-14        LJ (SR)   Coulomb (SR)      Potential
    4.17150e+04   -5.96040e+03   -7.00100e+04   -1.19752e+04


DD  step 492999 load imb.: force 530.6%

Atom distribution over 20 domains: av 171 stddev 260 min 0 max 969
           Step           Time
         493000      986.00000


   Energies (kJ/mol)
           Bond          Angle    Proper Dih. Per. Imp. Dih.          LJ-14
    2.64253e+03    7.20191e+03    8.96258e+03    4.15410e+02    3.08688e+03
     Coulomb-14        LJ (SR)   Coulomb (SR)      Potential
    4.17406e+04   -6.03754e+03   -7.01466e+04   -1.21342e+04


DD  step 493499 load imb.: force 509.7%

Atom distribution over 20 domains: av 171 stddev 258 min 0 max 952
           Step           Time
         493500      987.00000


   Energies (kJ/mol)
           Bond          Angle    Proper Dih. Per. Imp. Dih.          LJ-14
    2.50901e+03    7.04280e+03    8.89894e+03    4.65418e+02    3.16353e+03
     Coulomb-14        LJ (SR)   Coulomb (SR)      Potential
    4.21512e+04   -6.02705e+03   -7.05682e+04   -1.23644e+04


DD  step 493999 load imb.: force 497.7%

Atom distribution over 20 domains: av 171 stddev 261 min 0 max 982
           Step           Time
         494000      988.00000


   Energies (kJ/mol)
           Bond          Angle    Proper Dih. Per. Imp. Dih.          LJ-14
    2.77825e+03    7.26188e+03    8.84648e+03    3.83716e+02    3.06972e+03
     Coulomb-14        LJ (SR)   Coulomb (SR)      Potential
    4.17164e+04   -5.97242e+03   -7.00931e+04   -1.20091e+04


DD  step 494499 load imb.: force 517.8%

Atom distribution over 20 domains: av 171 stddev 260 min 0 max 973
           Step           Time
         494500      989.00000


   Energies (kJ/mol)
           Bond          Angle    Proper Dih. Per. Imp. Dih.          LJ-14
    2.66636e+03    7.09717e+03    8.92573e+03    4.56268e+02    3.13931e+03
     Coulomb-14        LJ (SR)   Coulomb (SR)      Potential
    4.21521e+04   -6.10978e+03   -7.05249e+04   -1.21978e+04


DD  step 494999 load imb.: force 516.3%

Atom distribution over 20 domains: av 171 stddev 255 min 0 max 947
           Step           Time
         495000      990.00000


   Energies (kJ/mol)
           Bond          Angle    Proper Dih. Per. Imp. Dih.          LJ-14
    2.68865e+03    7.39751e+03    8.81542e+03    4.48570e+02    3.12346e+03
     Coulomb-14        LJ (SR)   Coulomb (SR)      Potential
    4.19416e+04   -6.00652e+03   -7.00965e+04   -1.16878e+04


DD  step 495499 load imb.: force 497.8%

Atom distribution over 20 domains: av 171 stddev 254 min 0 max 945
           Step           Time
         495500      991.00000


   Energies (kJ/mol)
           Bond          Angle    Proper Dih. Per. Imp. Dih.          LJ-14
    2.58894e+03    7.35764e+03    8.89826e+03    4.04136e+02    3.09399e+03
     Coulomb-14        LJ (SR)   Coulomb (SR)      Potential
    4.20393e+04   -5.96191e+03   -7.01846e+04   -1.17643e+04


DD  step 495999 load imb.: force 496.9%

Atom distribution over 20 domains: av 171 stddev 253 min 0 max 924
           Step           Time
         496000      992.00000


   Energies (kJ/mol)
           Bond          Angle    Proper Dih. Per. Imp. Dih.          LJ-14
    2.75648e+03    7.22784e+03    8.95925e+03    4.29476e+02    3.17158e+03
     Coulomb-14        LJ (SR)   Coulomb (SR)      Potential
    4.21138e+04   -5.97732e+03   -6.99690e+04   -1.12879e+04


DD  step 496499 load imb.: force 484.7%

Atom distribution over 20 domains: av 171 stddev 252 min 0 max 902
           Step           Time
         496500      993.00000


   Energies (kJ/mol)
           Bond          Angle    Proper Dih. Per. Imp. Dih.          LJ-14
    2.57215e+03    7.55400e+03    9.01473e+03    4.37039e+02    3.14075e+03
     Coulomb-14        LJ (SR)   Coulomb (SR)      Potential
    4.19251e+04   -5.94817e+03   -7.00843e+04   -1.13887e+04


DD  step 496999 load imb.: force 465.1%

Atom distribution over 20 domains: av 171 stddev 254 min 0 max 929
           Step           Time
         497000      994.00000


   Energies (kJ/mol)
           Bond          Angle    Proper Dih. Per. Imp. Dih.          LJ-14
    2.70102e+03    7.10010e+03    8.90832e+03    4.65191e+02    3.16875e+03
     Coulomb-14        LJ (SR)   Coulomb (SR)      Potential
    4.20445e+04   -6.01916e+03   -6.99251e+04   -1.15564e+04


DD  step 497499 load imb.: force 481.3%

Atom distribution over 20 domains: av 171 stddev 250 min 0 max 902
           Step           Time
         497500      995.00000


   Energies (kJ/mol)
           Bond          Angle    Proper Dih. Per. Imp. Dih.          LJ-14
    2.72488e+03    7.07616e+03    8.95578e+03    4.63163e+02    3.19818e+03
     Coulomb-14        LJ (SR)   Coulomb (SR)      Potential
    4.19967e+04   -6.02658e+03   -7.00590e+04   -1.16707e+04


DD  step 497999 load imb.: force 463.5%

Atom distribution over 20 domains: av 171 stddev 252 min 0 max 938
           Step           Time
         498000      996.00000


   Energies (kJ/mol)
           Bond          Angle    Proper Dih. Per. Imp. Dih.          LJ-14
    2.69642e+03    7.22325e+03    8.90531e+03    4.23650e+02    3.18883e+03
     Coulomb-14        LJ (SR)   Coulomb (SR)      Potential
    4.18859e+04   -5.94768e+03   -7.01164e+04   -1.17407e+04


DD  step 498499 load imb.: force 466.7%

Atom distribution over 20 domains: av 171 stddev 257 min 0 max 961
           Step           Time
         498500      997.00000


   Energies (kJ/mol)
           Bond          Angle    Proper Dih. Per. Imp. Dih.          LJ-14
    2.44366e+03    7.51552e+03    8.94284e+03    4.30465e+02    3.18601e+03
     Coulomb-14        LJ (SR)   Coulomb (SR)      Potential
    4.19173e+04   -5.90468e+03   -7.02005e+04   -1.16694e+04


DD  step 498999 load imb.: force 496.0%

Atom distribution over 20 domains: av 171 stddev 252 min 0 max 926
           Step           Time
         499000      998.00000


   Energies (kJ/mol)
           Bond          Angle    Proper Dih. Per. Imp. Dih.          LJ-14
    2.70620e+03    7.06748e+03    8.97786e+03    4.41242e+02    3.13337e+03
     Coulomb-14        LJ (SR)   Coulomb (SR)      Potential
    4.20601e+04   -5.92052e+03   -7.01570e+04   -1.16912e+04


DD  step 499499 load imb.: force 483.0%

Atom distribution over 20 domains: av 171 stddev 252 min 0 max 914
           Step           Time
         499500      999.00000


   Energies (kJ/mol)
           Bond          Angle    Proper Dih. Per. Imp. Dih.          LJ-14
    2.70238e+03    7.36462e+03    8.89440e+03    4.23499e+02    3.14929e+03
     Coulomb-14        LJ (SR)   Coulomb (SR)      Potential
    4.21182e+04   -6.01945e+03   -7.00703e+04   -1.14373e+04


DD  step 499999 load imb.: force 476.4%

Atom distribution over 20 domains: av 171 stddev 252 min 0 max 928
           Step           Time
         500000     1000.00000


   Energies (kJ/mol)
           Bond          Angle    Proper Dih. Per. Imp. Dih.          LJ-14
    2.67639e+03    7.38087e+03    8.92620e+03    4.58393e+02    3.15916e+03
     Coulomb-14        LJ (SR)   Coulomb (SR)      Potential
    4.18959e+04   -5.93788e+03   -7.01947e+04   -1.16357e+04


DD  step 500499 load imb.: force 483.5%

Atom distribution over 20 domains: av 171 stddev 252 min 0 max 933
           Step           Time
         500500     1001.00000


   Energies (kJ/mol)
           Bond          Angle    Proper Dih. Per. Imp. Dih.          LJ-14
    2.73423e+03    7.21586e+03    8.94051e+03    4.22437e+02    3.08947e+03
     Coulomb-14        LJ (SR)   Coulomb (SR)      Potential
    4.20297e+04   -5.79492e+03   -7.09768e+04   -1.23394e+04


DD  step 500999 load imb.: force 476.4%

Atom distribution over 20 domains: av 171 stddev 251 min 0 max 907
           Step           Time
         501000     1002.00000


   Energies (kJ/mol)
           Bond          Angle    Proper Dih. Per. Imp. Dih.          LJ-14
    2.56210e+03    7.36339e+03    8.91466e+03    4.60620e+02    3.17485e+03
     Coulomb-14        LJ (SR)   Coulomb (SR)      Potential
    4.20003e+04   -5.98189e+03   -7.03703e+04   -1.18763e+04


DD  step 501499 load imb.: force 476.4%

Atom distribution over 20 domains: av 171 stddev 251 min 0 max 931
           Step           Time
         501500     1003.00000


   Energies (kJ/mol)
           Bond          Angle    Proper Dih. Per. Imp. Dih.          LJ-14
    2.58025e+03    7.15784e+03    9.04008e+03    3.79347e+02    3.18980e+03
     Coulomb-14        LJ (SR)   Coulomb (SR)      Potential
    4.19175e+04   -5.98629e+03   -7.03727e+04   -1.20941e+04


DD  step 501999 load imb.: force 473.2%

Atom distribution over 20 domains: av 171 stddev 247 min 0 max 903
           Step           Time
         502000     1004.00000


   Energies (kJ/mol)
           Bond          Angle    Proper Dih. Per. Imp. Dih.          LJ-14
    2.66433e+03    7.13261e+03    8.94612e+03    3.95328e+02    3.20673e+03
     Coulomb-14        LJ (SR)   Coulomb (SR)      Potential
    4.21464e+04   -6.05345e+03   -7.02190e+04   -1.17809e+04


DD  step 502499 load imb.: force 474.3%

Atom distribution over 20 domains: av 171 stddev 244 min 0 max 891
           Step           Time
         502500     1005.00000


   Energies (kJ/mol)
           Bond          Angle    Proper Dih. Per. Imp. Dih.          LJ-14
    2.75566e+03    7.22833e+03    8.98571e+03    4.45827e+02    3.03144e+03
     Coulomb-14        LJ (SR)   Coulomb (SR)      Potential
    4.17379e+04   -5.99891e+03   -7.00335e+04   -1.18476e+04


DD  step 502999 load imb.: force 455.9%

Atom distribution over 20 domains: av 171 stddev 241 min 0 max 861
           Step           Time
         503000     1006.00000


   Energies (kJ/mol)
           Bond          Angle    Proper Dih. Per. Imp. Dih.          LJ-14
    2.67930e+03    7.38276e+03    8.93887e+03    4.07893e+02    3.13922e+03
     Coulomb-14        LJ (SR)   Coulomb (SR)      Potential
    4.18719e+04   -5.93497e+03   -7.05357e+04   -1.20507e+04


DD  step 503499 load imb.: force 452.2%

Atom distribution over 20 domains: av 171 stddev 239 min 0 max 844
           Step           Time
         503500     1007.00000


   Energies (kJ/mol)
           Bond          Angle    Proper Dih. Per. Imp. Dih.          LJ-14
    2.66834e+03    7.16448e+03    8.84810e+03    3.99677e+02    3.18399e+03
     Coulomb-14        LJ (SR)   Coulomb (SR)      Potential
    4.21706e+04   -5.95985e+03   -7.05408e+04   -1.20655e+04


DD  step 503999 load imb.: force 442.4%

Atom distribution over 20 domains: av 171 stddev 237 min 0 max 828
           Step           Time
         504000     1008.00000


   Energies (kJ/mol)
           Bond          Angle    Proper Dih. Per. Imp. Dih.          LJ-14
    2.64491e+03    7.33393e+03    8.91324e+03    3.81616e+02    3.12063e+03
     Coulomb-14        LJ (SR)   Coulomb (SR)      Potential
    4.17905e+04   -5.96855e+03   -7.03003e+04   -1.20840e+04


DD  step 504499 load imb.: force 425.7%

Atom distribution over 20 domains: av 171 stddev 234 min 0 max 773
           Step           Time
         504500     1009.00000


   Energies (kJ/mol)
           Bond          Angle    Proper Dih. Per. Imp. Dih.          LJ-14
    2.61076e+03    7.13756e+03    9.03474e+03    4.15847e+02    3.18359e+03
     Coulomb-14        LJ (SR)   Coulomb (SR)      Potential
    4.20046e+04   -5.91731e+03   -7.08688e+04   -1.23990e+04


DD  step 504999 load imb.: force 397.7%

Atom distribution over 20 domains: av 171 stddev 238 min 0 max 843
           Step           Time
         505000     1010.00000


   Energies (kJ/mol)
           Bond          Angle    Proper Dih. Per. Imp. Dih.          LJ-14
    2.53127e+03    7.11490e+03    8.91549e+03    4.46485e+02    3.15943e+03
     Coulomb-14        LJ (SR)   Coulomb (SR)      Potential
    4.21373e+04   -5.81795e+03   -7.07941e+04   -1.23072e+04


DD  step 505499 load imb.: force 429.5%

Atom distribution over 20 domains: av 171 stddev 235 min 0 max 827
           Step           Time
         505500     1011.00000


   Energies (kJ/mol)
           Bond          Angle    Proper Dih. Per. Imp. Dih.          LJ-14
    2.73194e+03    7.20688e+03    8.91789e+03    4.40701e+02    3.19393e+03
     Coulomb-14        LJ (SR)   Coulomb (SR)      Potential
    4.20091e+04   -5.88783e+03   -7.08518e+04   -1.22392e+04


DD  step 505999 load imb.: force 425.0%

Atom distribution over 20 domains: av 171 stddev 238 min 0 max 865
           Step           Time
         506000     1012.00000


   Energies (kJ/mol)
           Bond          Angle    Proper Dih. Per. Imp. Dih.          LJ-14
    2.67324e+03    7.23868e+03    8.95702e+03    4.20044e+02    3.20192e+03
     Coulomb-14        LJ (SR)   Coulomb (SR)      Potential
    4.22027e+04   -6.04377e+03   -7.06837e+04   -1.20339e+04


DD  step 506499 load imb.: force 435.6%

Atom distribution over 20 domains: av 171 stddev 238 min 0 max 845
           Step           Time
         506500     1013.00000


   Energies (kJ/mol)
           Bond          Angle    Proper Dih. Per. Imp. Dih.          LJ-14
    2.46110e+03    7.24075e+03    8.76271e+03    3.95338e+02    3.12964e+03
     Coulomb-14        LJ (SR)   Coulomb (SR)      Potential
    4.18004e+04   -5.92056e+03   -7.05839e+04   -1.27145e+04


DD  step 506999 load imb.: force 423.4%

Atom distribution over 20 domains: av 171 stddev 238 min 0 max 843
           Step           Time
         507000     1014.00000


   Energies (kJ/mol)
           Bond          Angle    Proper Dih. Per. Imp. Dih.          LJ-14
    2.56326e+03    6.96755e+03    8.78125e+03    4.19530e+02    3.19848e+03
     Coulomb-14        LJ (SR)   Coulomb (SR)      Potential
    4.20652e+04   -6.09091e+03   -7.01825e+04   -1.22781e+04


DD  step 507499 load imb.: force 433.0%

Atom distribution over 20 domains: av 171 stddev 235 min 0 max 784
           Step           Time
         507500     1015.00000


   Energies (kJ/mol)
           Bond          Angle    Proper Dih. Per. Imp. Dih.          LJ-14
    2.73722e+03    7.21041e+03    8.75736e+03    4.27267e+02    3.09637e+03
     Coulomb-14        LJ (SR)   Coulomb (SR)      Potential
    4.20088e+04   -6.04990e+03   -7.08670e+04   -1.26795e+04


DD  step 507999 load imb.: force 399.6%

Atom distribution over 20 domains: av 171 stddev 241 min 0 max 850
           Step           Time
         508000     1016.00000


   Energies (kJ/mol)
           Bond          Angle    Proper Dih. Per. Imp. Dih.          LJ-14
    2.74637e+03    7.15148e+03    8.92650e+03    4.31242e+02    3.07661e+03
     Coulomb-14        LJ (SR)   Coulomb (SR)      Potential
    4.18877e+04   -5.98581e+03   -7.06340e+04   -1.23999e+04


DD  step 508499 load imb.: force 439.2%

Atom distribution over 20 domains: av 171 stddev 248 min 0 max 908
           Step           Time
         508500     1017.00000


   Energies (kJ/mol)
           Bond          Angle    Proper Dih. Per. Imp. Dih.          LJ-14
    2.64162e+03    7.23234e+03    8.87289e+03    4.48633e+02    3.13170e+03
     Coulomb-14        LJ (SR)   Coulomb (SR)      Potential
    4.20623e+04   -6.04146e+03   -7.05134e+04   -1.21654e+04


DD  step 508999 load imb.: force 471.3%

Atom distribution over 20 domains: av 171 stddev 241 min 0 max 842
           Step           Time
         509000     1018.00000


   Energies (kJ/mol)
           Bond          Angle    Proper Dih. Per. Imp. Dih.          LJ-14
    2.52762e+03    7.16452e+03    8.81857e+03    4.07603e+02    3.15689e+03
     Coulomb-14        LJ (SR)   Coulomb (SR)      Potential
    4.21331e+04   -5.99439e+03   -7.05825e+04   -1.23686e+04


DD  step 509499 load imb.: force 436.5%

Atom distribution over 20 domains: av 171 stddev 241 min 0 max 839
           Step           Time
         509500     1019.00000


   Energies (kJ/mol)
           Bond          Angle    Proper Dih. Per. Imp. Dih.          LJ-14
    2.65083e+03    7.08450e+03    8.86289e+03    4.22249e+02    3.11891e+03
     Coulomb-14        LJ (SR)   Coulomb (SR)      Potential
    4.19300e+04   -5.96510e+03   -7.05231e+04   -1.24189e+04


DD  step 509999 load imb.: force 436.8%

Atom distribution over 20 domains: av 171 stddev 244 min 0 max 877
           Step           Time
         510000     1020.00000


   Energies (kJ/mol)
           Bond          Angle    Proper Dih. Per. Imp. Dih.          LJ-14
    2.55198e+03    7.14180e+03    8.69709e+03    4.26847e+02    3.15010e+03
     Coulomb-14        LJ (SR)   Coulomb (SR)      Potential
    4.19369e+04   -6.00267e+03   -7.03601e+04   -1.24581e+04


DD  step 510499 load imb.: force 459.8%

Atom distribution over 20 domains: av 171 stddev 245 min 0 max 886
           Step           Time
         510500     1021.00000


   Energies (kJ/mol)
           Bond          Angle    Proper Dih. Per. Imp. Dih.          LJ-14
    2.56735e+03    7.36117e+03    8.77162e+03    4.56410e+02    3.16192e+03
     Coulomb-14        LJ (SR)   Coulomb (SR)      Potential
    4.18299e+04   -6.01612e+03   -7.01017e+04   -1.19695e+04


DD  step 510999 load imb.: force 447.5%

Atom distribution over 20 domains: av 171 stddev 247 min 0 max 904
           Step           Time
         511000     1022.00000


   Energies (kJ/mol)
           Bond          Angle    Proper Dih. Per. Imp. Dih.          LJ-14
    2.55801e+03    7.13886e+03    8.75639e+03    4.14906e+02    3.15721e+03
     Coulomb-14        LJ (SR)   Coulomb (SR)      Potential
    4.18742e+04   -6.06109e+03   -7.01666e+04   -1.23281e+04


DD  step 511499 load imb.: force 456.3%

Atom distribution over 20 domains: av 171 stddev 247 min 0 max 910
           Step           Time
         511500     1023.00000


   Energies (kJ/mol)
           Bond          Angle    Proper Dih. Per. Imp. Dih.          LJ-14
    2.73996e+03    7.11274e+03    8.79623e+03    4.70585e+02    3.13051e+03
     Coulomb-14        LJ (SR)   Coulomb (SR)      Potential
    4.18637e+04   -5.92341e+03   -7.00930e+04   -1.19026e+04


DD  step 511999 load imb.: force 474.4%

Atom distribution over 20 domains: av 171 stddev 247 min 0 max 883
           Step           Time
         512000     1024.00000


   Energies (kJ/mol)
           Bond          Angle    Proper Dih. Per. Imp. Dih.          LJ-14
    2.60814e+03    7.15533e+03    8.89535e+03    4.04072e+02    3.16990e+03
     Coulomb-14        LJ (SR)   Coulomb (SR)      Potential
    4.19426e+04   -6.01282e+03   -7.03419e+04   -1.21793e+04


DD  step 512499 load imb.: force 460.5%

Atom distribution over 20 domains: av 171 stddev 251 min 0 max 918
           Step           Time
         512500     1025.00000


   Energies (kJ/mol)
           Bond          Angle    Proper Dih. Per. Imp. Dih.          LJ-14
    2.61053e+03    7.20808e+03    8.89335e+03    4.85356e+02    3.22574e+03
     Coulomb-14        LJ (SR)   Coulomb (SR)      Potential
    4.19008e+04   -6.07068e+03   -7.02166e+04   -1.19635e+04


DD  step 512999 load imb.: force 493.1%

Atom distribution over 20 domains: av 171 stddev 250 min 0 max 931
           Step           Time
         513000     1026.00000


   Energies (kJ/mol)
           Bond          Angle    Proper Dih. Per. Imp. Dih.          LJ-14
    2.79740e+03    7.46922e+03    8.93325e+03    4.65319e+02    3.14372e+03
     Coulomb-14        LJ (SR)   Coulomb (SR)      Potential
    4.18517e+04   -5.94659e+03   -7.00826e+04   -1.13686e+04


DD  step 513499 load imb.: force 491.4%

Atom distribution over 20 domains: av 171 stddev 250 min 0 max 929
           Step           Time
         513500     1027.00000


   Energies (kJ/mol)
           Bond          Angle    Proper Dih. Per. Imp. Dih.          LJ-14
    2.75963e+03    7.27681e+03    8.85519e+03    4.10640e+02    3.15909e+03
     Coulomb-14        LJ (SR)   Coulomb (SR)      Potential
    4.18036e+04   -5.91423e+03   -7.02677e+04   -1.19170e+04


DD  step 513999 load imb.: force 499.6%

Atom distribution over 20 domains: av 171 stddev 247 min 0 max 908
           Step           Time
         514000     1028.00000


   Energies (kJ/mol)
           Bond          Angle    Proper Dih. Per. Imp. Dih.          LJ-14
    2.70243e+03    6.98963e+03    8.87651e+03    4.09013e+02    3.16859e+03
     Coulomb-14        LJ (SR)   Coulomb (SR)      Potential
    4.19437e+04   -6.11866e+03   -7.00761e+04   -1.21049e+04


DD  step 514499 load imb.: force 476.5%

Atom distribution over 20 domains: av 171 stddev 246 min 0 max 892
           Step           Time
         514500     1029.00000


   Energies (kJ/mol)
           Bond          Angle    Proper Dih. Per. Imp. Dih.          LJ-14
    2.71125e+03    7.19925e+03    8.86708e+03    4.34592e+02    3.09542e+03
     Coulomb-14        LJ (SR)   Coulomb (SR)      Potential
    4.21133e+04   -5.97932e+03   -7.04415e+04   -1.20000e+04


DD  step 514999 load imb.: force 463.3%

Atom distribution over 20 domains: av 171 stddev 243 min 0 max 881
           Step           Time
         515000     1030.00000


   Energies (kJ/mol)
           Bond          Angle    Proper Dih. Per. Imp. Dih.          LJ-14
    2.66528e+03    7.00025e+03    8.85730e+03    4.57741e+02    3.16785e+03
     Coulomb-14        LJ (SR)   Coulomb (SR)      Potential
    4.20535e+04   -5.92873e+03   -7.01945e+04   -1.19213e+04


DD  step 515499 load imb.: force 454.1%

Atom distribution over 20 domains: av 171 stddev 242 min 0 max 841
           Step           Time
         515500     1031.00000


   Energies (kJ/mol)
           Bond          Angle    Proper Dih. Per. Imp. Dih.          LJ-14
    2.63614e+03    7.06395e+03    8.80720e+03    3.98886e+02    3.15032e+03
     Coulomb-14        LJ (SR)   Coulomb (SR)      Potential
    4.19613e+04   -5.97362e+03   -7.04671e+04   -1.24229e+04


DD  step 515999 load imb.: force 439.9%

Atom distribution over 20 domains: av 171 stddev 248 min 0 max 897
           Step           Time
         516000     1032.00000


   Energies (kJ/mol)
           Bond          Angle    Proper Dih. Per. Imp. Dih.          LJ-14
    2.70111e+03    7.20530e+03    8.81907e+03    4.43890e+02    3.14579e+03
     Coulomb-14        LJ (SR)   Coulomb (SR)      Potential
    4.17333e+04   -5.91010e+03   -7.01563e+04   -1.20179e+04


DD  step 516499 load imb.: force 472.4%

Atom distribution over 20 domains: av 171 stddev 247 min 0 max 889
           Step           Time
         516500     1033.00000


   Energies (kJ/mol)
           Bond          Angle    Proper Dih. Per. Imp. Dih.          LJ-14
    2.72700e+03    7.18465e+03    8.82951e+03    4.15184e+02    3.13304e+03
     Coulomb-14        LJ (SR)   Coulomb (SR)      Potential
    4.19751e+04   -5.96612e+03   -7.03602e+04   -1.20619e+04


DD  step 516999 load imb.: force 474.9%

Atom distribution over 20 domains: av 171 stddev 251 min 0 max 911
           Step           Time
         517000     1034.00000


   Energies (kJ/mol)
           Bond          Angle    Proper Dih. Per. Imp. Dih.          LJ-14
    2.77708e+03    7.38093e+03    8.83127e+03    4.42257e+02    3.06797e+03
     Coulomb-14        LJ (SR)   Coulomb (SR)      Potential
    4.18297e+04   -5.92222e+03   -7.02689e+04   -1.18619e+04


DD  step 517499 load imb.: force 479.2%

Atom distribution over 20 domains: av 171 stddev 253 min 0 max 932
           Step           Time
         517500     1035.00000


   Energies (kJ/mol)
           Bond          Angle    Proper Dih. Per. Imp. Dih.          LJ-14
    2.59210e+03    7.45595e+03    8.86460e+03    4.14231e+02    3.12057e+03
     Coulomb-14        LJ (SR)   Coulomb (SR)      Potential
    4.17965e+04   -6.01302e+03   -7.02738e+04   -1.20428e+04


DD  step 517999 load imb.: force 489.7%

Atom distribution over 20 domains: av 171 stddev 255 min 0 max 949
           Step           Time
         518000     1036.00000


   Energies (kJ/mol)
           Bond          Angle    Proper Dih. Per. Imp. Dih.          LJ-14
    2.69638e+03    7.02798e+03    8.88898e+03    4.28415e+02    3.16420e+03
     Coulomb-14        LJ (SR)   Coulomb (SR)      Potential
    4.19139e+04   -5.95372e+03   -7.03891e+04   -1.22229e+04


DD  step 518499 load imb.: force 496.4%

Atom distribution over 20 domains: av 171 stddev 257 min 0 max 954
           Step           Time
         518500     1037.00000


   Energies (kJ/mol)
           Bond          Angle    Proper Dih. Per. Imp. Dih.          LJ-14
    2.70159e+03    7.46878e+03    8.75404e+03    3.85361e+02    3.09340e+03
     Coulomb-14        LJ (SR)   Coulomb (SR)      Potential
    4.18815e+04   -6.06492e+03   -7.02235e+04   -1.20038e+04


DD  step 518999 load imb.: force 499.3%

Atom distribution over 20 domains: av 171 stddev 256 min 0 max 958
           Step           Time
         519000     1038.00000


   Energies (kJ/mol)
           Bond          Angle    Proper Dih. Per. Imp. Dih.          LJ-14
    2.69080e+03    7.39164e+03    8.84643e+03    4.59253e+02    3.14575e+03
     Coulomb-14        LJ (SR)   Coulomb (SR)      Potential
    4.18429e+04   -5.95618e+03   -7.01268e+04   -1.17062e+04


DD  step 519499 load imb.: force 506.8%

Atom distribution over 20 domains: av 171 stddev 253 min 0 max 944
           Step           Time
         519500     1039.00000


   Energies (kJ/mol)
           Bond          Angle    Proper Dih. Per. Imp. Dih.          LJ-14
    2.70006e+03    7.34040e+03    8.87893e+03    4.59490e+02    3.18816e+03
     Coulomb-14        LJ (SR)   Coulomb (SR)      Potential
    4.19543e+04   -6.01879e+03   -7.04763e+04   -1.19737e+04


DD  step 519999 load imb.: force 489.1%

Atom distribution over 20 domains: av 171 stddev 262 min 0 max 1013
           Step           Time
         520000     1040.00000


   Energies (kJ/mol)
           Bond          Angle    Proper Dih. Per. Imp. Dih.          LJ-14
    2.70362e+03    7.26060e+03    8.90017e+03    4.23490e+02    3.15989e+03
     Coulomb-14        LJ (SR)   Coulomb (SR)      Potential
    4.16670e+04   -5.98077e+03   -7.04724e+04   -1.23384e+04


DD  step 520499 load imb.: force 519.2%

Atom distribution over 20 domains: av 171 stddev 262 min 0 max 1002
           Step           Time
         520500     1041.00000


   Energies (kJ/mol)
           Bond          Angle    Proper Dih. Per. Imp. Dih.          LJ-14
    2.57751e+03    7.38474e+03    8.81557e+03    4.06068e+02    3.13631e+03
     Coulomb-14        LJ (SR)   Coulomb (SR)      Potential
    4.19403e+04   -5.95412e+03   -7.05585e+04   -1.22521e+04


DD  step 520999 load imb.: force 518.2%

Atom distribution over 20 domains: av 171 stddev 260 min 0 max 995
           Step           Time
         521000     1042.00000


   Energies (kJ/mol)
           Bond          Angle    Proper Dih. Per. Imp. Dih.          LJ-14
    2.57801e+03    7.36188e+03    8.86404e+03    4.30279e+02    3.15389e+03
     Coulomb-14        LJ (SR)   Coulomb (SR)      Potential
    4.18310e+04   -6.00032e+03   -7.03299e+04   -1.21111e+04


DD  step 521499 load imb.: force 516.9%

Atom distribution over 20 domains: av 171 stddev 266 min 0 max 1024
           Step           Time
         521500     1043.00000


   Energies (kJ/mol)
           Bond          Angle    Proper Dih. Per. Imp. Dih.          LJ-14
    2.75392e+03    7.06951e+03    8.87592e+03    4.31923e+02    3.13832e+03
     Coulomb-14        LJ (SR)   Coulomb (SR)      Potential
    4.20092e+04   -5.85628e+03   -7.08065e+04   -1.23840e+04


DD  step 521999 load imb.: force 543.6%

Atom distribution over 20 domains: av 171 stddev 264 min 0 max 1021
           Step           Time
         522000     1044.00000


   Energies (kJ/mol)
           Bond          Angle    Proper Dih. Per. Imp. Dih.          LJ-14
    2.69647e+03    7.35205e+03    8.79055e+03    4.32925e+02    3.08252e+03
     Coulomb-14        LJ (SR)   Coulomb (SR)      Potential
    4.18874e+04   -5.96194e+03   -7.07065e+04   -1.24265e+04


DD  step 522499 load imb.: force 529.7%

Atom distribution over 20 domains: av 171 stddev 263 min 0 max 1004
           Step           Time
         522500     1045.00000


   Energies (kJ/mol)
           Bond          Angle    Proper Dih. Per. Imp. Dih.          LJ-14
    2.69848e+03    7.29592e+03    8.94232e+03    3.94312e+02    3.20878e+03
     Coulomb-14        LJ (SR)   Coulomb (SR)      Potential
    4.19338e+04   -6.02727e+03   -7.06903e+04   -1.22440e+04


DD  step 522999 load imb.: force 538.5%

Atom distribution over 20 domains: av 171 stddev 262 min 0 max 991
           Step           Time
         523000     1046.00000


   Energies (kJ/mol)
           Bond          Angle    Proper Dih. Per. Imp. Dih.          LJ-14
    2.65559e+03    7.32237e+03    8.90708e+03    4.32555e+02    3.17496e+03
     Coulomb-14        LJ (SR)   Coulomb (SR)      Potential
    4.20717e+04   -6.01694e+03   -7.02664e+04   -1.17191e+04


DD  step 523499 load imb.: force 524.5%

Atom distribution over 20 domains: av 171 stddev 264 min 0 max 1018
           Step           Time
         523500     1047.00000


   Energies (kJ/mol)
           Bond          Angle    Proper Dih. Per. Imp. Dih.          LJ-14
    2.76514e+03    7.15817e+03    8.93763e+03    4.24161e+02    3.17075e+03
     Coulomb-14        LJ (SR)   Coulomb (SR)      Potential
    4.20883e+04   -5.95190e+03   -7.08849e+04   -1.22926e+04


DD  step 523999 load imb.: force 540.1%

Atom distribution over 20 domains: av 171 stddev 258 min 0 max 957
           Step           Time
         524000     1048.00000


   Energies (kJ/mol)
           Bond          Angle    Proper Dih. Per. Imp. Dih.          LJ-14
    2.71454e+03    6.98484e+03    8.84677e+03    4.25844e+02    3.15050e+03
     Coulomb-14        LJ (SR)   Coulomb (SR)      Potential
    4.21299e+04   -5.95046e+03   -7.07586e+04   -1.24567e+04


DD  step 524499 load imb.: force 505.5%

Atom distribution over 20 domains: av 171 stddev 264 min 0 max 1011
           Step           Time
         524500     1049.00000


   Energies (kJ/mol)
           Bond          Angle    Proper Dih. Per. Imp. Dih.          LJ-14
    2.71884e+03    7.02353e+03    8.81804e+03    4.11969e+02    3.12274e+03
     Coulomb-14        LJ (SR)   Coulomb (SR)      Potential
    4.20337e+04   -5.90071e+03   -7.08359e+04   -1.26078e+04


DD  step 524999 load imb.: force 529.9%

Atom distribution over 20 domains: av 171 stddev 262 min 0 max 985
           Step           Time
         525000     1050.00000


   Energies (kJ/mol)
           Bond          Angle    Proper Dih. Per. Imp. Dih.          LJ-14
    2.53482e+03    7.13589e+03    8.95220e+03    4.58902e+02    3.12883e+03
     Coulomb-14        LJ (SR)   Coulomb (SR)      Potential
    4.16478e+04   -5.94816e+03   -7.03384e+04   -1.24281e+04


DD  step 525499 load imb.: force 519.3%

Atom distribution over 20 domains: av 171 stddev 268 min 0 max 1029
           Step           Time
         525500     1051.00000


   Energies (kJ/mol)
           Bond          Angle    Proper Dih. Per. Imp. Dih.          LJ-14
    2.60975e+03    7.27919e+03    8.77949e+03    4.15224e+02    3.11805e+03
     Coulomb-14        LJ (SR)   Coulomb (SR)      Potential
    4.18224e+04   -5.94916e+03   -7.03493e+04   -1.22744e+04


DD  step 525999 load imb.: force 539.0%

Atom distribution over 20 domains: av 171 stddev 266 min 0 max 1030
           Step           Time
         526000     1052.00000


   Energies (kJ/mol)
           Bond          Angle    Proper Dih. Per. Imp. Dih.          LJ-14
    2.64838e+03    7.27228e+03    8.93804e+03    4.04194e+02    3.08871e+03
     Coulomb-14        LJ (SR)   Coulomb (SR)      Potential
    4.19540e+04   -6.04056e+03   -7.05675e+04   -1.23025e+04


DD  step 526499 load imb.: force 544.8%

Atom distribution over 20 domains: av 171 stddev 266 min 0 max 1031
           Step           Time
         526500     1053.00000


   Energies (kJ/mol)
           Bond          Angle    Proper Dih. Per. Imp. Dih.          LJ-14
    2.80404e+03    7.29397e+03    8.83552e+03    4.73241e+02    3.14700e+03
     Coulomb-14        LJ (SR)   Coulomb (SR)      Potential
    4.18478e+04   -5.94556e+03   -7.03520e+04   -1.18959e+04


DD  step 526999 load imb.: force 537.6%

Atom distribution over 20 domains: av 171 stddev 265 min 0 max 1014
           Step           Time
         527000     1054.00000


   Energies (kJ/mol)
           Bond          Angle    Proper Dih. Per. Imp. Dih.          LJ-14
    2.67093e+03    7.14607e+03    8.80905e+03    3.68387e+02    3.20522e+03
     Coulomb-14        LJ (SR)   Coulomb (SR)      Potential
    4.19653e+04   -6.00534e+03   -7.03188e+04   -1.21592e+04


DD  step 527499 load imb.: force 533.4%

Atom distribution over 20 domains: av 171 stddev 264 min 0 max 1004
           Step           Time
         527500     1055.00000


   Energies (kJ/mol)
           Bond          Angle    Proper Dih. Per. Imp. Dih.          LJ-14
    2.68163e+03    7.27213e+03    8.93905e+03    4.37020e+02    3.17558e+03
     Coulomb-14        LJ (SR)   Coulomb (SR)      Potential
    4.20256e+04   -5.99213e+03   -7.04848e+04   -1.19459e+04


DD  step 527999 load imb.: force 530.7%

Atom distribution over 20 domains: av 171 stddev 264 min 0 max 982
           Step           Time
         528000     1056.00000


   Energies (kJ/mol)
           Bond          Angle    Proper Dih. Per. Imp. Dih.          LJ-14
    2.80858e+03    7.27068e+03    8.87942e+03    4.06046e+02    3.07860e+03
     Coulomb-14        LJ (SR)   Coulomb (SR)      Potential
    4.18408e+04   -6.01771e+03   -7.01781e+04   -1.19118e+04


DD  step 528499 load imb.: force 514.4%

Atom distribution over 20 domains: av 171 stddev 266 min 0 max 988
           Step           Time
         528500     1057.00000


   Energies (kJ/mol)
           Bond          Angle    Proper Dih. Per. Imp. Dih.          LJ-14
    2.60956e+03    7.59219e+03    8.74714e+03    4.53717e+02    3.17136e+03
     Coulomb-14        LJ (SR)   Coulomb (SR)      Potential
    4.18915e+04   -5.94015e+03   -7.04289e+04   -1.19036e+04


DD  step 528999 load imb.: force 524.8%

Atom distribution over 20 domains: av 171 stddev 266 min 0 max 997
           Step           Time
         529000     1058.00000


   Energies (kJ/mol)
           Bond          Angle    Proper Dih. Per. Imp. Dih.          LJ-14
    2.64834e+03    7.22758e+03    8.91323e+03    4.11852e+02    3.14927e+03
     Coulomb-14        LJ (SR)   Coulomb (SR)      Potential
    4.18382e+04   -6.00240e+03   -7.05612e+04   -1.23752e+04


DD  step 529499 load imb.: force 531.2%

Atom distribution over 20 domains: av 171 stddev 266 min 0 max 1001
           Step           Time
         529500     1059.00000


   Energies (kJ/mol)
           Bond          Angle    Proper Dih. Per. Imp. Dih.          LJ-14
    2.71832e+03    7.04098e+03    8.91244e+03    4.36509e+02    3.11924e+03
     Coulomb-14        LJ (SR)   Coulomb (SR)      Potential
    4.19361e+04   -5.91644e+03   -7.08086e+04   -1.25615e+04


DD  step 529999 load imb.: force 533.0%

Atom distribution over 20 domains: av 171 stddev 262 min 0 max 974
           Step           Time
         530000     1060.00000


   Energies (kJ/mol)
           Bond          Angle    Proper Dih. Per. Imp. Dih.          LJ-14
    2.59655e+03    7.14004e+03    8.88443e+03    4.29595e+02    3.18574e+03
     Coulomb-14        LJ (SR)   Coulomb (SR)      Potential
    4.18882e+04   -5.91714e+03   -7.05065e+04   -1.22991e+04


DD  step 530499 load imb.: force 519.6%

Atom distribution over 20 domains: av 171 stddev 260 min 0 max 952
           Step           Time
         530500     1061.00000


   Energies (kJ/mol)
           Bond          Angle    Proper Dih. Per. Imp. Dih.          LJ-14
    2.74464e+03    7.07247e+03    8.81703e+03    4.35192e+02    3.14791e+03
     Coulomb-14        LJ (SR)   Coulomb (SR)      Potential
    4.19246e+04   -5.99415e+03   -7.05322e+04   -1.23846e+04


DD  step 530999 load imb.: force 505.5%

Atom distribution over 20 domains: av 171 stddev 262 min 0 max 978
           Step           Time
         531000     1062.00000


   Energies (kJ/mol)
           Bond          Angle    Proper Dih. Per. Imp. Dih.          LJ-14
    2.69941e+03    7.19647e+03    8.89740e+03    4.24910e+02    3.12085e+03
     Coulomb-14        LJ (SR)   Coulomb (SR)      Potential
    4.19481e+04   -5.94688e+03   -7.05014e+04   -1.21612e+04


DD  step 531499 load imb.: force 526.5%

Atom distribution over 20 domains: av 171 stddev 261 min 0 max 975
           Step           Time
         531500     1063.00000


   Energies (kJ/mol)
           Bond          Angle    Proper Dih. Per. Imp. Dih.          LJ-14
    2.93380e+03    7.30582e+03    8.82936e+03    4.10491e+02    3.06895e+03
     Coulomb-14        LJ (SR)   Coulomb (SR)      Potential
    4.18685e+04   -5.99010e+03   -7.06620e+04   -1.22351e+04


DD  step 531999 load imb.: force 506.3%

Atom distribution over 20 domains: av 171 stddev 262 min 0 max 971
           Step           Time
         532000     1064.00000


   Energies (kJ/mol)
           Bond          Angle    Proper Dih. Per. Imp. Dih.          LJ-14
    2.60605e+03    7.32630e+03    8.88021e+03    4.67938e+02    3.26125e+03
     Coulomb-14        LJ (SR)   Coulomb (SR)      Potential
    4.19180e+04   -5.96469e+03   -7.05159e+04   -1.20208e+04


DD  step 532499 load imb.: force 506.8%

Atom distribution over 20 domains: av 171 stddev 263 min 0 max 974
           Step           Time
         532500     1065.00000


   Energies (kJ/mol)
           Bond          Angle    Proper Dih. Per. Imp. Dih.          LJ-14
    2.61002e+03    7.25701e+03    8.72761e+03    4.75426e+02    3.23984e+03
     Coulomb-14        LJ (SR)   Coulomb (SR)      Potential
    4.20272e+04   -5.98632e+03   -7.04034e+04   -1.20526e+04


DD  step 532999 load imb.: force 525.5%

Atom distribution over 20 domains: av 171 stddev 261 min 0 max 976
           Step           Time
         533000     1066.00000


   Energies (kJ/mol)
           Bond          Angle    Proper Dih. Per. Imp. Dih.          LJ-14
    2.63484e+03    7.34503e+03    8.76474e+03    4.60552e+02    3.19222e+03
     Coulomb-14        LJ (SR)   Coulomb (SR)      Potential
    4.17722e+04   -5.97408e+03   -7.00649e+04   -1.18694e+04


DD  step 533499 load imb.: force 511.7%

Atom distribution over 20 domains: av 171 stddev 261 min 0 max 972
           Step           Time
         533500     1067.00000


   Energies (kJ/mol)
           Bond          Angle    Proper Dih. Per. Imp. Dih.          LJ-14
    2.65554e+03    7.14547e+03    8.77055e+03    4.76830e+02    3.19017e+03
     Coulomb-14        LJ (SR)   Coulomb (SR)      Potential
    4.18459e+04   -5.90195e+03   -7.00749e+04   -1.18924e+04


DD  step 533999 load imb.: force 525.3%

Atom distribution over 20 domains: av 171 stddev 261 min 0 max 975
           Step           Time
         534000     1068.00000


   Energies (kJ/mol)
           Bond          Angle    Proper Dih. Per. Imp. Dih.          LJ-14
    2.72344e+03    7.24375e+03    8.74317e+03    4.30130e+02    3.10581e+03
     Coulomb-14        LJ (SR)   Coulomb (SR)      Potential
    4.18532e+04   -5.91314e+03   -7.00614e+04   -1.18750e+04


DD  step 534499 load imb.: force 519.7%

Atom distribution over 20 domains: av 171 stddev 257 min 0 max 953
           Step           Time
         534500     1069.00000


   Energies (kJ/mol)
           Bond          Angle    Proper Dih. Per. Imp. Dih.          LJ-14
    2.66084e+03    7.17153e+03    8.73778e+03    4.59185e+02    3.17303e+03
     Coulomb-14        LJ (SR)   Coulomb (SR)      Potential
    4.20013e+04   -5.93994e+03   -7.00969e+04   -1.18331e+04


DD  step 534999 load imb.: force 514.8%

Atom distribution over 20 domains: av 171 stddev 259 min 0 max 956
           Step           Time
         535000     1070.00000


   Energies (kJ/mol)
           Bond          Angle    Proper Dih. Per. Imp. Dih.          LJ-14
    2.60673e+03    7.36916e+03    8.76924e+03    4.00663e+02    3.10483e+03
     Coulomb-14        LJ (SR)   Coulomb (SR)      Potential
    4.20821e+04   -5.91068e+03   -7.02650e+04   -1.18429e+04


DD  step 535499 load imb.: force 512.3%

Atom distribution over 20 domains: av 171 stddev 262 min 0 max 990
           Step           Time
         535500     1071.00000


   Energies (kJ/mol)
           Bond          Angle    Proper Dih. Per. Imp. Dih.          LJ-14
    2.56745e+03    7.21218e+03    8.79884e+03    4.38052e+02    3.16741e+03
     Coulomb-14        LJ (SR)   Coulomb (SR)      Potential
    4.19224e+04   -5.82773e+03   -7.03783e+04   -1.20997e+04


DD  step 535999 load imb.: force 528.8%

Atom distribution over 20 domains: av 171 stddev 260 min 0 max 964
           Step           Time
         536000     1072.00000


   Energies (kJ/mol)
           Bond          Angle    Proper Dih. Per. Imp. Dih.          LJ-14
    2.57382e+03    7.19947e+03    8.74492e+03    4.38574e+02    3.12244e+03
     Coulomb-14        LJ (SR)   Coulomb (SR)      Potential
    4.18309e+04   -5.88328e+03   -7.03505e+04   -1.23236e+04


DD  step 536499 load imb.: force 516.7%

Atom distribution over 20 domains: av 171 stddev 258 min 0 max 951
           Step           Time
         536500     1073.00000


   Energies (kJ/mol)
           Bond          Angle    Proper Dih. Per. Imp. Dih.          LJ-14
    2.75295e+03    7.11655e+03    8.83860e+03    4.45976e+02    3.09264e+03
     Coulomb-14        LJ (SR)   Coulomb (SR)      Potential
    4.16845e+04   -5.96967e+03   -6.99602e+04   -1.19987e+04


DD  step 536999 load imb.: force 505.0%

Atom distribution over 20 domains: av 171 stddev 261 min 0 max 959
           Step           Time
         537000     1074.00000


   Energies (kJ/mol)
           Bond          Angle    Proper Dih. Per. Imp. Dih.          LJ-14
    2.68658e+03    6.91723e+03    8.84962e+03    4.21922e+02    3.24061e+03
     Coulomb-14        LJ (SR)   Coulomb (SR)      Potential
    4.20231e+04   -6.04538e+03   -7.00640e+04   -1.19703e+04


DD  step 537499 load imb.: force 514.3%

Atom distribution over 20 domains: av 171 stddev 256 min 0 max 924
           Step           Time
         537500     1075.00000


   Energies (kJ/mol)
           Bond          Angle    Proper Dih. Per. Imp. Dih.          LJ-14
    2.68334e+03    7.20924e+03    8.80029e+03    4.43491e+02    3.23977e+03
     Coulomb-14        LJ (SR)   Coulomb (SR)      Potential
    4.20009e+04   -5.96741e+03   -7.03803e+04   -1.19706e+04


DD  step 537999 load imb.: force 492.2%

Atom distribution over 20 domains: av 171 stddev 256 min 0 max 922
           Step           Time
         538000     1076.00000


   Energies (kJ/mol)
           Bond          Angle    Proper Dih. Per. Imp. Dih.          LJ-14
    2.72470e+03    7.29693e+03    8.77929e+03    4.91816e+02    3.17507e+03
     Coulomb-14        LJ (SR)   Coulomb (SR)      Potential
    4.20375e+04   -5.93246e+03   -7.04508e+04   -1.18780e+04


DD  step 538499 load imb.: force 501.6%

Atom distribution over 20 domains: av 171 stddev 257 min 0 max 924
           Step           Time
         538500     1077.00000


   Energies (kJ/mol)
           Bond          Angle    Proper Dih. Per. Imp. Dih.          LJ-14
    2.70214e+03    7.44339e+03    8.78847e+03    4.39050e+02    3.19114e+03
     Coulomb-14        LJ (SR)   Coulomb (SR)      Potential
    4.21326e+04   -5.93365e+03   -7.04328e+04   -1.16697e+04


DD  step 538999 load imb.: force 500.6%

Atom distribution over 20 domains: av 171 stddev 259 min 0 max 941
           Step           Time
         539000     1078.00000


   Energies (kJ/mol)
           Bond          Angle    Proper Dih. Per. Imp. Dih.          LJ-14
    2.52339e+03    7.13762e+03    8.86806e+03    4.57933e+02    3.13960e+03
     Coulomb-14        LJ (SR)   Coulomb (SR)      Potential
    4.20136e+04   -5.94440e+03   -7.05751e+04   -1.23792e+04


DD  step 539499 load imb.: force 508.9%

Atom distribution over 20 domains: av 171 stddev 255 min 0 max 913
           Step           Time
         539500     1079.00000


   Energies (kJ/mol)
           Bond          Angle    Proper Dih. Per. Imp. Dih.          LJ-14
    2.72833e+03    7.12979e+03    8.90087e+03    4.96854e+02    3.13960e+03
     Coulomb-14        LJ (SR)   Coulomb (SR)      Potential
    4.18547e+04   -5.91405e+03   -7.05712e+04   -1.22351e+04


DD  step 539999 load imb.: force 495.1%

Atom distribution over 20 domains: av 171 stddev 257 min 0 max 935
           Step           Time
         540000     1080.00000


   Energies (kJ/mol)
           Bond          Angle    Proper Dih. Per. Imp. Dih.          LJ-14
    2.86127e+03    7.13400e+03    8.88285e+03    4.15175e+02    3.10144e+03
     Coulomb-14        LJ (SR)   Coulomb (SR)      Potential
    4.18658e+04   -5.83274e+03   -7.05353e+04   -1.21075e+04


DD  step 540499 load imb.: force 502.9%

Atom distribution over 20 domains: av 171 stddev 256 min 0 max 911
           Step           Time
         540500     1081.00000


   Energies (kJ/mol)
           Bond          Angle    Proper Dih. Per. Imp. Dih.          LJ-14
    2.60264e+03    7.16464e+03    8.92501e+03    4.21088e+02    3.13166e+03
     Coulomb-14        LJ (SR)   Coulomb (SR)      Potential
    4.17981e+04   -5.86158e+03   -7.05524e+04   -1.23708e+04


DD  step 540999 load imb.: force 490.9%

Atom distribution over 20 domains: av 171 stddev 255 min 0 max 914
           Step           Time
         541000     1082.00000


   Energies (kJ/mol)
           Bond          Angle    Proper Dih. Per. Imp. Dih.          LJ-14
    2.65532e+03    7.40383e+03    8.80159e+03    4.05419e+02    3.15553e+03
     Coulomb-14        LJ (SR)   Coulomb (SR)      Potential
    4.19672e+04   -5.93263e+03   -7.03280e+04   -1.18718e+04


DD  step 541499 load imb.: force 495.2%

Atom distribution over 20 domains: av 171 stddev 251 min 0 max 896
           Step           Time
         541500     1083.00000


   Energies (kJ/mol)
           Bond          Angle    Proper Dih. Per. Imp. Dih.          LJ-14
    2.57871e+03    7.47872e+03    8.86658e+03    4.37835e+02    3.19238e+03
     Coulomb-14        LJ (SR)   Coulomb (SR)      Potential
    4.18158e+04   -5.84933e+03   -7.04281e+04   -1.19075e+04


DD  step 541999 load imb.: force 471.9%

Atom distribution over 20 domains: av 171 stddev 252 min 0 max 920
           Step           Time
         542000     1084.00000


   Energies (kJ/mol)
           Bond          Angle    Proper Dih. Per. Imp. Dih.          LJ-14
    2.48382e+03    7.11371e+03    8.83981e+03    4.25434e+02    3.30156e+03
     Coulomb-14        LJ (SR)   Coulomb (SR)      Potential
    4.19052e+04   -5.79691e+03   -7.04023e+04   -1.21296e+04


DD  step 542499 load imb.: force 490.4%

Atom distribution over 20 domains: av 171 stddev 252 min 0 max 904
           Step           Time
         542500     1085.00000


   Energies (kJ/mol)
           Bond          Angle    Proper Dih. Per. Imp. Dih.          LJ-14
    2.72481e+03    7.19905e+03    8.82251e+03    4.41145e+02    3.20007e+03
     Coulomb-14        LJ (SR)   Coulomb (SR)      Potential
    4.20629e+04   -5.86121e+03   -7.05794e+04   -1.19901e+04


DD  step 542999 load imb.: force 477.9%

Atom distribution over 20 domains: av 171 stddev 248 min 0 max 889
           Step           Time
         543000     1086.00000


   Energies (kJ/mol)
           Bond          Angle    Proper Dih. Per. Imp. Dih.          LJ-14
    2.50775e+03    7.33359e+03    8.88771e+03    4.22696e+02    3.05543e+03
     Coulomb-14        LJ (SR)   Coulomb (SR)      Potential
    4.18587e+04   -5.95730e+03   -7.06906e+04   -1.25820e+04


DD  step 543499 load imb.: force 469.9%

Atom distribution over 20 domains: av 171 stddev 252 min 0 max 918
           Step           Time
         543500     1087.00000


   Energies (kJ/mol)
           Bond          Angle    Proper Dih. Per. Imp. Dih.          LJ-14
    2.75237e+03    7.32501e+03    8.87302e+03    4.36425e+02    3.11830e+03
     Coulomb-14        LJ (SR)   Coulomb (SR)      Potential
    4.20553e+04   -5.93924e+03   -7.07764e+04   -1.21553e+04


DD  step 543999 load imb.: force 491.7%

Atom distribution over 20 domains: av 171 stddev 253 min 0 max 928
           Step           Time
         544000     1088.00000


   Energies (kJ/mol)
           Bond          Angle    Proper Dih. Per. Imp. Dih.          LJ-14
    2.67147e+03    7.59732e+03    8.94191e+03    4.32126e+02    3.11387e+03
     Coulomb-14        LJ (SR)   Coulomb (SR)      Potential
    4.18319e+04   -5.89077e+03   -7.04076e+04   -1.17098e+04


DD  step 544499 load imb.: force 504.1%

Atom distribution over 20 domains: av 171 stddev 259 min 0 max 965
           Step           Time
         544500     1089.00000


   Energies (kJ/mol)
           Bond          Angle    Proper Dih. Per. Imp. Dih.          LJ-14
    2.79026e+03    7.41740e+03    8.78660e+03    3.75713e+02    3.09407e+03
     Coulomb-14        LJ (SR)   Coulomb (SR)      Potential
    4.16859e+04   -5.83709e+03   -7.05217e+04   -1.22088e+04


DD  step 544999 load imb.: force 522.0%

Atom distribution over 20 domains: av 171 stddev 255 min 0 max 935
           Step           Time
         545000     1090.00000


   Energies (kJ/mol)
           Bond          Angle    Proper Dih. Per. Imp. Dih.          LJ-14
    2.60052e+03    7.11993e+03    8.80311e+03    3.83777e+02    3.13009e+03
     Coulomb-14        LJ (SR)   Coulomb (SR)      Potential
    4.20663e+04   -5.85981e+03   -7.07917e+04   -1.25478e+04


DD  step 545499 load imb.: force 500.1%

Atom distribution over 20 domains: av 171 stddev 257 min 0 max 952
           Step           Time
         545500     1091.00000


   Energies (kJ/mol)
           Bond          Angle    Proper Dih. Per. Imp. Dih.          LJ-14
    2.59631e+03    7.37468e+03    8.76560e+03    4.49758e+02    3.09554e+03
     Coulomb-14        LJ (SR)   Coulomb (SR)      Potential
    4.19083e+04   -6.06306e+03   -7.05793e+04   -1.24522e+04


DD  step 545999 load imb.: force 520.8%

Atom distribution over 20 domains: av 171 stddev 254 min 0 max 921
           Step           Time
         546000     1092.00000


   Energies (kJ/mol)
           Bond          Angle    Proper Dih. Per. Imp. Dih.          LJ-14
    2.55226e+03    7.25843e+03    8.85045e+03    3.92157e+02    3.10218e+03
     Coulomb-14        LJ (SR)   Coulomb (SR)      Potential
    4.19311e+04   -5.90163e+03   -7.06271e+04   -1.24422e+04


DD  step 546499 load imb.: force 503.1%

Atom distribution over 20 domains: av 171 stddev 254 min 0 max 928
           Step           Time
         546500     1093.00000


   Energies (kJ/mol)
           Bond          Angle    Proper Dih. Per. Imp. Dih.          LJ-14
    2.61596e+03    7.18185e+03    8.82617e+03    4.04268e+02    3.13478e+03
     Coulomb-14        LJ (SR)   Coulomb (SR)      Potential
    4.18400e+04   -5.88844e+03   -7.04728e+04   -1.23583e+04


DD  step 546999 load imb.: force 499.1%

Atom distribution over 20 domains: av 171 stddev 260 min 0 max 949
           Step           Time
         547000     1094.00000


   Energies (kJ/mol)
           Bond          Angle    Proper Dih. Per. Imp. Dih.          LJ-14
    2.59781e+03    7.35907e+03    8.84767e+03    4.53682e+02    3.15105e+03
     Coulomb-14        LJ (SR)   Coulomb (SR)      Potential
    4.16604e+04   -5.94521e+03   -7.04306e+04   -1.23061e+04


DD  step 547499 load imb.: force 505.2%

Atom distribution over 20 domains: av 171 stddev 260 min 0 max 954
           Step           Time
         547500     1095.00000


   Energies (kJ/mol)
           Bond          Angle    Proper Dih. Per. Imp. Dih.          LJ-14
    2.53687e+03    7.02867e+03    8.75603e+03    4.37686e+02    3.17323e+03
     Coulomb-14        LJ (SR)   Coulomb (SR)      Potential
    4.22117e+04   -5.82718e+03   -7.08192e+04   -1.25022e+04


DD  step 547999 load imb.: force 511.2%

Atom distribution over 20 domains: av 171 stddev 260 min 0 max 958
           Step           Time
         548000     1096.00000


   Energies (kJ/mol)
           Bond          Angle    Proper Dih. Per. Imp. Dih.          LJ-14
    2.69107e+03    7.16579e+03    8.99091e+03    4.54990e+02    3.05643e+03
     Coulomb-14        LJ (SR)   Coulomb (SR)      Potential
    4.18264e+04   -5.91371e+03   -7.05809e+04   -1.23090e+04


DD  step 548499 load imb.: force 513.2%

Atom distribution over 20 domains: av 171 stddev 257 min 0 max 943
           Step           Time
         548500     1097.00000


   Energies (kJ/mol)
           Bond          Angle    Proper Dih. Per. Imp. Dih.          LJ-14
    2.59746e+03    7.13887e+03    8.90720e+03    3.86749e+02    3.17772e+03
     Coulomb-14        LJ (SR)   Coulomb (SR)      Potential
    4.21099e+04   -5.87682e+03   -7.04790e+04   -1.20379e+04


DD  step 548999 load imb.: force 498.9%

Atom distribution over 20 domains: av 171 stddev 259 min 0 max 945
           Step           Time
         549000     1098.00000


   Energies (kJ/mol)
           Bond          Angle    Proper Dih. Per. Imp. Dih.          LJ-14
    2.71450e+03    7.41705e+03    8.96614e+03    4.73581e+02    3.12686e+03
     Coulomb-14        LJ (SR)   Coulomb (SR)      Potential
    4.17208e+04   -5.85834e+03   -7.04069e+04   -1.18463e+04


DD  step 549499 load imb.: force 504.4%

Atom distribution over 20 domains: av 171 stddev 259 min 0 max 955
           Step           Time
         549500     1099.00000


   Energies (kJ/mol)
           Bond          Angle    Proper Dih. Per. Imp. Dih.          LJ-14
    2.57152e+03    7.42955e+03    8.82365e+03    4.50240e+02    3.12874e+03
     Coulomb-14        LJ (SR)   Coulomb (SR)      Potential
    4.19486e+04   -5.85818e+03   -7.03783e+04   -1.18841e+04


DD  step 549999 load imb.: force 514.8%

Atom distribution over 20 domains: av 171 stddev 259 min 0 max 957
           Step           Time
         550000     1100.00000


   Energies (kJ/mol)
           Bond          Angle    Proper Dih. Per. Imp. Dih.          LJ-14
    2.70345e+03    7.38173e+03    8.83190e+03    4.02936e+02    3.10804e+03
     Coulomb-14        LJ (SR)   Coulomb (SR)      Potential
    4.15314e+04   -5.82983e+03   -7.04612e+04   -1.23316e+04


DD  step 550499 load imb.: force 509.6%

Atom distribution over 20 domains: av 171 stddev 260 min 0 max 971
           Step           Time
         550500     1101.00000


   Energies (kJ/mol)
           Bond          Angle    Proper Dih. Per. Imp. Dih.          LJ-14
    2.76506e+03    7.33258e+03    8.71483e+03    3.88492e+02    3.16143e+03
     Coulomb-14        LJ (SR)   Coulomb (SR)      Potential
    4.16254e+04   -5.88564e+03   -7.06734e+04   -1.25713e+04


DD  step 550999 load imb.: force 530.8%

Atom distribution over 20 domains: av 171 stddev 258 min 0 max 959
           Step           Time
         551000     1102.00000


   Energies (kJ/mol)
           Bond          Angle    Proper Dih. Per. Imp. Dih.          LJ-14
    2.62445e+03    7.42611e+03    8.79010e+03    4.02565e+02    3.14784e+03
     Coulomb-14        LJ (SR)   Coulomb (SR)      Potential
    4.18476e+04   -5.91195e+03   -7.08289e+04   -1.25021e+04


DD  step 551499 load imb.: force 511.3%

Atom distribution over 20 domains: av 171 stddev 260 min 0 max 968
           Step           Time
         551500     1103.00000


   Energies (kJ/mol)
           Bond          Angle    Proper Dih. Per. Imp. Dih.          LJ-14
    2.73541e+03    7.47649e+03    8.85067e+03    4.82352e+02    3.15034e+03
     Coulomb-14        LJ (SR)   Coulomb (SR)      Potential
    4.16902e+04   -5.98500e+03   -7.02955e+04   -1.18950e+04


DD  step 551999 load imb.: force 513.8%

Atom distribution over 20 domains: av 171 stddev 257 min 0 max 952
           Step           Time
         552000     1104.00000


   Energies (kJ/mol)
           Bond          Angle    Proper Dih. Per. Imp. Dih.          LJ-14
    2.71186e+03    7.04376e+03    8.90115e+03    4.32061e+02    3.18083e+03
     Coulomb-14        LJ (SR)   Coulomb (SR)      Potential
    4.18252e+04   -5.88225e+03   -7.05192e+04   -1.23065e+04


DD  step 552499 load imb.: force 515.0%

Atom distribution over 20 domains: av 171 stddev 253 min 0 max 920
           Step           Time
         552500     1105.00000


   Energies (kJ/mol)
           Bond          Angle    Proper Dih. Per. Imp. Dih.          LJ-14
    2.60534e+03    7.45277e+03    8.90751e+03    4.14575e+02    3.19363e+03
     Coulomb-14        LJ (SR)   Coulomb (SR)      Potential
    4.17212e+04   -5.95822e+03   -7.05956e+04   -1.22589e+04


DD  step 552999 load imb.: force 495.5%

Atom distribution over 20 domains: av 171 stddev 252 min 0 max 907
           Step           Time
         553000     1106.00000


   Energies (kJ/mol)
           Bond          Angle    Proper Dih. Per. Imp. Dih.          LJ-14
    2.55626e+03    7.33633e+03    8.84661e+03    4.19870e+02    3.13162e+03
     Coulomb-14        LJ (SR)   Coulomb (SR)      Potential
    4.19634e+04   -5.89852e+03   -7.06489e+04   -1.22933e+04


DD  step 553499 load imb.: force 474.2%

Atom distribution over 20 domains: av 171 stddev 253 min 0 max 909
           Step           Time
         553500     1107.00000


   Energies (kJ/mol)
           Bond          Angle    Proper Dih. Per. Imp. Dih.          LJ-14
    2.62633e+03    7.20987e+03    8.83762e+03    3.89685e+02    3.19880e+03
     Coulomb-14        LJ (SR)   Coulomb (SR)      Potential
    4.19395e+04   -5.97926e+03   -7.03910e+04   -1.21685e+04


DD  step 553999 load imb.: force 489.6%

Atom distribution over 20 domains: av 171 stddev 250 min 0 max 903
           Step           Time
         554000     1108.00000


   Energies (kJ/mol)
           Bond          Angle    Proper Dih. Per. Imp. Dih.          LJ-14
    2.67618e+03    7.17122e+03    8.89140e+03    4.15492e+02    3.15468e+03
     Coulomb-14        LJ (SR)   Coulomb (SR)      Potential
    4.22251e+04   -5.87873e+03   -7.09740e+04   -1.23186e+04


DD  step 554499 load imb.: force 484.8%

Atom distribution over 20 domains: av 171 stddev 245 min 0 max 856
           Step           Time
         554500     1109.00000


   Energies (kJ/mol)
           Bond          Angle    Proper Dih. Per. Imp. Dih.          LJ-14
    2.57724e+03    7.20734e+03    8.76000e+03    4.44378e+02    3.13317e+03
     Coulomb-14        LJ (SR)   Coulomb (SR)      Potential
    4.19015e+04   -5.70945e+03   -7.06533e+04   -1.23391e+04


DD  step 554999 load imb.: force 466.0%

Atom distribution over 20 domains: av 171 stddev 245 min 0 max 857
           Step           Time
         555000     1110.00000


   Energies (kJ/mol)
           Bond          Angle    Proper Dih. Per. Imp. Dih.          LJ-14
    2.77591e+03    7.09916e+03    8.80230e+03    4.06820e+02    3.12441e+03
     Coulomb-14        LJ (SR)   Coulomb (SR)      Potential
    4.19329e+04   -5.96624e+03   -7.07823e+04   -1.26070e+04


DD  step 555499 load imb.: force 468.1%

Atom distribution over 20 domains: av 171 stddev 248 min 0 max 891
           Step           Time
         555500     1111.00000


   Energies (kJ/mol)
           Bond          Angle    Proper Dih. Per. Imp. Dih.          LJ-14
    2.73142e+03    7.20752e+03    8.81511e+03    3.92610e+02    3.15051e+03
     Coulomb-14        LJ (SR)   Coulomb (SR)      Potential
    4.16996e+04   -5.93271e+03   -7.02752e+04   -1.22111e+04


DD  step 555999 load imb.: force 473.0%

Atom distribution over 20 domains: av 171 stddev 248 min 0 max 862
           Step           Time
         556000     1112.00000


   Energies (kJ/mol)
           Bond          Angle    Proper Dih. Per. Imp. Dih.          LJ-14
    2.70242e+03    7.32758e+03    8.89478e+03    4.25682e+02    3.11822e+03
     Coulomb-14        LJ (SR)   Coulomb (SR)      Potential
    4.19009e+04   -5.96280e+03   -7.03082e+04   -1.19015e+04


	M E G A - F L O P S   A C C O U N T I N G

 NB=Group-cutoff nonbonded kernels    NxN=N-by-N cluster Verlet kernels
 RF=Reaction-Field  VdW=Van der Waals  QSTab=quadratic-spline table
 W3=SPC/TIP3p  W4=TIP4p (single or pairs)
 V&F=Potential and force  V=Potential only  F=Force only

 Computing:                               M-Number         M-Flops  % Flops
-----------------------------------------------------------------------------
 Pair Search distance check             764.579638        6881.217     8.8
 NxN RF Elec. + LJ [V&F]               1164.184368       62865.956    80.8
 NxN RF Electrostatics [V&F]             83.798544        3016.748     3.9
 1,4 nonbonded interactions              10.053729         904.836     1.2
 CG-CoM                                   3.814336          11.443     0.0
 Bonds                                    3.829833         225.960     0.3
 Angles                                   6.972945        1171.455     1.5
 Propers                                 10.920756        2500.853     3.2
 Impropers                                0.680043         141.449     0.2
 Virial                                   4.812612          86.627     0.1
-----------------------------------------------------------------------------
 Total                                                   77806.543   100.0
-----------------------------------------------------------------------------


    D O M A I N   D E C O M P O S I T I O N   S T A T I S T I C S

 av. #atoms communicated per step for force:  2 x 5617.2


Dynamic load balancing report:
 DLB got disabled because it was unsuitable to use.
 Average load imbalance: 364.4%.
 The balanceable part of the MD step is 7%, load imbalance is computed from this.
 Part of the total run time spent waiting due to load imbalance: 25.6%.

NOTE: 25.6 % of the available CPU time was lost due to load imbalance
      in the domain decomposition.
      You can consider manually changing the decomposition (option -dd);
      e.g. by using fewer domains along the box dimension in which there is
      considerable inhomogeneity in the simulated system.

      R E A L   C Y C L E   A N D   T I M E   A C C O U N T I N G

On 20 MPI ranks

 Activity:              Num   Num      Call    Wall time         Giga-Cycles
                        Ranks Threads  Count      (s)         total sum    %
--------------------------------------------------------------------------------
 Domain decomp.           20    1       1113       0.467         27.269  13.6
 DD comm. load            20    1       1112       0.003          0.148   0.1
 Neighbor search          20    1       1113       0.301         17.570   8.7
 Force                    20    1       1113       0.239         13.959   6.9
 Wait + Comm. F           20    1       1113       1.101         64.261  32.0
 NB X/F buffer ops.       20    1       2226       0.005          0.303   0.2
 Comm. energies           20    1       1113       1.169         68.210  33.9
 Rest                                              0.160          9.339   4.6
--------------------------------------------------------------------------------
 Total                                             3.445        201.058 100.0
--------------------------------------------------------------------------------

NOTE: 14 % of the run time was spent in domain decomposition,
      9 % of the run time was spent in pair search,
      you might want to increase nstlist (this has no effect on accuracy)

NOTE: 34 % of the run time was spent communicating energies,
      you might want to increase some nst* mdp options

               Core t (s)   Wall t (s)        (%)
       Time:       68.893        3.445     2000.0
                 (ns/day)    (hour/ns)
Performance:    13945.653        0.002
Finished mdrun on rank 0 Sun Dec 21 16:38:14 2025

